station_id,station_name,distance_km,temperature,water_level,ec,salinity,do,time,date
HCM02,Cát Lái,58.0,28.9,0.029,9.78,5.26,7.48,00:00:00,2024-01-11
HCM02,Cát Lái,58.0,28.46,-0.018,8.11,4.95,7.19,00:30:00,2024-01-11
HCM02,Cát Lái,58.0,29.11,0.055,8.73,5.02,7.85,01:00:00,2024-01-11
HCM02,Cát Lái,58.0,27.96,0.008,10.88,5.9,6.88,01:30:00,2024-01-11
HCM02,Cát Lái,58.0,28.75,0.046,6.77,5.26,6.74,02:00:00,2024-01-11
HCM02,Cát Lái,58.0,28.62,0.071,9.5,5.81,7.67,02:30:00,2024-01-11
HCM02,Cát Lái,58.0,27.43,0.093,10.08,5.88,7.83,03:00:00,2024-01-11
HCM02,Cát Lái,58.0,28.26,0.066,10.63,6.04,8.15,03:30:00,2024-01-11
HCM02,Cát Lái,58.0,29.25,0.05,8.4,5.48,5.94,04:00:00,2024-01-11
HCM02,Cát Lái,58.0,28.61,0.068,10.23,6.01,8.09,04:30:00,2024-01-11
HCM02,Cát Lái,58.0,28.01,0.045,9.07,5.81,6.77,05:00:00,2024-01-11
HCM02,Cát Lái,58.0,28.57,0.055,8.78,5.36,7.17,05:30:00,2024-01-11
HCM02,Cát Lái,58.0,29.31,0.033,7.7,5.43,6.88,06:00:00,2024-01-11
HCM02,Cát Lái,58.0,29.13,0.048,8.97,5.29,7.94,06:30:00,2024-01-11
HCM02,Cát Lái,58.0,28.44,0.065,9.09,6.01,7.02,07:00:00,2024-01-11
HCM02,Cát Lái,58.0,28.03,0.057,9.88,6.11,7.65,07:30:00,2024-01-11
HCM02,Cát Lái,58.0,29.34,0.052,8.68,5.44,7.45,08:00:00,2024-01-11
HCM02,Cát Lái,58.0,28.86,0.037,9.24,5.28,7.45,08:30:00,2024-01-11
HCM02,Cát Lái,58.0,29.49,0.071,8.38,6.25,7.41,09:00:00,2024-01-11
HCM02,Cát Lái,58.0,28.71,0.006,10.62,6.71,7.06,09:30:00,2024-01-11
HCM02,Cát Lái,58.0,27.87,-0.012,10.3,5.57,7.56,10:00:00,2024-01-11
HCM02,Cát Lái,58.0,28.72,0.036,5.39,4.89,6.97,10:30:00,2024-01-11
HCM02,Cát Lái,58.0,27.6,0.041,12.69,7.03,6.94,11:00:00,2024-01-11
HCM02,Cát Lái,58.0,29.74,-0.021,9.12,5.45,7.1,11:30:00,2024-01-11
HCM02,Cát Lái,58.0,28.22,0.009,7.47,5.0,6.38,12:00:00,2024-01-11
HCM02,Cát Lái,58.0,29.04,0.022,6.5,4.88,7.3,12:30:00,2024-01-11
HCM02,Cát Lái,58.0,28.58,-0.019,7.97,4.83,7.38,13:00:00,2024-01-11
HCM02,Cát Lái,58.0,27.34,0.037,6.1,4.66,6.88,13:30:00,2024-01-11
HCM02,Cát Lái,58.0,28.4,0.048,6.56,4.47,5.97,14:00:00,2024-01-11
HCM02,Cát Lái,58.0,29.89,-0.107,5.44,3.9,7.39,14:30:00,2024-01-11
HCM02,Cát Lái,58.0,28.78,0.013,5.32,3.95,7.31,15:00:00,2024-01-11
HCM02,Cát Lái,58.0,29.85,-0.06,7.66,4.59,7.67,15:30:00,2024-01-11
HCM02,Cát Lái,58.0,28.58,-0.103,5.16,4.22,7.34,16:00:00,2024-01-11
HCM02,Cát Lái,58.0,28.46,-0.029,7.16,3.87,7.37,16:30:00,2024-01-11
HCM02,Cát Lái,58.0,27.47,0.011,5.93,4.37,7.04,17:00:00,2024-01-11
HCM02,Cát Lái,58.0,27.48,-0.016,6.69,4.17,6.89,17:30:00,2024-01-11
HCM02,Cát Lái,58.0,27.81,-0.046,5.16,3.78,7.33,18:00:00,2024-01-11
HCM02,Cát Lái,58.0,27.77,-0.088,5.86,3.99,6.84,18:30:00,2024-01-11
HCM02,Cát Lái,58.0,28.32,-0.026,8.47,4.36,6.79,19:00:00,2024-01-11
HCM02,Cát Lái,58.0,29.48,-0.04,5.65,4.11,8.04,19:30:00,2024-01-11
HCM02,Cát Lái,58.0,29.25,-0.017,6.87,4.3,7.71,20:00:00,2024-01-11
HCM02,Cát Lái,58.0,28.8,-0.054,6.06,4.0,7.98,20:30:00,2024-01-11
HCM02,Cát Lái,58.0,28.5,-0.013,5.89,3.81,7.08,21:00:00,2024-01-11
HCM02,Cát Lái,58.0,28.45,0.044,5.88,3.97,7.69,21:30:00,2024-01-11
HCM02,Cát Lái,58.0,29.19,-0.045,8.66,4.68,8.02,22:00:00,2024-01-11
HCM02,Cát Lái,58.0,28.12,-0.092,7.18,4.62,6.98,22:30:00,2024-01-11
HCM02,Cát Lái,58.0,27.85,0.022,7.09,5.02,7.3,23:00:00,2024-01-11
HCM02,Cát Lái,58.0,27.85,0.017,9.13,5.9,7.37,23:30:00,2024-01-11
HCM04,Long Đại,80.0,28.84,0.025,1.34,0.89,7.81,00:00:00,2024-01-11
HCM04,Long Đại,80.0,30.6,-0.007,1.04,0.76,8.24,00:30:00,2024-01-11
HCM04,Long Đại,80.0,28.15,0.051,1.18,0.9,6.74,01:00:00,2024-01-11
HCM04,Long Đại,80.0,27.74,0.034,1.5,0.97,7.74,01:30:00,2024-01-11
HCM04,Long Đại,80.0,27.85,0.066,2.4,1.54,7.9,02:00:00,2024-01-11
HCM04,Long Đại,80.0,27.74,0.034,3.08,1.69,7.84,02:30:00,2024-01-11
HCM04,Long Đại,80.0,28.89,-0.007,2.02,1.11,7.58,03:00:00,2024-01-11
HCM04,Long Đại,80.0,28.29,0.031,1.94,1.3,7.44,03:30:00,2024-01-11
HCM04,Long Đại,80.0,28.84,0.08,2.09,1.34,8.27,04:00:00,2024-01-11
HCM04,Long Đại,80.0,29.72,0.052,1.1,0.71,7.59,04:30:00,2024-01-11
HCM04,Long Đại,80.0,29.2,0.02,2.58,1.69,8.94,05:00:00,2024-01-11
HCM04,Long Đại,80.0,28.68,0.075,3.03,1.67,7.57,05:30:00,2024-01-11
HCM04,Long Đại,80.0,29.03,0.024,1.05,0.95,7.8,06:00:00,2024-01-11
HCM04,Long Đại,80.0,27.53,0.068,1.5,1.02,7.87,06:30:00,2024-01-11
HCM04,Long Đại,80.0,29.28,0.019,1.62,1.04,8.08,07:00:00,2024-01-11
HCM04,Long Đại,80.0,29.52,0.074,1.55,0.86,7.42,07:30:00,2024-01-11
HCM04,Long Đại,80.0,28.56,0.033,2.15,1.24,7.97,08:00:00,2024-01-11
HCM04,Long Đại,80.0,28.53,0.086,1.25,1.05,7.89,08:30:00,2024-01-11
HCM04,Long Đại,80.0,29.6,0.023,1.3,0.76,6.38,09:00:00,2024-01-11
HCM04,Long Đại,80.0,30.34,0.04,2.55,1.49,7.4,09:30:00,2024-01-11
HCM04,Long Đại,80.0,27.79,0.07,2.17,1.02,7.71,10:00:00,2024-01-11
HCM04,Long Đại,80.0,28.79,0.064,1.8,1.49,7.41,10:30:00,2024-01-11
HCM04,Long Đại,80.0,27.0,0.021,1.02,0.78,7.66,11:00:00,2024-01-11
HCM04,Long Đại,80.0,28.06,0.055,1.64,1.06,6.78,11:30:00,2024-01-11
HCM04,Long Đại,80.0,29.19,-0.03,1.55,1.02,7.93,12:00:00,2024-01-11
HCM04,Long Đại,80.0,28.46,0.017,1.49,0.8,7.02,12:30:00,2024-01-11
HCM04,Long Đại,80.0,28.83,-0.044,0.92,0.43,7.38,13:00:00,2024-01-11
HCM04,Long Đại,80.0,28.63,-0.015,2.46,1.39,7.21,13:30:00,2024-01-11
HCM04,Long Đại,80.0,29.56,-0.043,0.29,0.13,7.71,14:00:00,2024-01-11
HCM04,Long Đại,80.0,27.97,-0.015,0.96,0.63,6.77,14:30:00,2024-01-11
HCM04,Long Đại,80.0,28.49,-0.029,1.0,0.5,7.83,15:00:00,2024-01-11
HCM04,Long Đại,80.0,28.45,-0.067,1.49,0.82,6.92,15:30:00,2024-01-11
HCM04,Long Đại,80.0,28.85,-0.061,1.01,0.72,6.73,16:00:00,2024-01-11
HCM04,Long Đại,80.0,28.03,-0.017,1.2,0.92,7.57,16:30:00,2024-01-11
HCM04,Long Đại,80.0,28.78,-0.061,2.03,1.16,7.23,17:00:00,2024-01-11
HCM04,Long Đại,80.0,30.28,-0.028,0.84,0.66,7.53,17:30:00,2024-01-11
HCM04,Long Đại,80.0,26.73,-0.11,1.27,0.88,8.38,18:00:00,2024-01-11
HCM04,Long Đại,80.0,28.79,-0.026,1.27,0.83,7.25,18:30:00,2024-01-11
HCM04,Long Đại,80.0,28.54,-0.093,0.89,0.48,7.9,19:00:00,2024-01-11
HCM04,Long Đại,80.0,28.25,-0.063,1.28,0.92,7.86,19:30:00,2024-01-11
HCM04,Long Đại,80.0,29.25,-0.064,0.63,0.47,7.36,20:00:00,2024-01-11
HCM04,Long Đại,80.0,29.08,-0.033,1.3,1.06,6.68,20:30:00,2024-01-11
HCM04,Long Đại,80.0,28.74,-0.067,1.55,0.91,7.34,21:00:00,2024-01-11
HCM04,Long Đại,80.0,27.47,-0.031,1.29,0.88,7.93,21:30:00,2024-01-11
HCM04,Long Đại,80.0,27.22,-0.016,1.81,0.94,6.17,22:00:00,2024-01-11
HCM04,Long Đại,80.0,28.82,-0.007,1.63,1.14,7.63,22:30:00,2024-01-11
HCM04,Long Đại,80.0,27.77,-0.03,1.26,0.84,8.61,23:00:00,2024-01-11
HCM04,Long Đại,80.0,28.52,0.014,1.02,0.69,7.31,23:30:00,2024-01-11
HCM03,Lý Nhơn,7.0,28.29,-0.037,22.72,12.44,7.14,00:00:00,2024-01-11
HCM03,Lý Nhơn,7.0,27.77,0.035,21.3,12.12,6.93,00:30:00,2024-01-11
HCM03,Lý Nhơn,7.0,27.76,0.008,23.63,14.73,6.91,01:00:00,2024-01-11
HCM03,Lý Nhơn,7.0,28.8,0.021,21.64,12.48,6.73,01:30:00,2024-01-11
HCM03,Lý Nhơn,7.0,28.48,0.045,26.67,17.79,7.17,02:00:00,2024-01-11
HCM03,Lý Nhơn,7.0,27.86,0.047,22.98,18.12,7.27,02:30:00,2024-01-11
HCM03,Lý Nhơn,7.0,28.15,-0.027,33.51,18.63,7.02,03:00:00,2024-01-11
HCM03,Lý Nhơn,7.0,27.81,0.048,24.1,16.92,6.37,03:30:00,2024-01-11
HCM03,Lý Nhơn,7.0,27.42,0.008,22.56,16.74,6.92,04:00:00,2024-01-11
HCM03,Lý Nhơn,7.0,27.71,0.005,28.52,15.0,7.2,04:30:00,2024-01-11
HCM03,Lý Nhơn,7.0,27.53,0.114,19.47,13.71,6.65,05:00:00,2024-01-11
HCM03,Lý Nhơn,7.0,29.94,0.068,27.01,16.77,6.61,05:30:00,2024-01-11
HCM03,Lý Nhơn,7.0,29.53,0.024,24.58,14.95,7.16,06:00:00,2024-01-11
HCM03,Lý Nhơn,7.0,28.73,0.074,25.35,17.81,6.24,06:30:00,2024-01-11
HCM03,Lý Nhơn,7.0,28.79,0.049,26.79,16.45,6.13,07:00:00,2024-01-11
HCM03,Lý Nhơn,7.0,29.06,0.035,20.32,17.05,6.7,07:30:00,2024-01-11
HCM03,Lý Nhơn,7.0,28.52,-0.004,23.29,15.81,7.01,08:00:00,2024-01-11
HCM03,Lý Nhơn,7.0,29.02,-0.011,22.94,12.32,6.23,08:30:00,2024-01-11
HCM03,Lý Nhơn,7.0,29.05,-0.015,27.81,14.11,6.52,09:00:00,2024-01-11
HCM03,Lý Nhơn,7.0,28.62,0.068,26.38,14.35,6.34,09:30:00,2024-01-11
HCM03,Lý Nhơn,7.0,27.9,0.062,22.9,13.93,7.26,10:00:00,2024-01-11
HCM03,Lý Nhơn,7.0,29.59,0.052,27.2,14.08,7.11,10:30:00,2024-01-11
HCM03,Lý Nhơn,7.0,29.8,0.025,22.11,14.61,7.13,11:00:00,2024-01-11
HCM03,Lý Nhơn,7.0,28.33,0.018,24.03,13.59,6.91,11:30:00,2024-01-11
HCM03,Lý Nhơn,7.0,28.79,0.015,23.13,15.18,6.68,12:00:00,2024-01-11
HCM03,Lý Nhơn,7.0,28.75,0.021,28.52,14.96,7.34,12:30:00,2024-01-11
HCM03,Lý Nhơn,7.0,27.79,-0.047,26.37,15.05,6.79,13:00:00,2024-01-11
HCM03,Lý Nhơn,7.0,29.0,-0.033,16.96,12.72,6.66,13:30:00,2024-01-11
HCM03,Lý Nhơn,7.0,30.17,-0.033,15.79,12.73,6.54,14:00:00,2024-01-11
HCM03,Lý Nhơn,7.0,27.84,-0.025,17.62,12.53,7.33,14:30:00,2024-01-11
HCM03,Lý Nhơn,7.0,28.38,-0.048,20.34,15.67,6.95,15:00:00,2024-01-11
HCM03,Lý Nhơn,7.0,28.22,-0.047,18.36,12.68,7.27,15:30:00,2024-01-11
HCM03,Lý Nhơn,7.0,28.3,-0.037,19.22,13.41,7.14,16:00:00,2024-01-11
HCM03,Lý Nhơn,7.0,28.07,-0.104,19.46,11.87,6.8,16:30:00,2024-01-11
HCM03,Lý Nhơn,7.0,28.23,-0.006,22.01,12.29,7.21,17:00:00,2024-01-11
HCM03,Lý Nhơn,7.0,28.88,-0.046,14.17,11.16,6.63,17:30:00,2024-01-11
HCM03,Lý Nhơn,7.0,28.8,-0.033,20.43,12.29,6.62,18:00:00,2024-01-11
HCM03,Lý Nhơn,7.0,27.32,-0.129,20.84,12.96,6.51,18:30:00,2024-01-11
HCM03,Lý Nhơn,7.0,28.52,-0.027,12.71,10.44,7.92,19:00:00,2024-01-11
HCM03,Lý Nhơn,7.0,27.75,-0.056,26.03,13.21,6.76,19:30:00,2024-01-11
HCM03,Lý Nhơn,7.0,28.87,-0.046,19.12,10.89,7.6,20:00:00,2024-01-11
HCM03,Lý Nhơn,7.0,28.42,-0.018,19.01,11.93,6.6,20:30:00,2024-01-11
HCM03,Lý Nhơn,7.0,28.8,-0.107,16.61,11.16,7.89,21:00:00,2024-01-11
HCM03,Lý Nhơn,7.0,27.97,0.008,17.46,11.59,7.0,21:30:00,2024-01-11
HCM03,Lý Nhơn,7.0,28.16,-0.023,23.5,13.4,7.43,22:00:00,2024-01-11
HCM03,Lý Nhơn,7.0,27.57,-0.034,30.37,14.98,7.25,22:30:00,2024-01-11
HCM03,Lý Nhơn,7.0,29.81,-0.013,16.78,15.25,6.67,23:00:00,2024-01-11
HCM03,Lý Nhơn,7.0,28.93,-0.067,23.04,13.48,7.4,23:30:00,2024-01-11
HCM01,Nhà Bè,38.0,29.72,-0.016,14.34,8.06,7.62,00:00:00,2024-01-11
HCM01,Nhà Bè,38.0,28.94,0.035,15.78,8.83,7.69,00:30:00,2024-01-11
HCM01,Nhà Bè,38.0,27.57,0.032,12.89,7.85,6.86,01:00:00,2024-01-11
HCM01,Nhà Bè,38.0,28.21,-0.004,15.22,9.69,7.32,01:30:00,2024-01-11
HCM01,Nhà Bè,38.0,28.49,0.019,12.0,9.38,7.55,02:00:00,2024-01-11
HCM01,Nhà Bè,38.0,28.21,0.029,12.6,8.04,7.07,02:30:00,2024-01-11
HCM01,Nhà Bè,38.0,29.39,0.01,14.79,10.01,6.8,03:00:00,2024-01-11
HCM01,Nhà Bè,38.0,28.22,0.035,14.52,10.87,7.58,03:30:00,2024-01-11
HCM01,Nhà Bè,38.0,27.92,0.044,18.41,9.75,6.48,04:00:00,2024-01-11
HCM01,Nhà Bè,38.0,28.68,0.051,12.8,6.95,7.81,04:30:00,2024-01-11
HCM01,Nhà Bè,38.0,26.99,0.075,14.76,10.7,6.95,05:00:00,2024-01-11
HCM01,Nhà Bè,38.0,27.2,0.081,13.75,10.52,7.52,05:30:00,2024-01-11
HCM01,Nhà Bè,38.0,27.58,0.077,18.05,9.7,6.31,06:00:00,2024-01-11
HCM01,Nhà Bè,38.0,28.7,0.038,14.95,8.96,6.8,06:30:00,2024-01-11
HCM01,Nhà Bè,38.0,28.53,0.06,10.05,9.57,7.68,07:00:00,2024-01-11
HCM01,Nhà Bè,38.0,28.27,0.058,15.71,10.21,6.91,07:30:00,2024-01-11
HCM01,Nhà Bè,38.0,28.07,0.013,22.31,11.14,6.94,08:00:00,2024-01-11
HCM01,Nhà Bè,38.0,29.16,0.069,17.4,9.25,6.18,08:30:00,2024-01-11
HCM01,Nhà Bè,38.0,27.83,0.012,16.56,9.41,6.27,09:00:00,2024-01-11
HCM01,Nhà Bè,38.0,30.12,0.031,12.43,10.0,7.4,09:30:00,2024-01-11
HCM01,Nhà Bè,38.0,30.32,0.021,15.75,8.38,7.08,10:00:00,2024-01-11
HCM01,Nhà Bè,38.0,28.07,0.046,13.37,10.01,7.84,10:30:00,2024-01-11
HCM01,Nhà Bè,38.0,29.31,-0.016,8.82,7.99,7.07,11:00:00,2024-01-11
HCM01,Nhà Bè,38.0,29.77,-0.007,10.61,8.1,7.23,11:30:00,2024-01-11
HCM01,Nhà Bè,38.0,28.63,0.025,15.02,8.03,8.16,12:00:00,2024-01-11
HCM01,Nhà Bè,38.0,28.81,0.003,10.49,8.1,7.25,12:30:00,2024-01-11
HCM01,Nhà Bè,38.0,27.26,-0.03,14.08,7.59,6.79,13:00:00,2024-01-11
HCM01,Nhà Bè,38.0,28.45,-0.045,16.58,9.36,7.08,13:30:00,2024-01-11
HCM01,Nhà Bè,38.0,30.35,0.008,15.24,8.82,7.27,14:00:00,2024-01-11
HCM01,Nhà Bè,38.0,28.98,-0.051,16.08,8.89,6.97,14:30:00,2024-01-11
HCM01,Nhà Bè,38.0,28.82,-0.025,11.87,7.99,7.89,15:00:00,2024-01-11
HCM01,Nhà Bè,38.0,28.23,-0.034,10.01,6.42,7.04,15:30:00,2024-01-11
HCM01,Nhà Bè,38.0,28.03,-0.064,14.33,7.23,6.49,16:00:00,2024-01-11
HCM01,Nhà Bè,38.0,29.48,-0.104,11.09,7.11,7.13,16:30:00,2024-01-11
HCM01,Nhà Bè,38.0,28.05,-0.026,10.38,6.22,7.59,17:00:00,2024-01-11
HCM01,Nhà Bè,38.0,28.25,-0.02,11.6,6.67,6.62,17:30:00,2024-01-11
HCM01,Nhà Bè,38.0,28.02,-0.044,11.53,7.28,7.53,18:00:00,2024-01-11
HCM01,Nhà Bè,38.0,28.13,0.028,14.67,8.24,6.35,18:30:00,2024-01-11
HCM01,Nhà Bè,38.0,29.37,0.005,10.51,6.9,6.9,19:00:00,2024-01-11
HCM01,Nhà Bè,38.0,28.78,-0.106,12.8,7.86,8.26,19:30:00,2024-01-11
HCM01,Nhà Bè,38.0,28.97,-0.009,12.3,6.9,7.0,20:00:00,2024-01-11
HCM01,Nhà Bè,38.0,27.54,-0.07,14.03,6.25,7.29,20:30:00,2024-01-11
HCM01,Nhà Bè,38.0,29.51,-0.042,12.2,7.8,8.1,21:00:00,2024-01-11
HCM01,Nhà Bè,38.0,28.92,0.008,13.18,7.18,7.23,21:30:00,2024-01-11
HCM01,Nhà Bè,38.0,29.67,-0.043,13.68,7.54,7.98,22:00:00,2024-01-11
HCM01,Nhà Bè,38.0,27.97,-0.009,12.87,8.59,6.7,22:30:00,2024-01-11
HCM01,Nhà Bè,38.0,27.53,-0.05,15.11,7.0,7.25,23:00:00,2024-01-11
HCM01,Nhà Bè,38.0,29.17,-0.012,12.74,9.59,6.93,23:30:00,2024-01-11
HCM02,Cát Lái,58.0,28.42,0.029,7.52,5.72,6.58,00:00:00,2024-01-12
HCM02,Cát Lái,58.0,29.54,0.032,9.55,5.29,6.75,00:30:00,2024-01-12
HCM02,Cát Lái,58.0,28.41,0.008,6.89,5.32,7.02,01:00:00,2024-01-12
HCM02,Cát Lái,58.0,28.15,0.021,9.96,6.52,7.09,01:30:00,2024-01-12
HCM02,Cát Lái,58.0,28.56,0.01,5.0,4.68,7.47,02:00:00,2024-01-12
HCM02,Cát Lái,58.0,28.93,0.042,8.4,5.5,7.64,02:30:00,2024-01-12
HCM02,Cát Lái,58.0,29.5,0.073,10.18,5.84,8.57,03:00:00,2024-01-12
HCM02,Cát Lái,58.0,28.68,0.025,11.28,6.2,6.81,03:30:00,2024-01-12
HCM02,Cát Lái,58.0,29.79,0.038,8.64,5.75,7.28,04:00:00,2024-01-12
HCM02,Cát Lái,58.0,28.43,-0.001,11.79,6.59,7.56,04:30:00,2024-01-12
HCM02,Cát Lái,58.0,30.58,0.051,9.26,6.78,7.45,05:00:00,2024-01-12
HCM02,Cát Lái,58.0,28.89,0.038,10.54,6.52,6.91,05:30:00,2024-01-12
HCM02,Cát Lái,58.0,28.33,0.083,11.48,6.31,7.15,06:00:00,2024-01-12
HCM02,Cát Lái,58.0,27.9,0.017,11.75,6.57,7.23,06:30:00,2024-01-12
HCM02,Cát Lái,58.0,28.67,0.032,11.1,6.14,7.15,07:00:00,2024-01-12
HCM02,Cát Lái,58.0,28.99,0.061,7.48,5.88,7.35,07:30:00,2024-01-12
HCM02,Cát Lái,58.0,28.28,0.03,10.53,6.4,7.54,08:00:00,2024-01-12
HCM02,Cát Lái,58.0,28.52,0.053,8.15,5.86,6.96,08:30:00,2024-01-12
HCM02,Cát Lái,58.0,28.38,-0.002,10.56,6.84,7.4,09:00:00,2024-01-12
HCM02,Cát Lái,58.0,27.81,0.056,9.68,6.14,6.71,09:30:00,2024-01-12
HCM02,Cát Lái,58.0,27.42,-0.008,9.02,5.51,7.41,10:00:00,2024-01-12
HCM02,Cát Lái,58.0,28.26,-0.059,11.19,5.78,7.48,10:30:00,2024-01-12
HCM02,Cát Lái,58.0,29.03,-0.034,9.17,5.6,7.04,11:00:00,2024-01-12
HCM02,Cát Lái,58.0,27.67,-0.027,12.35,5.77,7.25,11:30:00,2024-01-12
HCM02,Cát Lái,58.0,28.41,0.004,9.97,5.66,6.86,12:00:00,2024-01-12
HCM02,Cát Lái,58.0,27.62,-0.017,10.58,5.15,7.89,12:30:00,2024-01-12
HCM02,Cát Lái,58.0,29.13,0.001,4.12,3.8,6.77,13:00:00,2024-01-12
HCM02,Cát Lái,58.0,27.68,-0.061,7.43,4.15,8.06,13:30:00,2024-01-12
HCM02,Cát Lái,58.0,29.13,0.021,8.3,5.48,7.31,14:00:00,2024-01-12
HCM02,Cát Lái,58.0,29.15,-0.001,7.2,5.1,7.82,14:30:00,2024-01-12
HCM02,Cát Lái,58.0,29.54,-0.023,7.31,4.01,6.05,15:00:00,2024-01-12
HCM02,Cát Lái,58.0,27.97,-0.004,7.29,4.88,7.37,15:30:00,2024-01-12
HCM02,Cát Lái,58.0,27.45,-0.043,10.81,5.62,8.04,16:00:00,2024-01-12
HCM02,Cát Lái,58.0,29.49,0.03,7.9,4.68,7.82,16:30:00,2024-01-12
HCM02,Cát Lái,58.0,28.22,-0.039,5.83,4.83,6.95,17:00:00,2024-01-12
HCM02,Cát Lái,58.0,27.22,-0.06,6.12,4.46,7.97,17:30:00,2024-01-12
HCM02,Cát Lái,58.0,29.29,-0.085,6.67,5.2,7.7,18:00:00,2024-01-12
HCM02,Cát Lái,58.0,29.34,-0.067,7.68,4.93,8.0,18:30:00,2024-01-12
HCM02,Cát Lái,58.0,27.77,-0.026,7.34,4.32,7.61,19:00:00,2024-01-12
HCM02,Cát Lái,58.0,28.17,-0.071,7.3,4.49,7.67,19:30:00,2024-01-12
HCM02,Cát Lái,58.0,28.21,-0.089,5.56,4.53,7.62,20:00:00,2024-01-12
HCM02,Cát Lái,58.0,27.55,-0.042,5.78,4.21,7.57,20:30:00,2024-01-12
HCM02,Cát Lái,58.0,28.05,-0.001,9.76,4.83,8.22,21:00:00,2024-01-12
HCM02,Cát Lái,58.0,28.76,-0.025,8.68,5.17,7.78,21:30:00,2024-01-12
HCM02,Cát Lái,58.0,29.11,-0.066,6.53,4.84,6.45,22:00:00,2024-01-12
HCM02,Cát Lái,58.0,27.64,-0.019,9.0,5.5,7.38,22:30:00,2024-01-12
HCM02,Cát Lái,58.0,28.25,-0.038,7.54,5.24,6.89,23:00:00,2024-01-12
HCM02,Cát Lái,58.0,28.57,0.006,7.72,5.24,7.25,23:30:00,2024-01-12
HCM04,Long Đại,80.0,27.63,-0.028,2.05,1.19,7.58,00:00:00,2024-01-12
HCM04,Long Đại,80.0,27.64,-0.014,2.64,1.91,6.37,00:30:00,2024-01-12
HCM04,Long Đại,80.0,28.73,-0.002,1.2,0.95,7.75,01:00:00,2024-01-12
HCM04,Long Đại,80.0,28.08,-0.009,2.3,1.17,7.24,01:30:00,2024-01-12
HCM04,Long Đại,80.0,27.3,0.035,1.66,1.06,7.32,02:00:00,2024-01-12
HCM04,Long Đại,80.0,27.51,0.045,1.24,0.76,7.86,02:30:00,2024-01-12
HCM04,Long Đại,80.0,28.94,0.067,3.13,1.45,8.28,03:00:00,2024-01-12
HCM04,Long Đại,80.0,28.28,0.053,3.08,1.57,7.3,03:30:00,2024-01-12
HCM04,Long Đại,80.0,28.8,0.025,1.7,1.17,7.33,04:00:00,2024-01-12
HCM04,Long Đại,80.0,29.13,-0.0,2.03,1.29,7.25,04:30:00,2024-01-12
HCM04,Long Đại,80.0,27.35,0.012,3.31,1.77,6.71,05:00:00,2024-01-12
HCM04,Long Đại,80.0,29.94,0.026,1.91,1.5,7.58,05:30:00,2024-01-12
HCM04,Long Đại,80.0,28.53,0.063,1.91,1.13,7.71,06:00:00,2024-01-12
HCM04,Long Đại,80.0,28.96,0.058,2.29,1.29,6.91,06:30:00,2024-01-12
HCM04,Long Đại,80.0,27.68,0.035,2.45,1.31,8.04,07:00:00,2024-01-12
HCM04,Long Đại,80.0,28.91,0.055,1.58,0.83,6.73,07:30:00,2024-01-12
HCM04,Long Đại,80.0,29.52,0.019,2.02,1.08,6.84,08:00:00,2024-01-12
HCM04,Long Đại,80.0,28.19,0.056,1.92,1.25,7.96,08:30:00,2024-01-12
HCM04,Long Đại,80.0,27.92,0.022,2.26,1.45,7.41,09:00:00,2024-01-12
HCM04,Long Đại,80.0,28.16,0.029,3.28,1.74,7.53,09:30:00,2024-01-12
HCM04,Long Đại,80.0,29.18,0.017,2.57,1.5,7.81,10:00:00,2024-01-12
HCM04,Long Đại,80.0,28.9,0.04,1.51,0.92,7.56,10:30:00,2024-01-12
HCM04,Long Đại,80.0,28.47,0.011,2.05,1.46,6.96,11:00:00,2024-01-12
HCM04,Long Đại,80.0,28.67,0.007,1.49,1.42,7.64,11:30:00,2024-01-12
HCM04,Long Đại,80.0,27.09,0.013,2.1,1.34,7.14,12:00:00,2024-01-12
HCM04,Long Đại,80.0,28.45,-0.02,3.09,1.78,7.18,12:30:00,2024-01-12
HCM04,Long Đại,80.0,28.83,0.014,1.97,1.13,6.88,13:00:00,2024-01-12
HCM04,Long Đại,80.0,28.83,-0.056,2.67,1.33,8.09,13:30:00,2024-01-12
HCM04,Long Đại,80.0,28.9,-0.009,1.14,0.61,7.58,14:00:00,2024-01-12
HCM04,Long Đại,80.0,28.94,-0.04,1.94,1.23,7.18,14:30:00,2024-01-12
HCM04,Long Đại,80.0,29.36,-0.062,1.04,0.75,7.06,15:00:00,2024-01-12
HCM04,Long Đại,80.0,28.38,-0.055,1.74,0.8,7.13,15:30:00,2024-01-12
HCM04,Long Đại,80.0,28.87,-0.036,1.1,0.77,7.86,16:00:00,2024-01-12
HCM04,Long Đại,80.0,28.83,-0.091,1.19,0.71,8.55,16:30:00,2024-01-12
HCM04,Long Đại,80.0,28.31,-0.058,1.46,1.03,7.3,17:00:00,2024-01-12
HCM04,Long Đại,80.0,29.19,-0.068,2.23,1.08,7.64,17:30:00,2024-01-12
HCM04,Long Đại,80.0,27.86,-0.036,1.58,1.02,5.85,18:00:00,2024-01-12
HCM04,Long Đại,80.0,28.52,-0.043,1.4,0.75,7.39,18:30:00,2024-01-12
HCM04,Long Đại,80.0,28.9,-0.076,1.36,0.86,8.62,19:00:00,2024-01-12
HCM04,Long Đại,80.0,28.22,-0.108,2.63,1.15,7.47,19:30:00,2024-01-12
HCM04,Long Đại,80.0,27.58,-0.064,1.99,1.06,7.33,20:00:00,2024-01-12
HCM04,Long Đại,80.0,29.35,-0.055,1.95,1.33,7.07,20:30:00,2024-01-12
HCM04,Long Đại,80.0,28.49,-0.106,1.81,0.99,7.24,21:00:00,2024-01-12
HCM04,Long Đại,80.0,27.85,-0.013,1.88,1.03,7.38,21:30:00,2024-01-12
HCM04,Long Đại,80.0,28.47,-0.07,1.19,0.98,8.06,22:00:00,2024-01-12
HCM04,Long Đại,80.0,29.08,-0.007,1.98,1.08,6.94,22:30:00,2024-01-12
HCM04,Long Đại,80.0,28.58,-0.048,2.9,1.64,7.28,23:00:00,2024-01-12
HCM04,Long Đại,80.0,28.78,0.034,1.9,1.17,7.19,23:30:00,2024-01-12
HCM03,Lý Nhơn,7.0,27.04,0.001,23.23,14.66,6.44,00:00:00,2024-01-12
HCM03,Lý Nhơn,7.0,29.49,0.046,25.35,16.73,6.86,00:30:00,2024-01-12
HCM03,Lý Nhơn,7.0,29.01,0.007,31.36,18.19,7.37,01:00:00,2024-01-12
HCM03,Lý Nhơn,7.0,27.56,0.038,30.43,19.01,7.13,01:30:00,2024-01-12
HCM03,Lý Nhơn,7.0,27.94,0.042,25.09,14.51,7.23,02:00:00,2024-01-12
HCM03,Lý Nhơn,7.0,28.25,0.04,27.38,13.62,7.62,02:30:00,2024-01-12
HCM03,Lý Nhơn,7.0,27.99,0.03,22.72,16.29,7.04,03:00:00,2024-01-12
HCM03,Lý Nhơn,7.0,27.92,0.007,37.04,17.23,7.5,03:30:00,2024-01-12
HCM03,Lý Nhơn,7.0,28.49,0.016,25.86,16.97,6.18,04:00:00,2024-01-12
HCM03,Lý Nhơn,7.0,29.29,-0.026,31.89,18.69,6.03,04:30:00,2024-01-12
HCM03,Lý Nhơn,7.0,29.24,0.029,29.29,17.14,6.99,05:00:00,2024-01-12
HCM03,Lý Nhơn,7.0,29.28,0.03,24.83,15.55,5.55,05:30:00,2024-01-12
HCM03,Lý Nhơn,7.0,29.28,0.032,33.14,18.31,6.73,06:00:00,2024-01-12
HCM03,Lý Nhơn,7.0,28.34,0.003,24.33,16.18,6.82,06:30:00,2024-01-12
HCM03,Lý Nhơn,7.0,27.46,0.065,40.04,20.56,6.99,07:00:00,2024-01-12
HCM03,Lý Nhơn,7.0,28.57,0.078,21.79,15.49,6.97,07:30:00,2024-01-12
HCM03,Lý Nhơn,7.0,28.42,0.043,29.11,17.6,6.99,08:00:00,2024-01-12
HCM03,Lý Nhơn,7.0,27.53,0.019,33.83,16.53,7.0,08:30:00,2024-01-12
HCM03,Lý Nhơn,7.0,27.76,0.022,29.67,17.52,6.49,09:00:00,2024-01-12
HCM03,Lý Nhơn,7.0,29.42,0.038,35.8,20.22,7.03,09:30:00,2024-01-12
HCM03,Lý Nhơn,7.0,28.47,-0.017,33.82,18.8,6.61,10:00:00,2024-01-12
HCM03,Lý Nhơn,7.0,28.53,0.002,16.09,12.59,6.98,10:30:00,2024-01-12
HCM03,Lý Nhơn,7.0,29.44,-0.031,21.74,15.92,6.2,11:00:00,2024-01-12
HCM03,Lý Nhơn,7.0,29.42,0.041,19.12,13.95,6.35,11:30:00,2024-01-12
HCM03,Lý Nhơn,7.0,29.03,-0.008,28.64,15.11,6.88,12:00:00,2024-01-12
HCM03,Lý Nhơn,7.0,27.81,-0.045,25.5,15.04,7.08,12:30:00,2024-01-12
HCM03,Lý Nhơn,7.0,27.32,-0.04,32.5,17.3,6.7,13:00:00,2024-01-12
HCM03,Lý Nhơn,7.0,28.82,-0.048,23.89,16.13,7.22,13:30:00,2024-01-12
HCM03,Lý Nhơn,7.0,29.06,-0.03,22.94,15.7,6.2,14:00:00,2024-01-12
HCM03,Lý Nhơn,7.0,29.07,-0.056,27.17,17.39,6.42,14:30:00,2024-01-12
HCM03,Lý Nhơn,7.0,28.22,-0.019,19.34,13.83,7.76,15:00:00,2024-01-12
HCM03,Lý Nhơn,7.0,28.14,-0.071,26.42,15.47,6.83,15:30:00,2024-01-12
HCM03,Lý Nhơn,7.0,28.58,-0.012,25.23,15.43,6.17,16:00:00,2024-01-12
HCM03,Lý Nhơn,7.0,31.07,-0.05,17.58,11.04,6.82,16:30:00,2024-01-12
HCM03,Lý Nhơn,7.0,29.35,0.034,21.17,12.21,7.41,17:00:00,2024-01-12
HCM03,Lý Nhơn,7.0,26.83,-0.028,29.8,13.96,7.08,17:30:00,2024-01-12
HCM03,Lý Nhơn,7.0,29.18,-0.096,17.31,13.04,7.07,18:00:00,2024-01-12
HCM03,Lý Nhơn,7.0,28.47,-0.015,18.97,12.9,6.74,18:30:00,2024-01-12
HCM03,Lý Nhơn,7.0,27.76,-0.052,18.62,13.42,7.04,19:00:00,2024-01-12
HCM03,Lý Nhơn,7.0,27.4,-0.072,13.4,9.8,7.18,19:30:00,2024-01-12
HCM03,Lý Nhơn,7.0,28.09,-0.043,20.92,13.58,7.55,20:00:00,2024-01-12
HCM03,Lý Nhơn,7.0,28.72,-0.027,23.47,13.13,5.77,20:30:00,2024-01-12
HCM03,Lý Nhơn,7.0,28.1,-0.047,15.68,10.67,6.08,21:00:00,2024-01-12
HCM03,Lý Nhơn,7.0,29.17,-0.019,29.46,16.09,7.2,21:30:00,2024-01-12
HCM03,Lý Nhơn,7.0,28.37,-0.018,16.96,12.2,6.92,22:00:00,2024-01-12
HCM03,Lý Nhơn,7.0,29.06,-0.022,24.13,15.48,6.5,22:30:00,2024-01-12
HCM03,Lý Nhơn,7.0,28.77,-0.048,25.34,14.46,6.69,23:00:00,2024-01-12
HCM03,Lý Nhơn,7.0,28.08,0.001,24.48,16.14,6.74,23:30:00,2024-01-12
HCM01,Nhà Bè,38.0,28.95,-0.009,20.55,11.8,7.21,00:00:00,2024-01-12
HCM01,Nhà Bè,38.0,28.11,-0.002,14.55,8.78,7.75,00:30:00,2024-01-12
HCM01,Nhà Bè,38.0,30.02,0.05,12.01,9.5,7.36,01:00:00,2024-01-12
HCM01,Nhà Bè,38.0,28.05,0.022,16.89,9.22,7.89,01:30:00,2024-01-12
HCM01,Nhà Bè,38.0,28.13,-0.017,14.72,10.43,7.98,02:00:00,2024-01-12
HCM01,Nhà Bè,38.0,28.96,0.063,18.34,9.36,6.81,02:30:00,2024-01-12
HCM01,Nhà Bè,38.0,29.25,0.04,18.26,9.8,7.85,03:00:00,2024-01-12
HCM01,Nhà Bè,38.0,29.53,0.056,16.61,9.19,6.15,03:30:00,2024-01-12
HCM01,Nhà Bè,38.0,27.86,0.05,20.11,10.86,7.12,04:00:00,2024-01-12
HCM01,Nhà Bè,38.0,29.7,0.06,16.48,10.36,7.66,04:30:00,2024-01-12
HCM01,Nhà Bè,38.0,30.32,0.004,14.15,8.58,7.67,05:00:00,2024-01-12
HCM01,Nhà Bè,38.0,29.06,0.022,20.0,10.72,6.74,05:30:00,2024-01-12
HCM01,Nhà Bè,38.0,27.24,0.043,17.38,10.94,7.3,06:00:00,2024-01-12
HCM01,Nhà Bè,38.0,27.27,0.063,11.17,8.66,6.12,06:30:00,2024-01-12
HCM01,Nhà Bè,38.0,27.96,0.061,16.92,9.79,6.76,07:00:00,2024-01-12
HCM01,Nhà Bè,38.0,27.98,0.003,10.64,6.9,7.91,07:30:00,2024-01-12
HCM01,Nhà Bè,38.0,28.95,-0.04,15.6,9.88,7.11,08:00:00,2024-01-12
HCM01,Nhà Bè,38.0,27.58,0.022,19.03,10.49,7.16,08:30:00,2024-01-12
HCM01,Nhà Bè,38.0,28.93,0.025,15.38,8.72,5.82,09:00:00,2024-01-12
HCM01,Nhà Bè,38.0,28.89,0.002,14.18,10.75,7.73,09:30:00,2024-01-12
HCM01,Nhà Bè,38.0,27.95,-0.002,12.65,9.39,6.63,10:00:00,2024-01-12
HCM01,Nhà Bè,38.0,29.24,0.017,13.81,8.62,6.68,10:30:00,2024-01-12
HCM01,Nhà Bè,38.0,29.39,0.049,20.02,9.38,7.44,11:00:00,2024-01-12
HCM01,Nhà Bè,38.0,27.19,0.021,18.72,9.91,6.29,11:30:00,2024-01-12
HCM01,Nhà Bè,38.0,28.03,0.025,13.41,8.12,6.59,12:00:00,2024-01-12
HCM01,Nhà Bè,38.0,28.02,-0.026,9.65,8.24,6.64,12:30:00,2024-01-12
HCM01,Nhà Bè,38.0,28.57,-0.019,14.8,7.24,6.95,13:00:00,2024-01-12
HCM01,Nhà Bè,38.0,28.47,-0.049,9.46,7.8,7.29,13:30:00,2024-01-12
HCM01,Nhà Bè,38.0,28.97,-0.067,15.31,9.2,7.58,14:00:00,2024-01-12
HCM01,Nhà Bè,38.0,27.22,-0.009,11.96,8.08,6.9,14:30:00,2024-01-12
HCM01,Nhà Bè,38.0,28.71,-0.075,12.55,8.15,7.69,15:00:00,2024-01-12
HCM01,Nhà Bè,38.0,28.28,0.023,17.27,9.35,6.39,15:30:00,2024-01-12
HCM01,Nhà Bè,38.0,28.31,-0.088,10.66,7.87,7.44,16:00:00,2024-01-12
HCM01,Nhà Bè,38.0,29.13,-0.022,16.57,8.72,8.33,16:30:00,2024-01-12
HCM01,Nhà Bè,38.0,28.13,-0.091,12.06,7.4,7.16,17:00:00,2024-01-12
HCM01,Nhà Bè,38.0,28.02,-0.064,11.29,7.24,7.18,17:30:00,2024-01-12
HCM01,Nhà Bè,38.0,28.53,-0.096,12.1,7.56,7.81,18:00:00,2024-01-12
HCM01,Nhà Bè,38.0,29.1,-0.06,8.29,7.7,7.82,18:30:00,2024-01-12
HCM01,Nhà Bè,38.0,29.61,-0.001,12.06,7.11,6.95,19:00:00,2024-01-12
HCM01,Nhà Bè,38.0,29.05,-0.123,13.13,7.99,8.31,19:30:00,2024-01-12
HCM01,Nhà Bè,38.0,28.5,-0.013,12.27,8.22,6.76,20:00:00,2024-01-12
HCM01,Nhà Bè,38.0,28.6,-0.033,14.27,8.11,6.97,20:30:00,2024-01-12
HCM01,Nhà Bè,38.0,27.66,-0.046,12.83,7.92,6.56,21:00:00,2024-01-12
HCM01,Nhà Bè,38.0,28.0,-0.022,15.29,8.22,6.45,21:30:00,2024-01-12
HCM01,Nhà Bè,38.0,27.47,-0.046,11.98,7.3,7.41,22:00:00,2024-01-12
HCM01,Nhà Bè,38.0,28.35,-0.051,18.99,8.32,6.85,22:30:00,2024-01-12
HCM01,Nhà Bè,38.0,27.6,-0.031,13.86,9.1,7.03,23:00:00,2024-01-12
HCM01,Nhà Bè,38.0,29.23,-0.023,12.53,8.37,6.86,23:30:00,2024-01-12
HCM02,Cát Lái,58.0,27.6,0.017,10.78,5.52,6.63,00:00:00,2024-01-13
HCM02,Cát Lái,58.0,28.99,0.033,7.91,6.1,7.5,00:30:00,2024-01-13
HCM02,Cát Lái,58.0,28.01,0.015,8.97,6.18,6.51,01:00:00,2024-01-13
HCM02,Cát Lái,58.0,28.71,0.033,7.45,6.44,6.55,01:30:00,2024-01-13
HCM02,Cát Lái,58.0,28.82,0.054,7.86,5.18,6.9,02:00:00,2024-01-13
HCM02,Cát Lái,58.0,29.35,0.029,11.81,6.6,6.66,02:30:00,2024-01-13
HCM02,Cát Lái,58.0,29.34,0.057,10.34,4.91,7.59,03:00:00,2024-01-13
HCM02,Cát Lái,58.0,28.87,0.059,11.46,6.05,7.57,03:30:00,2024-01-13
HCM02,Cát Lái,58.0,28.12,0.085,9.13,5.76,7.75,04:00:00,2024-01-13
HCM02,Cát Lái,58.0,30.2,0.07,11.65,7.21,6.78,04:30:00,2024-01-13
HCM02,Cát Lái,58.0,28.0,0.026,6.78,6.02,6.97,05:00:00,2024-01-13
HCM02,Cát Lái,58.0,29.13,0.071,8.96,6.29,7.8,05:30:00,2024-01-13
HCM02,Cát Lái,58.0,28.54,0.035,10.96,6.16,8.16,06:00:00,2024-01-13
HCM02,Cát Lái,58.0,28.15,0.029,14.15,7.88,7.38,06:30:00,2024-01-13
HCM02,Cát Lái,58.0,28.74,0.058,11.28,6.72,6.68,07:00:00,2024-01-13
HCM02,Cát Lái,58.0,27.79,0.057,8.39,5.2,6.93,07:30:00,2024-01-13
HCM02,Cát Lái,58.0,27.97,0.036,11.12,5.53,7.09,08:00:00,2024-01-13
HCM02,Cát Lái,58.0,27.48,0.056,11.81,6.76,7.5,08:30:00,2024-01-13
HCM02,Cát Lái,58.0,29.26,0.063,11.56,7.39,7.13,09:00:00,2024-01-13
HCM02,Cát Lái,58.0,30.15,0.084,11.14,5.97,8.42,09:30:00,2024-01-13
HCM02,Cát Lái,58.0,30.23,0.052,12.77,6.53,6.32,10:00:00,2024-01-13
HCM02,Cát Lái,58.0,29.38,0.017,8.76,5.73,7.26,10:30:00,2024-01-13
HCM02,Cát Lái,58.0,27.14,0.022,11.97,6.4,7.09,11:00:00,2024-01-13
HCM02,Cát Lái,58.0,28.44,-0.024,10.06,6.57,7.37,11:30:00,2024-01-13
HCM02,Cát Lái,58.0,27.48,0.017,7.71,4.91,7.18,12:00:00,2024-01-13
HCM02,Cát Lái,58.0,29.5,0.027,9.2,5.85,7.5,12:30:00,2024-01-13
HCM02,Cát Lái,58.0,28.74,-0.008,10.46,6.6,7.18,13:00:00,2024-01-13
HCM02,Cát Lái,58.0,28.84,-0.058,11.14,6.22,8.58,13:30:00,2024-01-13
HCM02,Cát Lái,58.0,29.78,-0.038,10.42,5.34,7.3,14:00:00,2024-01-13
HCM02,Cát Lái,58.0,27.88,-0.017,9.64,5.31,7.96,14:30:00,2024-01-13
HCM02,Cát Lái,58.0,29.16,-0.082,8.85,5.23,7.81,15:00:00,2024-01-13
HCM02,Cát Lái,58.0,28.37,-0.035,9.65,5.08,6.85,15:30:00,2024-01-13
HCM02,Cát Lái,58.0,30.92,-0.041,9.56,5.3,7.79,16:00:00,2024-01-13
HCM02,Cát Lái,58.0,29.28,-0.016,9.17,5.08,7.63,16:30:00,2024-01-13
HCM02,Cát Lái,58.0,29.6,0.038,8.44,4.61,7.03,17:00:00,2024-01-13
HCM02,Cát Lái,58.0,26.74,-0.069,6.75,5.15,6.35,17:30:00,2024-01-13
HCM02,Cát Lái,58.0,28.22,-0.068,8.87,4.51,7.55,18:00:00,2024-01-13
HCM02,Cát Lái,58.0,29.12,-0.031,4.34,3.67,7.44,18:30:00,2024-01-13
HCM02,Cát Lái,58.0,28.23,-0.048,8.53,5.0,6.48,19:00:00,2024-01-13
HCM02,Cát Lái,58.0,28.62,-0.024,7.87,4.77,7.76,19:30:00,2024-01-13
HCM02,Cát Lái,58.0,29.63,0.005,7.19,4.68,8.08,20:00:00,2024-01-13
HCM02,Cát Lái,58.0,29.18,-0.068,8.4,5.0,7.31,20:30:00,2024-01-13
HCM02,Cát Lái,58.0,29.01,-0.081,6.04,4.53,7.8,21:00:00,2024-01-13
HCM02,Cát Lái,58.0,27.57,-0.066,7.55,5.87,7.28,21:30:00,2024-01-13
HCM02,Cát Lái,58.0,28.81,-0.049,11.74,6.53,7.59,22:00:00,2024-01-13
HCM02,Cát Lái,58.0,29.2,-0.03,8.63,5.86,7.98,22:30:00,2024-01-13
HCM02,Cát Lái,58.0,28.8,-0.021,9.1,5.76,7.42,23:00:00,2024-01-13
HCM02,Cát Lái,58.0,28.73,-0.018,7.56,5.06,7.52,23:30:00,2024-01-13
HCM04,Long Đại,80.0,29.1,-0.042,2.75,1.3,8.35,00:00:00,2024-01-13
HCM04,Long Đại,80.0,27.01,0.028,1.29,0.79,8.42,00:30:00,2024-01-13
HCM04,Long Đại,80.0,29.12,0.017,1.81,1.37,7.47,01:00:00,2024-01-13
HCM04,Long Đại,80.0,29.58,-0.005,2.05,1.49,7.79,01:30:00,2024-01-13
HCM04,Long Đại,80.0,28.69,0.029,2.57,1.54,8.0,02:00:00,2024-01-13
HCM04,Long Đại,80.0,28.85,0.043,2.52,1.48,7.49,02:30:00,2024-01-13
HCM04,Long Đại,80.0,30.07,0.046,2.87,1.72,6.39,03:00:00,2024-01-13
HCM04,Long Đại,80.0,28.85,0.104,1.38,0.87,7.86,03:30:00,2024-01-13
HCM04,Long Đại,80.0,28.38,0.064,1.85,1.16,8.29,04:00:00,2024-01-13
HCM04,Long Đại,80.0,27.68,0.09,1.63,0.92,7.74,04:30:00,2024-01-13
HCM04,Long Đại,80.0,27.57,0.027,1.91,1.19,7.55,05:00:00,2024-01-13
HCM04,Long Đại,80.0,28.32,0.05,2.38,1.3,7.28,05:30:00,2024-01-13
HCM04,Long Đại,80.0,27.95,0.045,1.45,0.88,7.36,06:00:00,2024-01-13
HCM04,Long Đại,80.0,29.0,0.023,1.64,1.39,7.86,06:30:00,2024-01-13
HCM04,Long Đại,80.0,27.51,0.028,2.42,1.52,6.76,07:00:00,2024-01-13
HCM04,Long Đại,80.0,28.83,0.064,1.54,0.95,7.27,07:30:00,2024-01-13
HCM04,Long Đại,80.0,29.26,0.045,1.82,1.14,6.85,08:00:00,2024-01-13
HCM04,Long Đại,80.0,29.33,0.035,3.32,1.9,7.05,08:30:00,2024-01-13
HCM04,Long Đại,80.0,28.3,-0.001,1.94,1.41,7.05,09:00:00,2024-01-13
HCM04,Long Đại,80.0,29.46,0.013,2.53,1.29,6.92,09:30:00,2024-01-13
HCM04,Long Đại,80.0,28.5,0.012,1.39,1.17,7.59,10:00:00,2024-01-13
HCM04,Long Đại,80.0,26.69,0.03,2.2,1.35,7.41,10:30:00,2024-01-13
HCM04,Long Đại,80.0,28.45,0.014,2.15,1.32,6.43,11:00:00,2024-01-13
HCM04,Long Đại,80.0,28.2,0.084,2.03,1.12,7.4,11:30:00,2024-01-13
HCM04,Long Đại,80.0,28.77,-0.024,1.57,0.86,7.85,12:00:00,2024-01-13
HCM04,Long Đại,80.0,27.3,0.015,1.73,1.07,7.07,12:30:00,2024-01-13
HCM04,Long Đại,80.0,29.42,-0.079,1.45,0.89,7.05,13:00:00,2024-01-13
HCM04,Long Đại,80.0,29.63,-0.031,1.07,0.82,7.86,13:30:00,2024-01-13
HCM04,Long Đại,80.0,28.91,-0.024,1.81,1.18,7.71,14:00:00,2024-01-13
HCM04,Long Đại,80.0,28.44,-0.036,1.74,1.03,7.63,14:30:00,2024-01-13
HCM04,Long Đại,80.0,28.73,-0.072,2.76,1.65,8.91,15:00:00,2024-01-13
HCM04,Long Đại,80.0,29.56,-0.076,2.03,1.16,7.9,15:30:00,2024-01-13
HCM04,Long Đại,80.0,30.18,-0.035,1.54,1.21,7.47,16:00:00,2024-01-13
HCM04,Long Đại,80.0,29.68,-0.076,2.39,1.51,7.93,16:30:00,2024-01-13
HCM04,Long Đại,80.0,28.9,-0.02,1.35,0.85,7.46,17:00:00,2024-01-13
HCM04,Long Đại,80.0,29.03,-0.011,2.28,1.52,7.4,17:30:00,2024-01-13
HCM04,Long Đại,80.0,27.87,-0.109,1.54,0.91,7.41,18:00:00,2024-01-13
HCM04,Long Đại,80.0,28.59,-0.084,2.24,1.35,6.29,18:30:00,2024-01-13
HCM04,Long Đại,80.0,28.85,-0.036,2.22,1.42,7.63,19:00:00,2024-01-13
HCM04,Long Đại,80.0,29.41,-0.046,2.31,1.04,6.53,19:30:00,2024-01-13
HCM04,Long Đại,80.0,28.35,-0.037,1.43,1.07,7.77,20:00:00,2024-01-13
HCM04,Long Đại,80.0,29.96,-0.065,1.76,0.94,8.0,20:30:00,2024-01-13
HCM04,Long Đại,80.0,28.77,-0.059,1.66,1.08,8.0,21:00:00,2024-01-13
HCM04,Long Đại,80.0,29.3,-0.044,2.03,0.91,7.24,21:30:00,2024-01-13
HCM04,Long Đại,80.0,29.14,0.0,1.11,0.8,6.84,22:00:00,2024-01-13
HCM04,Long Đại,80.0,29.6,0.018,2.68,1.55,7.86,22:30:00,2024-01-13
HCM04,Long Đại,80.0,27.37,0.02,1.24,1.11,6.46,23:00:00,2024-01-13
HCM04,Long Đại,80.0,28.86,0.004,2.61,1.26,7.41,23:30:00,2024-01-13
HCM03,Lý Nhơn,7.0,29.77,0.03,33.44,16.78,6.3,00:00:00,2024-01-13
HCM03,Lý Nhơn,7.0,29.35,0.036,28.64,15.2,7.02,00:30:00,2024-01-13
HCM03,Lý Nhơn,7.0,28.71,0.034,30.5,16.23,7.42,01:00:00,2024-01-13
HCM03,Lý Nhơn,7.0,28.27,0.01,19.75,17.41,6.1,01:30:00,2024-01-13
HCM03,Lý Nhơn,7.0,28.07,0.041,27.18,17.79,7.05,02:00:00,2024-01-13
HCM03,Lý Nhơn,7.0,29.69,0.039,41.64,20.16,6.75,02:30:00,2024-01-13
HCM03,Lý Nhơn,7.0,27.73,0.054,28.61,17.17,7.1,03:00:00,2024-01-13
HCM03,Lý Nhơn,7.0,28.67,0.009,25.37,15.9,7.3,03:30:00,2024-01-13
HCM03,Lý Nhơn,7.0,28.84,0.035,24.98,15.05,7.09,04:00:00,2024-01-13
HCM03,Lý Nhơn,7.0,28.78,0.056,33.55,18.81,6.49,04:30:00,2024-01-13
HCM03,Lý Nhơn,7.0,28.71,0.048,39.8,19.82,7.11,05:00:00,2024-01-13
HCM03,Lý Nhơn,7.0,28.02,-0.003,26.45,17.81,5.94,05:30:00,2024-01-13
HCM03,Lý Nhơn,7.0,29.18,0.084,32.94,20.19,6.43,06:00:00,2024-01-13
HCM03,Lý Nhơn,7.0,27.21,0.014,30.65,15.92,7.22,06:30:00,2024-01-13
HCM03,Lý Nhơn,7.0,29.49,0.059,37.66,18.87,6.12,07:00:00,2024-01-13
HCM03,Lý Nhơn,7.0,28.05,0.091,44.41,19.68,6.77,07:30:00,2024-01-13
HCM03,Lý Nhơn,7.0,27.75,0.022,30.08,17.64,6.56,08:00:00,2024-01-13
HCM03,Lý Nhơn,7.0,28.05,0.037,26.89,20.06,6.76,08:30:00,2024-01-13
HCM03,Lý Nhơn,7.0,28.03,0.013,23.46,16.79,6.7,09:00:00,2024-01-13
HCM03,Lý Nhơn,7.0,28.44,0.043,25.73,14.32,6.14,09:30:00,2024-01-13
HCM03,Lý Nhơn,7.0,30.04,0.007,32.34,19.42,7.56,10:00:00,2024-01-13
HCM03,Lý Nhơn,7.0,29.65,-0.02,33.21,18.12,6.35,10:30:00,2024-01-13
HCM03,Lý Nhơn,7.0,27.87,0.027,27.84,15.5,7.3,11:00:00,2024-01-13
HCM03,Lý Nhơn,7.0,27.57,0.024,37.21,18.66,7.23,11:30:00,2024-01-13
HCM03,Lý Nhơn,7.0,28.66,0.062,26.72,15.91,7.46,12:00:00,2024-01-13
HCM03,Lý Nhơn,7.0,29.94,0.015,20.53,13.33,6.45,12:30:00,2024-01-13
HCM03,Lý Nhơn,7.0,28.13,0.011,20.27,13.03,6.88,13:00:00,2024-01-13
HCM03,Lý Nhơn,7.0,27.42,-0.045,39.26,18.15,8.07,13:30:00,2024-01-13
HCM03,Lý Nhơn,7.0,28.0,-0.045,26.79,16.5,6.2,14:00:00,2024-01-13
HCM03,Lý Nhơn,7.0,27.65,-0.076,15.93,12.73,7.43,14:30:00,2024-01-13
HCM03,Lý Nhơn,7.0,26.86,-0.023,20.04,13.97,6.93,15:00:00,2024-01-13
HCM03,Lý Nhơn,7.0,28.76,-0.085,24.71,16.34,6.79,15:30:00,2024-01-13
HCM03,Lý Nhơn,7.0,28.95,-0.006,26.98,14.07,6.41,16:00:00,2024-01-13
HCM03,Lý Nhơn,7.0,29.08,-0.022,22.46,12.66,6.6,16:30:00,2024-01-13
HCM03,Lý Nhơn,7.0,27.14,-0.011,19.3,13.01,6.94,17:00:00,2024-01-13
HCM03,Lý Nhơn,7.0,28.53,0.017,18.07,11.04,7.06,17:30:00,2024-01-13
HCM03,Lý Nhơn,7.0,29.93,-0.068,15.11,12.32,6.96,18:00:00,2024-01-13
HCM03,Lý Nhơn,7.0,28.17,-0.069,22.06,13.6,6.37,18:30:00,2024-01-13
HCM03,Lý Nhơn,7.0,28.41,-0.04,22.08,13.39,6.4,19:00:00,2024-01-13
HCM03,Lý Nhơn,7.0,27.81,-0.099,19.77,13.15,6.84,19:30:00,2024-01-13
HCM03,Lý Nhơn,7.0,29.35,-0.054,31.36,14.61,6.33,20:00:00,2024-01-13
HCM03,Lý Nhơn,7.0,28.59,-0.05,28.12,13.76,7.18,20:30:00,2024-01-13
HCM03,Lý Nhơn,7.0,28.12,-0.061,21.77,14.87,6.59,21:00:00,2024-01-13
HCM03,Lý Nhơn,7.0,29.12,-0.023,18.62,14.01,7.59,21:30:00,2024-01-13
HCM03,Lý Nhơn,7.0,29.55,0.004,29.1,18.97,5.72,22:00:00,2024-01-13
HCM03,Lý Nhơn,7.0,26.01,-0.048,21.9,15.53,6.89,22:30:00,2024-01-13
HCM03,Lý Nhơn,7.0,28.99,0.001,19.82,14.7,7.14,23:00:00,2024-01-13
HCM03,Lý Nhơn,7.0,28.96,-0.019,30.0,18.41,6.15,23:30:00,2024-01-13
HCM01,Nhà Bè,38.0,28.61,-0.018,13.87,9.37,6.55,00:00:00,2024-01-13
HCM01,Nhà Bè,38.0,27.94,-0.001,17.2,10.98,8.02,00:30:00,2024-01-13
HCM01,Nhà Bè,38.0,28.63,0.042,20.37,13.54,6.85,01:00:00,2024-01-13
HCM01,Nhà Bè,38.0,30.17,0.035,17.85,9.76,7.24,01:30:00,2024-01-13
HCM01,Nhà Bè,38.0,29.89,-0.0,17.89,11.45,7.65,02:00:00,2024-01-13
HCM01,Nhà Bè,38.0,29.76,0.057,19.36,10.9,6.89,02:30:00,2024-01-13
HCM01,Nhà Bè,38.0,29.78,0.045,20.12,9.87,7.37,03:00:00,2024-01-13
HCM01,Nhà Bè,38.0,29.58,0.029,12.43,9.09,7.46,03:30:00,2024-01-13
HCM01,Nhà Bè,38.0,27.98,0.06,13.45,9.35,6.33,04:00:00,2024-01-13
HCM01,Nhà Bè,38.0,28.51,0.049,18.96,11.51,7.6,04:30:00,2024-01-13
HCM01,Nhà Bè,38.0,28.67,0.03,16.99,9.57,7.42,05:00:00,2024-01-13
HCM01,Nhà Bè,38.0,28.23,0.049,17.88,9.33,7.21,05:30:00,2024-01-13
HCM01,Nhà Bè,38.0,28.24,0.019,17.64,11.52,7.06,06:00:00,2024-01-13
HCM01,Nhà Bè,38.0,28.68,0.091,17.65,10.49,7.43,06:30:00,2024-01-13
HCM01,Nhà Bè,38.0,28.96,0.018,17.47,11.91,7.27,07:00:00,2024-01-13
HCM01,Nhà Bè,38.0,28.92,0.006,11.92,9.18,7.26,07:30:00,2024-01-13
HCM01,Nhà Bè,38.0,30.2,0.016,16.38,11.23,8.5,08:00:00,2024-01-13
HCM01,Nhà Bè,38.0,29.88,-0.0,17.85,12.15,6.92,08:30:00,2024-01-13
HCM01,Nhà Bè,38.0,30.18,0.083,18.65,11.87,6.94,09:00:00,2024-01-13
HCM01,Nhà Bè,38.0,28.0,-0.002,17.23,10.36,6.67,09:30:00,2024-01-13
HCM01,Nhà Bè,38.0,28.52,0.05,16.33,10.47,7.55,10:00:00,2024-01-13
HCM01,Nhà Bè,38.0,28.57,0.039,17.32,9.18,7.21,10:30:00,2024-01-13
HCM01,Nhà Bè,38.0,27.89,-0.002,15.22,9.73,6.94,11:00:00,2024-01-13
HCM01,Nhà Bè,38.0,28.53,-0.005,11.3,9.81,6.72,11:30:00,2024-01-13
HCM01,Nhà Bè,38.0,28.89,0.004,13.14,8.9,7.27,12:00:00,2024-01-13
HCM01,Nhà Bè,38.0,27.85,-0.043,18.34,9.71,7.18,12:30:00,2024-01-13
HCM01,Nhà Bè,38.0,27.82,-0.018,12.37,8.32,7.57,13:00:00,2024-01-13
HCM01,Nhà Bè,38.0,29.84,-0.05,15.07,9.83,6.58,13:30:00,2024-01-13
HCM01,Nhà Bè,38.0,28.81,-0.035,18.02,8.77,7.35,14:00:00,2024-01-13
HCM01,Nhà Bè,38.0,28.66,-0.016,12.84,8.73,6.96,14:30:00,2024-01-13
HCM01,Nhà Bè,38.0,27.75,-0.031,13.69,8.69,7.2,15:00:00,2024-01-13
HCM01,Nhà Bè,38.0,28.35,-0.051,11.47,8.4,7.34,15:30:00,2024-01-13
HCM01,Nhà Bè,38.0,28.84,-0.019,11.59,8.33,6.43,16:00:00,2024-01-13
HCM01,Nhà Bè,38.0,28.02,-0.055,11.57,8.79,7.07,16:30:00,2024-01-13
HCM01,Nhà Bè,38.0,27.65,-0.025,11.4,7.79,6.89,17:00:00,2024-01-13
HCM01,Nhà Bè,38.0,28.36,-0.08,12.26,8.13,7.38,17:30:00,2024-01-13
HCM01,Nhà Bè,38.0,28.83,-0.108,15.56,9.29,6.6,18:00:00,2024-01-13
HCM01,Nhà Bè,38.0,26.54,-0.045,11.76,7.75,7.42,18:30:00,2024-01-13
HCM01,Nhà Bè,38.0,28.72,-0.02,9.83,7.55,7.85,19:00:00,2024-01-13
HCM01,Nhà Bè,38.0,28.34,-0.01,13.01,7.8,7.04,19:30:00,2024-01-13
HCM01,Nhà Bè,38.0,28.74,-0.027,10.48,6.91,6.34,20:00:00,2024-01-13
HCM01,Nhà Bè,38.0,26.88,-0.009,15.71,9.22,7.43,20:30:00,2024-01-13
HCM01,Nhà Bè,38.0,28.51,-0.032,13.15,8.93,7.33,21:00:00,2024-01-13
HCM01,Nhà Bè,38.0,28.75,-0.007,17.4,10.02,7.62,21:30:00,2024-01-13
HCM01,Nhà Bè,38.0,27.29,-0.04,9.99,7.95,6.8,22:00:00,2024-01-13
HCM01,Nhà Bè,38.0,28.38,0.002,14.75,8.44,7.42,22:30:00,2024-01-13
HCM01,Nhà Bè,38.0,28.19,0.033,14.48,8.03,7.41,23:00:00,2024-01-13
HCM01,Nhà Bè,38.0,27.7,0.025,11.26,8.22,6.86,23:30:00,2024-01-13
HCM02,Cát Lái,58.0,28.77,0.025,9.16,5.44,7.36,00:00:00,2024-01-14
HCM02,Cát Lái,58.0,28.59,0.041,9.76,5.93,7.54,00:30:00,2024-01-14
HCM02,Cát Lái,58.0,27.54,0.074,9.8,5.57,7.3,01:00:00,2024-01-14
HCM02,Cát Lái,58.0,28.96,0.063,8.79,5.55,7.27,01:30:00,2024-01-14
HCM02,Cát Lái,58.0,29.65,0.069,9.86,7.04,7.0,02:00:00,2024-01-14
HCM02,Cát Lái,58.0,27.66,0.047,12.28,6.92,7.1,02:30:00,2024-01-14
HCM02,Cát Lái,58.0,28.98,0.036,6.4,6.29,7.29,03:00:00,2024-01-14
HCM02,Cát Lái,58.0,28.55,0.076,9.43,6.74,7.11,03:30:00,2024-01-14
HCM02,Cát Lái,58.0,29.33,-0.024,9.24,5.85,7.43,04:00:00,2024-01-14
HCM02,Cát Lái,58.0,28.63,-0.045,14.03,6.97,6.86,04:30:00,2024-01-14
HCM02,Cát Lái,58.0,28.88,0.059,9.03,6.43,6.94,05:00:00,2024-01-14
HCM02,Cát Lái,58.0,27.49,0.038,8.04,5.56,6.98,05:30:00,2024-01-14
HCM02,Cát Lái,58.0,29.39,0.033,8.96,6.22,6.92,06:00:00,2024-01-14
HCM02,Cát Lái,58.0,30.34,0.038,11.86,7.44,7.5,06:30:00,2024-01-14
HCM02,Cát Lái,58.0,29.58,0.076,7.64,5.76,7.12,07:00:00,2024-01-14
HCM02,Cát Lái,58.0,27.81,0.013,12.48,6.97,7.13,07:30:00,2024-01-14
HCM02,Cát Lái,58.0,28.01,0.103,12.03,6.57,6.42,08:00:00,2024-01-14
HCM02,Cát Lái,58.0,28.53,-0.013,8.04,6.06,8.01,08:30:00,2024-01-14
HCM02,Cát Lái,58.0,29.67,0.027,10.71,7.11,7.39,09:00:00,2024-01-14
HCM02,Cát Lái,58.0,28.27,0.049,5.85,5.06,7.79,09:30:00,2024-01-14
HCM02,Cát Lái,58.0,28.22,0.065,6.43,5.82,8.17,10:00:00,2024-01-14
HCM02,Cát Lái,58.0,29.03,0.003,9.6,6.01,7.18,10:30:00,2024-01-14
HCM02,Cát Lái,58.0,27.14,0.013,9.26,5.79,7.9,11:00:00,2024-01-14
HCM02,Cát Lái,58.0,28.22,0.031,8.61,5.52,7.34,11:30:00,2024-01-14
HCM02,Cát Lái,58.0,28.86,-0.008,8.33,5.8,6.8,12:00:00,2024-01-14
HCM02,Cát Lái,58.0,27.18,-0.008,8.3,4.76,7.32,12:30:00,2024-01-14
HCM02,Cát Lái,58.0,28.53,-0.006,10.31,5.15,7.58,13:00:00,2024-01-14
HCM02,Cát Lái,58.0,28.73,-0.033,6.3,3.7,7.67,13:30:00,2024-01-14
HCM02,Cát Lái,58.0,29.07,-0.033,8.03,5.57,7.55,14:00:00,2024-01-14
HCM02,Cát Lái,58.0,29.14,-0.075,9.93,5.65,8.42,14:30:00,2024-01-14
HCM02,Cát Lái,58.0,28.92,-0.021,10.4,5.96,7.02,15:00:00,2024-01-14
HCM02,Cát Lái,58.0,27.34,-0.063,10.3,6.11,7.41,15:30:00,2024-01-14
HCM02,Cát Lái,58.0,28.63,-0.014,8.05,4.67,7.54,16:00:00,2024-01-14
HCM02,Cát Lái,58.0,29.76,-0.044,7.29,5.26,7.59,16:30:00,2024-01-14
HCM02,Cát Lái,58.0,28.53,-0.094,8.19,5.15,7.61,17:00:00,2024-01-14
HCM02,Cát Lái,58.0,28.37,-0.041,5.95,4.7,7.46,17:30:00,2024-01-14
HCM02,Cát Lái,58.0,26.35,-0.033,4.54,3.87,7.44,18:00:00,2024-01-14
HCM02,Cát Lái,58.0,27.83,-0.106,9.86,5.74,8.14,18:30:00,2024-01-14
HCM02,Cát Lái,58.0,27.79,-0.054,8.06,4.35,7.0,19:00:00,2024-01-14
HCM02,Cát Lái,58.0,28.38,-0.049,9.38,5.38,7.46,19:30:00,2024-01-14
HCM02,Cát Lái,58.0,28.25,-0.036,5.15,4.78,8.37,20:00:00,2024-01-14
HCM02,Cát Lái,58.0,29.11,-0.107,8.49,5.07,7.32,20:30:00,2024-01-14
HCM02,Cát Lái,58.0,28.62,-0.033,7.2,5.73,6.46,21:00:00,2024-01-14
HCM02,Cát Lái,58.0,28.89,-0.005,9.52,4.75,7.45,21:30:00,2024-01-14
HCM02,Cát Lái,58.0,27.74,0.01,7.26,4.86,7.37,22:00:00,2024-01-14
HCM02,Cát Lái,58.0,28.5,-0.025,6.8,5.35,7.68,22:30:00,2024-01-14
HCM02,Cát Lái,58.0,28.44,-0.012,5.88,4.45,7.36,23:00:00,2024-01-14
HCM02,Cát Lái,58.0,28.49,-0.006,8.88,5.8,7.28,23:30:00,2024-01-14
HCM04,Long Đại,80.0,28.75,0.027,1.35,1.15,7.5,00:00:00,2024-01-14
HCM04,Long Đại,80.0,29.02,-0.015,1.28,0.74,6.59,00:30:00,2024-01-14
HCM04,Long Đại,80.0,29.35,0.015,2.03,1.61,6.85,01:00:00,2024-01-14
HCM04,Long Đại,80.0,28.41,0.008,1.5,0.85,7.19,01:30:00,2024-01-14
HCM04,Long Đại,80.0,28.9,-0.042,1.49,0.85,7.79,02:00:00,2024-01-14
HCM04,Long Đại,80.0,28.9,0.007,2.43,1.35,7.11,02:30:00,2024-01-14
HCM04,Long Đại,80.0,28.79,0.074,2.87,1.93,7.61,03:00:00,2024-01-14
HCM04,Long Đại,80.0,28.46,0.02,0.81,0.48,8.23,03:30:00,2024-01-14
HCM04,Long Đại,80.0,28.42,-0.05,1.74,0.95,7.79,04:00:00,2024-01-14
HCM04,Long Đại,80.0,28.18,0.112,2.84,1.51,7.04,04:30:00,2024-01-14
HCM04,Long Đại,80.0,29.11,0.042,2.18,1.02,6.37,05:00:00,2024-01-14
HCM04,Long Đại,80.0,27.12,0.087,2.28,1.61,6.84,05:30:00,2024-01-14
HCM04,Long Đại,80.0,28.4,0.039,2.16,1.27,6.88,06:00:00,2024-01-14
HCM04,Long Đại,80.0,28.28,0.093,2.55,1.54,7.83,06:30:00,2024-01-14
HCM04,Long Đại,80.0,27.86,0.008,3.07,2.29,7.33,07:00:00,2024-01-14
HCM04,Long Đại,80.0,27.67,0.095,1.79,1.22,7.46,07:30:00,2024-01-14
HCM04,Long Đại,80.0,27.56,0.011,2.21,1.29,7.57,08:00:00,2024-01-14
HCM04,Long Đại,80.0,30.57,-0.001,2.17,1.43,7.28,08:30:00,2024-01-14
HCM04,Long Đại,80.0,29.28,0.031,2.01,1.55,7.42,09:00:00,2024-01-14
HCM04,Long Đại,80.0,27.95,0.019,2.75,1.55,7.37,09:30:00,2024-01-14
HCM04,Long Đại,80.0,28.74,-0.008,2.88,1.62,6.89,10:00:00,2024-01-14
HCM04,Long Đại,80.0,29.23,0.064,1.51,1.04,7.25,10:30:00,2024-01-14
HCM04,Long Đại,80.0,28.78,0.02,2.56,1.4,8.32,11:00:00,2024-01-14
HCM04,Long Đại,80.0,29.45,0.028,1.44,0.83,7.55,11:30:00,2024-01-14
HCM04,Long Đại,80.0,30.2,0.046,1.71,1.21,6.76,12:00:00,2024-01-14
HCM04,Long Đại,80.0,29.45,0.008,2.44,1.33,7.54,12:30:00,2024-01-14
HCM04,Long Đại,80.0,29.12,0.046,2.25,1.17,7.19,13:00:00,2024-01-14
HCM04,Long Đại,80.0,28.77,0.024,1.86,1.21,7.81,13:30:00,2024-01-14
HCM04,Long Đại,80.0,28.95,-0.001,1.28,0.81,7.54,14:00:00,2024-01-14
HCM04,Long Đại,80.0,29.22,0.004,1.72,1.2,7.23,14:30:00,2024-01-14
HCM04,Long Đại,80.0,28.07,-0.079,2.43,1.21,7.49,15:00:00,2024-01-14
HCM04,Long Đại,80.0,28.76,-0.027,1.74,0.96,7.68,15:30:00,2024-01-14
HCM04,Long Đại,80.0,26.99,-0.025,1.44,0.92,6.53,16:00:00,2024-01-14
HCM04,Long Đại,80.0,27.85,-0.029,1.78,1.12,7.17,16:30:00,2024-01-14
HCM04,Long Đại,80.0,29.5,-0.099,2.17,1.18,8.15,17:00:00,2024-01-14
HCM04,Long Đại,80.0,29.52,-0.076,1.72,1.16,6.35,17:30:00,2024-01-14
HCM04,Long Đại,80.0,27.3,-0.065,2.71,1.45,6.56,18:00:00,2024-01-14
HCM04,Long Đại,80.0,29.91,-0.063,2.48,1.32,8.33,18:30:00,2024-01-14
HCM04,Long Đại,80.0,26.82,-0.024,1.8,1.2,7.57,19:00:00,2024-01-14
HCM04,Long Đại,80.0,27.99,-0.066,1.44,1.13,7.38,19:30:00,2024-01-14
HCM04,Long Đại,80.0,28.18,-0.104,1.49,0.97,7.17,20:00:00,2024-01-14
HCM04,Long Đại,80.0,29.28,-0.078,2.4,1.35,7.17,20:30:00,2024-01-14
HCM04,Long Đại,80.0,28.67,-0.074,1.75,1.09,7.97,21:00:00,2024-01-14
HCM04,Long Đại,80.0,28.06,-0.027,0.85,0.79,7.53,21:30:00,2024-01-14
HCM04,Long Đại,80.0,27.99,-0.056,1.03,0.67,7.03,22:00:00,2024-01-14
HCM04,Long Đại,80.0,26.93,-0.03,1.33,0.74,8.05,22:30:00,2024-01-14
HCM04,Long Đại,80.0,27.51,-0.034,2.24,1.48,6.61,23:00:00,2024-01-14
HCM04,Long Đại,80.0,29.66,0.009,1.85,1.26,7.45,23:30:00,2024-01-14
HCM03,Lý Nhơn,7.0,27.16,-0.024,26.21,20.11,6.97,00:00:00,2024-01-14
HCM03,Lý Nhơn,7.0,28.5,-0.007,24.32,17.64,6.82,00:30:00,2024-01-14
HCM03,Lý Nhơn,7.0,29.38,-0.021,31.33,19.87,7.2,01:00:00,2024-01-14
HCM03,Lý Nhơn,7.0,27.5,0.03,29.96,15.97,7.22,01:30:00,2024-01-14
HCM03,Lý Nhơn,7.0,28.34,0.012,32.07,17.45,6.7,02:00:00,2024-01-14
HCM03,Lý Nhơn,7.0,28.64,0.043,27.13,16.62,6.04,02:30:00,2024-01-14
HCM03,Lý Nhơn,7.0,28.23,-0.007,30.17,19.28,6.57,03:00:00,2024-01-14
HCM03,Lý Nhơn,7.0,30.27,0.047,26.09,18.79,6.66,03:30:00,2024-01-14
HCM03,Lý Nhơn,7.0,28.7,0.047,40.99,21.94,5.84,04:00:00,2024-01-14
HCM03,Lý Nhơn,7.0,28.61,0.051,29.76,20.62,7.35,04:30:00,2024-01-14
HCM03,Lý Nhơn,7.0,28.44,0.03,29.18,18.33,6.66,05:00:00,2024-01-14
HCM03,Lý Nhơn,7.0,29.04,0.01,31.76,20.12,6.45,05:30:00,2024-01-14
HCM03,Lý Nhơn,7.0,29.26,0.117,40.82,21.38,7.29,06:00:00,2024-01-14
HCM03,Lý Nhơn,7.0,28.16,0.055,33.16,20.31,5.94,06:30:00,2024-01-14
HCM03,Lý Nhơn,7.0,28.85,0.052,40.59,22.47,6.18,07:00:00,2024-01-14
HCM03,Lý Nhơn,7.0,28.94,0.062,33.95,22.94,7.24,07:30:00,2024-01-14
HCM03,Lý Nhơn,7.0,30.22,0.041,31.44,22.78,6.72,08:00:00,2024-01-14
HCM03,Lý Nhơn,7.0,28.14,0.055,22.79,17.73,7.3,08:30:00,2024-01-14
HCM03,Lý Nhơn,7.0,26.89,0.027,30.15,19.87,6.82,09:00:00,2024-01-14
HCM03,Lý Nhơn,7.0,28.1,-0.013,22.25,15.89,7.3,09:30:00,2024-01-14
HCM03,Lý Nhơn,7.0,29.56,0.04,30.43,19.48,6.57,10:00:00,2024-01-14
HCM03,Lý Nhơn,7.0,28.27,-0.012,32.73,19.43,6.8,10:30:00,2024-01-14
HCM03,Lý Nhơn,7.0,29.79,0.016,29.73,19.02,6.71,11:00:00,2024-01-14
HCM03,Lý Nhơn,7.0,27.79,0.024,31.38,21.21,6.6,11:30:00,2024-01-14
HCM03,Lý Nhơn,7.0,28.98,0.015,34.61,18.93,7.26,12:00:00,2024-01-14
HCM03,Lý Nhơn,7.0,30.11,0.01,26.01,15.65,7.37,12:30:00,2024-01-14
HCM03,Lý Nhơn,7.0,28.36,-0.048,33.66,17.76,7.0,13:00:00,2024-01-14
HCM03,Lý Nhơn,7.0,27.9,0.019,26.14,18.66,7.03,13:30:00,2024-01-14
HCM03,Lý Nhơn,7.0,28.96,-0.031,34.68,16.55,6.69,14:00:00,2024-01-14
HCM03,Lý Nhơn,7.0,29.44,-0.049,32.05,18.35,7.1,14:30:00,2024-01-14
HCM03,Lý Nhơn,7.0,28.77,0.033,31.87,15.63,7.02,15:00:00,2024-01-14
HCM03,Lý Nhơn,7.0,28.77,-0.086,28.23,16.48,7.04,15:30:00,2024-01-14
HCM03,Lý Nhơn,7.0,28.48,-0.036,20.54,14.2,5.71,16:00:00,2024-01-14
HCM03,Lý Nhơn,7.0,27.93,-0.061,23.93,15.59,7.41,16:30:00,2024-01-14
HCM03,Lý Nhơn,7.0,28.42,-0.067,23.62,11.61,6.34,17:00:00,2024-01-14
HCM03,Lý Nhơn,7.0,28.05,-0.058,26.94,14.47,7.69,17:30:00,2024-01-14
HCM03,Lý Nhơn,7.0,27.03,-0.075,29.03,15.85,6.49,18:00:00,2024-01-14
HCM03,Lý Nhơn,7.0,26.79,-0.077,25.45,15.01,6.79,18:30:00,2024-01-14
HCM03,Lý Nhơn,7.0,28.14,-0.084,28.69,15.48,7.15,19:00:00,2024-01-14
HCM03,Lý Nhơn,7.0,27.76,-0.064,23.37,16.28,7.65,19:30:00,2024-01-14
HCM03,Lý Nhơn,7.0,27.54,-0.061,21.01,15.47,6.86,20:00:00,2024-01-14
HCM03,Lý Nhơn,7.0,27.54,-0.021,24.99,17.74,6.45,20:30:00,2024-01-14
HCM03,Lý Nhơn,7.0,28.03,-0.005,28.5,18.68,7.12,21:00:00,2024-01-14
HCM03,Lý Nhơn,7.0,27.99,-0.029,27.06,17.06,7.34,21:30:00,2024-01-14
HCM03,Lý Nhơn,7.0,27.06,-0.048,27.74,16.4,7.05,22:00:00,2024-01-14
HCM03,Lý Nhơn,7.0,28.32,-0.026,23.98,16.51,6.92,22:30:00,2024-01-14
HCM03,Lý Nhơn,7.0,29.34,-0.019,26.66,18.65,5.45,23:00:00,2024-01-14
HCM03,Lý Nhơn,7.0,27.55,-0.004,35.31,21.31,7.02,23:30:00,2024-01-14
HCM01,Nhà Bè,38.0,29.12,-0.02,15.49,10.73,7.56,00:00:00,2024-01-14
HCM01,Nhà Bè,38.0,26.71,0.047,12.98,9.54,7.04,00:30:00,2024-01-14
HCM01,Nhà Bè,38.0,28.73,-0.008,11.98,8.49,6.73,01:00:00,2024-01-14
HCM01,Nhà Bè,38.0,30.23,0.061,10.84,8.63,7.17,01:30:00,2024-01-14
HCM01,Nhà Bè,38.0,26.58,0.041,16.01,10.17,6.79,02:00:00,2024-01-14
HCM01,Nhà Bè,38.0,28.04,0.082,18.98,9.72,7.28,02:30:00,2024-01-14
HCM01,Nhà Bè,38.0,28.59,-0.002,13.41,10.27,7.38,03:00:00,2024-01-14
HCM01,Nhà Bè,38.0,27.74,0.095,17.01,9.85,7.87,03:30:00,2024-01-14
HCM01,Nhà Bè,38.0,28.61,0.024,19.96,10.76,6.88,04:00:00,2024-01-14
HCM01,Nhà Bè,38.0,28.67,0.076,17.27,11.98,6.84,04:30:00,2024-01-14
HCM01,Nhà Bè,38.0,29.6,0.045,14.34,8.56,7.49,05:00:00,2024-01-14
HCM01,Nhà Bè,38.0,27.01,0.103,16.91,9.4,7.84,05:30:00,2024-01-14
HCM01,Nhà Bè,38.0,28.14,0.01,17.01,10.42,7.57,06:00:00,2024-01-14
HCM01,Nhà Bè,38.0,29.78,0.045,18.1,11.04,6.83,06:30:00,2024-01-14
HCM01,Nhà Bè,38.0,28.46,0.07,14.15,9.28,7.02,07:00:00,2024-01-14
HCM01,Nhà Bè,38.0,27.77,0.018,18.54,10.99,6.1,07:30:00,2024-01-14
HCM01,Nhà Bè,38.0,29.79,0.059,17.89,11.72,7.7,08:00:00,2024-01-14
HCM01,Nhà Bè,38.0,28.06,0.073,15.3,10.55,6.45,08:30:00,2024-01-14
HCM01,Nhà Bè,38.0,28.47,0.068,19.71,10.18,6.52,09:00:00,2024-01-14
HCM01,Nhà Bè,38.0,28.16,0.018,13.72,9.68,7.83,09:30:00,2024-01-14
HCM01,Nhà Bè,38.0,27.81,0.067,11.72,8.57,6.93,10:00:00,2024-01-14
HCM01,Nhà Bè,38.0,27.47,0.018,14.65,9.5,7.31,10:30:00,2024-01-14
HCM01,Nhà Bè,38.0,29.26,0.0,14.54,9.73,6.66,11:00:00,2024-01-14
HCM01,Nhà Bè,38.0,27.82,-0.017,15.14,8.45,7.05,11:30:00,2024-01-14
HCM01,Nhà Bè,38.0,28.68,-0.012,13.55,9.11,7.27,12:00:00,2024-01-14
HCM01,Nhà Bè,38.0,28.55,-0.045,14.42,8.37,7.78,12:30:00,2024-01-14
HCM01,Nhà Bè,38.0,27.88,-0.006,11.83,7.11,6.55,13:00:00,2024-01-14
HCM01,Nhà Bè,38.0,28.26,-0.053,13.6,7.49,7.38,13:30:00,2024-01-14
HCM01,Nhà Bè,38.0,27.82,-0.068,15.75,8.63,6.75,14:00:00,2024-01-14
HCM01,Nhà Bè,38.0,29.2,-0.021,13.43,8.57,6.97,14:30:00,2024-01-14
HCM01,Nhà Bè,38.0,26.76,-0.063,10.67,7.8,7.55,15:00:00,2024-01-14
HCM01,Nhà Bè,38.0,29.6,-0.029,12.5,8.2,8.02,15:30:00,2024-01-14
HCM01,Nhà Bè,38.0,29.44,-0.073,11.16,7.6,7.56,16:00:00,2024-01-14
HCM01,Nhà Bè,38.0,28.49,-0.043,11.8,8.54,7.32,16:30:00,2024-01-14
HCM01,Nhà Bè,38.0,27.4,-0.038,9.77,8.23,7.52,17:00:00,2024-01-14
HCM01,Nhà Bè,38.0,26.36,-0.062,14.87,9.21,6.95,17:30:00,2024-01-14
HCM01,Nhà Bè,38.0,27.72,0.003,12.65,8.85,7.89,18:00:00,2024-01-14
HCM01,Nhà Bè,38.0,27.84,-0.042,12.54,8.45,7.19,18:30:00,2024-01-14
HCM01,Nhà Bè,38.0,28.77,-0.079,13.34,8.69,6.84,19:00:00,2024-01-14
HCM01,Nhà Bè,38.0,28.56,-0.031,11.83,7.48,7.51,19:30:00,2024-01-14
HCM01,Nhà Bè,38.0,29.12,-0.042,13.57,8.27,6.93,20:00:00,2024-01-14
HCM01,Nhà Bè,38.0,29.02,-0.017,11.97,7.67,7.37,20:30:00,2024-01-14
HCM01,Nhà Bè,38.0,28.01,-0.096,12.3,8.28,6.78,21:00:00,2024-01-14
HCM01,Nhà Bè,38.0,29.09,-0.037,15.77,9.81,7.53,21:30:00,2024-01-14
HCM01,Nhà Bè,38.0,28.96,-0.01,16.68,9.3,7.56,22:00:00,2024-01-14
HCM01,Nhà Bè,38.0,27.98,-0.019,15.66,10.36,6.09,22:30:00,2024-01-14
HCM01,Nhà Bè,38.0,29.07,-0.008,17.87,9.55,6.9,23:00:00,2024-01-14
HCM01,Nhà Bè,38.0,28.55,-0.026,14.36,8.78,7.04,23:30:00,2024-01-14
HCM02,Cát Lái,58.0,27.18,0.018,9.81,4.49,7.26,00:00:00,2024-01-15
HCM02,Cát Lái,58.0,27.97,-0.036,7.74,5.14,7.33,00:30:00,2024-01-15
HCM02,Cát Lái,58.0,29.5,0.005,11.42,6.62,7.56,01:00:00,2024-01-15
HCM02,Cát Lái,58.0,27.06,0.078,8.96,5.19,8.01,01:30:00,2024-01-15
HCM02,Cát Lái,58.0,27.7,0.016,11.68,6.13,7.64,02:00:00,2024-01-15
HCM02,Cát Lái,58.0,27.81,0.012,11.03,6.76,8.26,02:30:00,2024-01-15
HCM02,Cát Lái,58.0,28.5,0.048,8.65,5.68,7.33,03:00:00,2024-01-15
HCM02,Cát Lái,58.0,26.81,0.006,12.6,6.47,7.55,03:30:00,2024-01-15
HCM02,Cát Lái,58.0,30.34,0.037,10.52,6.73,6.34,04:00:00,2024-01-15
HCM02,Cát Lái,58.0,28.47,0.07,11.68,6.85,6.4,04:30:00,2024-01-15
HCM02,Cát Lái,58.0,26.79,0.078,11.94,7.57,7.37,05:00:00,2024-01-15
HCM02,Cát Lái,58.0,29.32,0.094,11.46,7.36,8.27,05:30:00,2024-01-15
HCM02,Cát Lái,58.0,26.2,0.002,8.15,5.28,7.19,06:00:00,2024-01-15
HCM02,Cát Lái,58.0,29.33,0.011,10.12,5.97,6.86,06:30:00,2024-01-15
HCM02,Cát Lái,58.0,28.74,0.075,9.9,7.02,6.8,07:00:00,2024-01-15
HCM02,Cát Lái,58.0,27.0,0.05,8.81,6.49,7.03,07:30:00,2024-01-15
HCM02,Cát Lái,58.0,28.24,0.058,9.41,6.43,7.42,08:00:00,2024-01-15
HCM02,Cát Lái,58.0,28.79,0.047,8.05,5.1,7.77,08:30:00,2024-01-15
HCM02,Cát Lái,58.0,30.14,0.021,9.6,6.52,8.32,09:00:00,2024-01-15
HCM02,Cát Lái,58.0,27.98,0.023,9.27,6.54,8.11,09:30:00,2024-01-15
HCM02,Cát Lái,58.0,28.58,0.015,9.27,5.63,7.58,10:00:00,2024-01-15
HCM02,Cát Lái,58.0,27.47,0.052,14.95,6.83,7.08,10:30:00,2024-01-15
HCM02,Cát Lái,58.0,27.89,0.003,11.71,6.09,7.72,11:00:00,2024-01-15
HCM02,Cát Lái,58.0,27.81,-0.044,7.71,4.86,7.26,11:30:00,2024-01-15
HCM02,Cát Lái,58.0,28.41,0.053,7.65,5.53,7.79,12:00:00,2024-01-15
HCM02,Cát Lái,58.0,28.0,-0.043,8.54,5.79,7.6,12:30:00,2024-01-15
HCM02,Cát Lái,58.0,28.23,-0.015,8.48,5.37,7.09,13:00:00,2024-01-15
HCM02,Cát Lái,58.0,29.84,-0.017,11.23,5.82,7.22,13:30:00,2024-01-15
HCM02,Cát Lái,58.0,27.84,-0.008,7.92,5.53,7.29,14:00:00,2024-01-15
HCM02,Cát Lái,58.0,29.03,-0.009,6.94,5.31,7.53,14:30:00,2024-01-15
HCM02,Cát Lái,58.0,28.24,-0.007,7.06,4.69,7.59,15:00:00,2024-01-15
HCM02,Cát Lái,58.0,28.71,-0.046,7.81,5.29,7.37,15:30:00,2024-01-15
HCM02,Cát Lái,58.0,28.8,-0.026,6.81,4.64,7.31,16:00:00,2024-01-15
HCM02,Cát Lái,58.0,29.31,-0.025,6.45,4.74,6.53,16:30:00,2024-01-15
HCM02,Cát Lái,58.0,28.99,-0.017,9.92,4.73,8.05,17:00:00,2024-01-15
HCM02,Cát Lái,58.0,29.36,-0.042,8.2,4.72,7.24,17:30:00,2024-01-15
HCM02,Cát Lái,58.0,28.8,-0.083,9.98,5.57,7.61,18:00:00,2024-01-15
HCM02,Cát Lái,58.0,29.05,-0.043,8.41,4.58,7.05,18:30:00,2024-01-15
HCM02,Cát Lái,58.0,29.37,-0.054,8.44,4.66,7.8,19:00:00,2024-01-15
HCM02,Cát Lái,58.0,28.41,-0.059,8.99,5.0,7.07,19:30:00,2024-01-15
HCM02,Cát Lái,58.0,28.73,-0.071,7.38,4.01,6.73,20:00:00,2024-01-15
HCM02,Cát Lái,58.0,27.63,-0.065,8.11,5.37,6.86,20:30:00,2024-01-15
HCM02,Cát Lái,58.0,27.91,-0.085,4.83,4.64,7.02,21:00:00,2024-01-15
HCM02,Cát Lái,58.0,29.0,-0.071,8.37,4.81,6.65,21:30:00,2024-01-15
HCM02,Cát Lái,58.0,30.02,-0.055,7.29,4.72,6.71,22:00:00,2024-01-15
HCM02,Cát Lái,58.0,28.86,-0.072,6.03,5.16,7.72,22:30:00,2024-01-15
HCM02,Cát Lái,58.0,29.52,-0.029,6.42,4.57,7.45,23:00:00,2024-01-15
HCM02,Cát Lái,58.0,28.24,-0.035,11.6,5.84,7.12,23:30:00,2024-01-15
HCM04,Long Đại,80.0,27.76,-0.028,2.9,1.51,7.79,00:00:00,2024-01-15
HCM04,Long Đại,80.0,28.87,0.025,1.7,1.15,6.82,00:30:00,2024-01-15
HCM04,Long Đại,80.0,30.26,0.047,1.91,1.12,8.57,01:00:00,2024-01-15
HCM04,Long Đại,80.0,28.66,0.012,1.93,1.19,7.57,01:30:00,2024-01-15
HCM04,Long Đại,80.0,28.73,0.002,1.91,1.19,7.68,02:00:00,2024-01-15
HCM04,Long Đại,80.0,28.58,0.015,2.45,1.37,7.04,02:30:00,2024-01-15
HCM04,Long Đại,80.0,28.95,0.023,1.8,1.15,7.14,03:00:00,2024-01-15
HCM04,Long Đại,80.0,28.36,0.041,2.07,1.31,7.25,03:30:00,2024-01-15
HCM04,Long Đại,80.0,29.95,0.028,2.58,1.6,7.44,04:00:00,2024-01-15
HCM04,Long Đại,80.0,27.45,0.047,1.26,1.01,6.54,04:30:00,2024-01-15
HCM04,Long Đại,80.0,26.77,0.053,3.33,2.01,7.76,05:00:00,2024-01-15
HCM04,Long Đại,80.0,30.83,0.062,1.44,1.14,7.46,05:30:00,2024-01-15
HCM04,Long Đại,80.0,28.58,0.021,2.22,1.52,7.54,06:00:00,2024-01-15
HCM04,Long Đại,80.0,27.93,0.048,3.0,2.07,7.67,06:30:00,2024-01-15
HCM04,Long Đại,80.0,28.25,0.101,2.39,1.41,7.4,07:00:00,2024-01-15
HCM04,Long Đại,80.0,28.81,0.056,2.33,1.8,7.06,07:30:00,2024-01-15
HCM04,Long Đại,80.0,27.87,0.03,2.12,1.41,7.41,08:00:00,2024-01-15
HCM04,Long Đại,80.0,28.91,0.053,2.35,1.35,7.85,08:30:00,2024-01-15
HCM04,Long Đại,80.0,26.62,0.024,1.93,1.35,8.01,09:00:00,2024-01-15
HCM04,Long Đại,80.0,27.42,0.032,2.79,1.45,7.81,09:30:00,2024-01-15
HCM04,Long Đại,80.0,30.0,0.005,2.46,1.48,7.7,10:00:00,2024-01-15
HCM04,Long Đại,80.0,28.84,0.014,1.83,0.98,7.75,10:30:00,2024-01-15
HCM04,Long Đại,80.0,29.17,0.0,1.68,1.49,8.14,11:00:00,2024-01-15
HCM04,Long Đại,80.0,29.26,-0.002,1.16,0.98,7.15,11:30:00,2024-01-15
HCM04,Long Đại,80.0,27.89,0.012,2.04,1.33,8.21,12:00:00,2024-01-15
HCM04,Long Đại,80.0,29.12,0.02,2.42,1.44,7.69,12:30:00,2024-01-15
HCM04,Long Đại,80.0,28.13,0.013,2.53,1.5,7.63,13:00:00,2024-01-15
HCM04,Long Đại,80.0,29.29,-0.039,1.46,1.35,8.55,13:30:00,2024-01-15
HCM04,Long Đại,80.0,28.02,-0.024,1.96,1.09,7.51,14:00:00,2024-01-15
HCM04,Long Đại,80.0,27.11,-0.009,1.28,0.83,7.2,14:30:00,2024-01-15
HCM04,Long Đại,80.0,29.28,-0.039,2.19,1.34,8.12,15:00:00,2024-01-15
HCM04,Long Đại,80.0,30.19,-0.069,1.02,0.57,7.7,15:30:00,2024-01-15
HCM04,Long Đại,80.0,27.76,-0.041,1.89,0.95,7.55,16:00:00,2024-01-15
HCM04,Long Đại,80.0,28.79,-0.036,2.49,1.39,6.94,16:30:00,2024-01-15
HCM04,Long Đại,80.0,28.19,-0.137,1.75,0.97,7.37,17:00:00,2024-01-15
HCM04,Long Đại,80.0,29.53,-0.028,1.52,1.08,8.11,17:30:00,2024-01-15
HCM04,Long Đại,80.0,28.84,-0.025,1.83,1.11,7.44,18:00:00,2024-01-15
HCM04,Long Đại,80.0,28.11,-0.043,1.85,1.24,7.55,18:30:00,2024-01-15
HCM04,Long Đại,80.0,29.43,-0.059,1.83,1.38,7.01,19:00:00,2024-01-15
HCM04,Long Đại,80.0,28.81,0.028,1.16,0.66,7.36,19:30:00,2024-01-15
HCM04,Long Đại,80.0,28.1,-0.043,2.07,1.4,8.0,20:00:00,2024-01-15
HCM04,Long Đại,80.0,28.73,-0.038,1.92,1.05,8.44,20:30:00,2024-01-15
HCM04,Long Đại,80.0,29.37,-0.08,1.65,0.89,7.44,21:00:00,2024-01-15
HCM04,Long Đại,80.0,28.89,-0.042,2.27,1.44,7.11,21:30:00,2024-01-15
HCM04,Long Đại,80.0,29.2,-0.035,1.08,0.81,7.78,22:00:00,2024-01-15
HCM04,Long Đại,80.0,29.54,-0.068,2.35,1.15,6.98,22:30:00,2024-01-15
HCM04,Long Đại,80.0,27.76,0.003,2.3,1.51,8.23,23:00:00,2024-01-15
HCM04,Long Đại,80.0,28.89,0.007,2.04,1.24,7.05,23:30:00,2024-01-15
HCM03,Lý Nhơn,7.0,28.22,0.002,32.3,15.58,7.02,00:00:00,2024-01-15
HCM03,Lý Nhơn,7.0,27.64,-0.013,25.88,18.8,6.77,00:30:00,2024-01-15
HCM03,Lý Nhơn,7.0,28.12,0.044,34.91,20.36,6.8,01:00:00,2024-01-15
HCM03,Lý Nhơn,7.0,28.37,0.025,44.94,22.22,7.2,01:30:00,2024-01-15
HCM03,Lý Nhơn,7.0,29.25,0.038,35.41,20.28,5.87,02:00:00,2024-01-15
HCM03,Lý Nhơn,7.0,26.91,0.05,37.74,19.63,6.39,02:30:00,2024-01-15
HCM03,Lý Nhơn,7.0,28.49,0.077,29.7,17.24,6.14,03:00:00,2024-01-15
HCM03,Lý Nhơn,7.0,28.98,0.01,40.15,23.46,5.79,03:30:00,2024-01-15
HCM03,Lý Nhơn,7.0,28.98,0.018,30.28,20.84,6.69,04:00:00,2024-01-15
HCM03,Lý Nhơn,7.0,27.57,0.082,32.08,20.27,7.01,04:30:00,2024-01-15
HCM03,Lý Nhơn,7.0,29.41,0.068,31.98,18.73,6.28,05:00:00,2024-01-15
HCM03,Lý Nhơn,7.0,28.75,0.086,28.68,20.02,6.99,05:30:00,2024-01-15
HCM03,Lý Nhơn,7.0,27.94,0.035,44.36,23.47,6.16,06:00:00,2024-01-15
HCM03,Lý Nhơn,7.0,28.14,0.064,36.94,19.82,6.21,06:30:00,2024-01-15
HCM03,Lý Nhơn,7.0,29.27,0.083,43.09,24.15,6.62,07:00:00,2024-01-15
HCM03,Lý Nhơn,7.0,28.52,-0.043,35.09,21.23,7.16,07:30:00,2024-01-15
HCM03,Lý Nhơn,7.0,29.02,-0.015,36.08,22.16,6.33,08:00:00,2024-01-15
HCM03,Lý Nhơn,7.0,28.46,0.032,33.71,18.94,6.88,08:30:00,2024-01-15
HCM03,Lý Nhơn,7.0,27.47,0.102,27.28,19.88,6.0,09:00:00,2024-01-15
HCM03,Lý Nhơn,7.0,27.54,0.037,36.31,19.52,7.39,09:30:00,2024-01-15
HCM03,Lý Nhơn,7.0,28.18,0.035,45.86,22.76,6.49,10:00:00,2024-01-15
HCM03,Lý Nhơn,7.0,28.02,-0.01,28.27,17.56,7.03,10:30:00,2024-01-15
HCM03,Lý Nhơn,7.0,28.55,0.015,28.9,18.32,6.24,11:00:00,2024-01-15
HCM03,Lý Nhơn,7.0,29.6,-0.013,27.34,16.28,6.32,11:30:00,2024-01-15
HCM03,Lý Nhơn,7.0,29.08,0.056,33.2,18.89,6.69,12:00:00,2024-01-15
HCM03,Lý Nhơn,7.0,28.02,0.001,33.19,19.83,6.58,12:30:00,2024-01-15
HCM03,Lý Nhơn,7.0,28.89,-0.037,34.76,19.57,6.93,13:00:00,2024-01-15
HCM03,Lý Nhơn,7.0,28.08,-0.067,24.54,18.61,5.63,13:30:00,2024-01-15
HCM03,Lý Nhơn,7.0,29.41,-0.064,22.16,18.66,6.86,14:00:00,2024-01-15
HCM03,Lý Nhơn,7.0,29.06,-0.011,23.86,14.02,6.72,14:30:00,2024-01-15
HCM03,Lý Nhơn,7.0,31.01,-0.065,23.38,16.25,6.45,15:00:00,2024-01-15
HCM03,Lý Nhơn,7.0,27.26,-0.032,24.7,16.7,7.36,15:30:00,2024-01-15
HCM03,Lý Nhơn,7.0,29.55,-0.096,22.54,15.28,7.67,16:00:00,2024-01-15
HCM03,Lý Nhơn,7.0,28.64,-0.034,30.35,16.82,6.32,16:30:00,2024-01-15
HCM03,Lý Nhơn,7.0,28.55,-0.024,25.13,16.1,6.64,17:00:00,2024-01-15
HCM03,Lý Nhơn,7.0,28.53,-0.07,13.92,14.84,7.45,17:30:00,2024-01-15
HCM03,Lý Nhơn,7.0,28.99,-0.091,27.74,16.03,7.4,18:00:00,2024-01-15
HCM03,Lý Nhơn,7.0,28.83,-0.049,18.35,12.71,6.29,18:30:00,2024-01-15
HCM03,Lý Nhơn,7.0,29.99,-0.014,15.85,14.39,6.53,19:00:00,2024-01-15
HCM03,Lý Nhơn,7.0,28.01,-0.038,30.5,15.41,6.61,19:30:00,2024-01-15
HCM03,Lý Nhơn,7.0,29.11,-0.028,26.02,15.5,7.24,20:00:00,2024-01-15
HCM03,Lý Nhơn,7.0,27.48,-0.008,23.57,15.4,6.25,20:30:00,2024-01-15
HCM03,Lý Nhơn,7.0,29.09,0.009,33.25,17.19,6.27,21:00:00,2024-01-15
HCM03,Lý Nhơn,7.0,27.65,-0.07,32.19,17.37,6.57,21:30:00,2024-01-15
HCM03,Lý Nhơn,7.0,28.44,-0.044,23.08,14.73,7.0,22:00:00,2024-01-15
HCM03,Lý Nhơn,7.0,27.86,-0.004,29.36,19.72,6.56,22:30:00,2024-01-15
HCM03,Lý Nhơn,7.0,28.69,0.01,30.49,18.09,7.47,23:00:00,2024-01-15
HCM03,Lý Nhơn,7.0,28.61,-0.007,36.62,18.27,6.35,23:30:00,2024-01-15
HCM01,Nhà Bè,38.0,29.66,0.007,14.35,7.93,7.91,00:00:00,2024-01-15
HCM01,Nhà Bè,38.0,28.44,0.006,18.25,10.04,7.21,00:30:00,2024-01-15
HCM01,Nhà Bè,38.0,29.02,0.021,15.86,10.01,6.68,01:00:00,2024-01-15
HCM01,Nhà Bè,38.0,28.03,0.052,22.1,11.16,7.46,01:30:00,2024-01-15
HCM01,Nhà Bè,38.0,27.51,0.055,20.38,12.08,6.39,02:00:00,2024-01-15
HCM01,Nhà Bè,38.0,28.81,0.017,21.89,11.54,7.16,02:30:00,2024-01-15
HCM01,Nhà Bè,38.0,29.15,0.049,17.24,9.2,7.47,03:00:00,2024-01-15
HCM01,Nhà Bè,38.0,28.9,0.062,19.27,12.12,7.21,03:30:00,2024-01-15
HCM01,Nhà Bè,38.0,27.98,0.031,18.8,11.19,6.65,04:00:00,2024-01-15
HCM01,Nhà Bè,38.0,30.72,0.092,17.22,10.12,7.81,04:30:00,2024-01-15
HCM01,Nhà Bè,38.0,29.03,0.04,23.04,12.82,7.01,05:00:00,2024-01-15
HCM01,Nhà Bè,38.0,29.62,0.101,14.49,9.49,6.83,05:30:00,2024-01-15
HCM01,Nhà Bè,38.0,29.22,0.059,13.54,10.56,6.9,06:00:00,2024-01-15
HCM01,Nhà Bè,38.0,27.89,0.065,20.76,12.11,5.9,06:30:00,2024-01-15
HCM01,Nhà Bè,38.0,29.72,0.073,13.89,10.07,7.61,07:00:00,2024-01-15
HCM01,Nhà Bè,38.0,28.51,0.081,16.86,10.35,7.23,07:30:00,2024-01-15
HCM01,Nhà Bè,38.0,28.06,0.074,17.42,10.8,6.53,08:00:00,2024-01-15
HCM01,Nhà Bè,38.0,28.68,0.068,20.75,11.82,7.12,08:30:00,2024-01-15
HCM01,Nhà Bè,38.0,28.02,0.049,13.8,10.7,7.03,09:00:00,2024-01-15
HCM01,Nhà Bè,38.0,27.01,0.06,16.73,11.74,7.24,09:30:00,2024-01-15
HCM01,Nhà Bè,38.0,30.05,-0.004,15.18,10.74,7.11,10:00:00,2024-01-15
HCM01,Nhà Bè,38.0,29.34,0.002,14.06,8.61,6.44,10:30:00,2024-01-15
HCM01,Nhà Bè,38.0,28.28,0.051,14.21,9.89,7.09,11:00:00,2024-01-15
HCM01,Nhà Bè,38.0,28.44,-0.024,15.98,9.05,7.04,11:30:00,2024-01-15
HCM01,Nhà Bè,38.0,30.06,-0.003,11.32,9.05,6.84,12:00:00,2024-01-15
HCM01,Nhà Bè,38.0,29.77,-0.048,13.54,9.04,6.83,12:30:00,2024-01-15
HCM01,Nhà Bè,38.0,27.71,0.053,11.89,7.77,7.46,13:00:00,2024-01-15
HCM01,Nhà Bè,38.0,27.89,-0.023,19.66,11.67,6.94,13:30:00,2024-01-15
HCM01,Nhà Bè,38.0,26.93,-0.017,10.48,7.67,6.44,14:00:00,2024-01-15
HCM01,Nhà Bè,38.0,28.47,-0.032,15.4,10.5,7.03,14:30:00,2024-01-15
HCM01,Nhà Bè,38.0,27.96,-0.03,12.71,8.4,7.38,15:00:00,2024-01-15
HCM01,Nhà Bè,38.0,28.15,-0.043,12.71,8.26,6.79,15:30:00,2024-01-15
HCM01,Nhà Bè,38.0,28.99,-0.054,15.63,9.64,8.17,16:00:00,2024-01-15
HCM01,Nhà Bè,38.0,28.31,-0.056,10.46,7.43,7.03,16:30:00,2024-01-15
HCM01,Nhà Bè,38.0,28.85,-0.035,12.3,7.08,7.47,17:00:00,2024-01-15
HCM01,Nhà Bè,38.0,28.98,-0.059,14.64,8.29,7.75,17:30:00,2024-01-15
HCM01,Nhà Bè,38.0,27.73,-0.106,16.64,8.99,7.82,18:00:00,2024-01-15
HCM01,Nhà Bè,38.0,27.76,-0.049,14.77,9.7,7.19,18:30:00,2024-01-15
HCM01,Nhà Bè,38.0,29.17,-0.046,15.0,8.88,7.43,19:00:00,2024-01-15
HCM01,Nhà Bè,38.0,27.45,-0.052,18.0,9.16,7.76,19:30:00,2024-01-15
HCM01,Nhà Bè,38.0,28.44,-0.046,16.79,10.08,7.28,20:00:00,2024-01-15
HCM01,Nhà Bè,38.0,29.13,-0.004,10.74,8.02,6.86,20:30:00,2024-01-15
HCM01,Nhà Bè,38.0,28.91,-0.063,10.4,8.02,7.32,21:00:00,2024-01-15
HCM01,Nhà Bè,38.0,27.98,-0.07,13.41,9.56,6.93,21:30:00,2024-01-15
HCM01,Nhà Bè,38.0,27.32,-0.047,11.79,9.34,7.21,22:00:00,2024-01-15
HCM01,Nhà Bè,38.0,28.89,0.014,15.68,10.1,7.52,22:30:00,2024-01-15
HCM01,Nhà Bè,38.0,26.56,0.028,14.19,10.73,7.24,23:00:00,2024-01-15
HCM01,Nhà Bè,38.0,27.82,-0.011,18.5,9.99,6.64,23:30:00,2024-01-15
HCM02,Cát Lái,58.0,28.04,-0.013,9.05,6.36,7.47,00:00:00,2024-01-16
HCM02,Cát Lái,58.0,28.19,0.012,8.67,5.84,7.88,00:30:00,2024-01-16
HCM02,Cát Lái,58.0,28.6,-0.069,14.25,6.68,6.7,01:00:00,2024-01-16
HCM02,Cát Lái,58.0,29.7,0.045,10.47,6.98,7.92,01:30:00,2024-01-16
HCM02,Cát Lái,58.0,28.41,-0.006,12.95,7.19,6.38,02:00:00,2024-01-16
HCM02,Cát Lái,58.0,28.92,0.052,6.91,5.28,7.0,02:30:00,2024-01-16
HCM02,Cát Lái,58.0,27.99,0.006,9.46,6.17,6.78,03:00:00,2024-01-16
HCM02,Cát Lái,58.0,28.32,0.028,14.99,7.36,7.07,03:30:00,2024-01-16
HCM02,Cát Lái,58.0,30.42,0.014,10.94,6.3,7.21,04:00:00,2024-01-16
HCM02,Cát Lái,58.0,28.41,0.044,9.54,6.86,6.65,04:30:00,2024-01-16
HCM02,Cát Lái,58.0,28.5,0.087,11.4,7.47,7.36,05:00:00,2024-01-16
HCM02,Cát Lái,58.0,28.97,-0.009,12.0,7.05,7.35,05:30:00,2024-01-16
HCM02,Cát Lái,58.0,29.98,0.053,13.34,7.74,6.77,06:00:00,2024-01-16
HCM02,Cát Lái,58.0,27.98,0.025,8.7,6.02,7.11,06:30:00,2024-01-16
HCM02,Cát Lái,58.0,29.73,0.035,11.89,7.07,7.5,07:00:00,2024-01-16
HCM02,Cát Lái,58.0,27.58,0.091,11.35,6.55,7.06,07:30:00,2024-01-16
HCM02,Cát Lái,58.0,29.02,0.055,9.16,6.38,8.82,08:00:00,2024-01-16
HCM02,Cát Lái,58.0,28.72,0.053,10.8,6.54,8.08,08:30:00,2024-01-16
HCM02,Cát Lái,58.0,29.11,-0.013,9.2,8.09,7.32,09:00:00,2024-01-16
HCM02,Cát Lái,58.0,27.89,0.071,13.0,7.2,6.22,09:30:00,2024-01-16
HCM02,Cát Lái,58.0,28.33,0.081,11.18,7.0,6.86,10:00:00,2024-01-16
HCM02,Cát Lái,58.0,28.61,-0.003,10.53,6.98,6.53,10:30:00,2024-01-16
HCM02,Cát Lái,58.0,29.79,-0.021,9.95,5.62,7.17,11:00:00,2024-01-16
HCM02,Cát Lái,58.0,28.55,0.002,10.96,6.18,7.32,11:30:00,2024-01-16
HCM02,Cát Lái,58.0,27.16,0.011,8.55,5.54,7.4,12:00:00,2024-01-16
HCM02,Cát Lái,58.0,28.03,-0.022,14.19,7.19,7.43,12:30:00,2024-01-16
HCM02,Cát Lái,58.0,28.18,-0.032,12.11,6.0,7.96,13:00:00,2024-01-16
HCM02,Cát Lái,58.0,26.36,0.023,10.37,6.14,6.98,13:30:00,2024-01-16
HCM02,Cát Lái,58.0,29.46,-0.012,12.04,5.31,7.95,14:00:00,2024-01-16
HCM02,Cát Lái,58.0,28.28,-0.053,11.82,6.65,6.49,14:30:00,2024-01-16
HCM02,Cát Lái,58.0,29.11,-0.045,9.7,5.77,7.08,15:00:00,2024-01-16
HCM02,Cát Lái,58.0,27.3,-0.074,6.54,5.75,6.66,15:30:00,2024-01-16
HCM02,Cát Lái,58.0,29.68,-0.035,7.6,4.44,6.83,16:00:00,2024-01-16
HCM02,Cát Lái,58.0,28.51,0.012,9.34,4.48,7.63,16:30:00,2024-01-16
HCM02,Cát Lái,58.0,28.67,-0.075,7.55,5.59,6.88,17:00:00,2024-01-16
HCM02,Cát Lái,58.0,28.04,-0.053,6.04,4.26,8.14,17:30:00,2024-01-16
HCM02,Cát Lái,58.0,26.55,-0.044,8.83,4.56,6.59,18:00:00,2024-01-16
HCM02,Cát Lái,58.0,28.97,-0.04,8.97,5.6,7.29,18:30:00,2024-01-16
HCM02,Cát Lái,58.0,27.87,-0.11,8.26,4.91,7.83,19:00:00,2024-01-16
HCM02,Cát Lái,58.0,29.0,-0.112,8.15,4.61,7.91,19:30:00,2024-01-16
HCM02,Cát Lái,58.0,28.31,-0.098,9.36,5.32,8.14,20:00:00,2024-01-16
HCM02,Cát Lái,58.0,29.6,-0.022,7.2,5.06,7.75,20:30:00,2024-01-16
HCM02,Cát Lái,58.0,28.68,-0.077,10.09,5.74,6.57,21:00:00,2024-01-16
HCM02,Cát Lái,58.0,26.5,-0.046,9.72,5.64,7.71,21:30:00,2024-01-16
HCM02,Cát Lái,58.0,29.73,-0.047,9.18,6.03,6.46,22:00:00,2024-01-16
HCM02,Cát Lái,58.0,27.85,-0.007,6.13,5.68,7.41,22:30:00,2024-01-16
HCM02,Cát Lái,58.0,27.65,-0.022,8.41,5.26,7.41,23:00:00,2024-01-16
HCM02,Cát Lái,58.0,27.32,0.027,10.66,6.17,7.63,23:30:00,2024-01-16
HCM04,Long Đại,80.0,29.48,-0.018,1.8,1.37,7.3,00:00:00,2024-01-16
HCM04,Long Đại,80.0,28.76,-0.0,2.29,1.45,7.18,00:30:00,2024-01-16
HCM04,Long Đại,80.0,27.48,0.043,1.82,1.56,7.3,01:00:00,2024-01-16
HCM04,Long Đại,80.0,28.9,-0.001,2.51,1.55,7.41,01:30:00,2024-01-16
HCM04,Long Đại,80.0,28.59,-0.049,2.61,1.26,7.21,02:00:00,2024-01-16
HCM04,Long Đại,80.0,27.58,0.058,2.66,1.26,7.14,02:30:00,2024-01-16
HCM04,Long Đại,80.0,29.23,0.003,2.12,1.39,6.94,03:00:00,2024-01-16
HCM04,Long Đại,80.0,27.99,0.047,2.63,1.41,7.8,03:30:00,2024-01-16
HCM04,Long Đại,80.0,28.98,0.045,2.26,1.33,7.7,04:00:00,2024-01-16
HCM04,Long Đại,80.0,27.79,0.076,3.78,2.59,7.41,04:30:00,2024-01-16
HCM04,Long Đại,80.0,29.32,0.05,1.55,1.29,7.28,05:00:00,2024-01-16
HCM04,Long Đại,80.0,27.91,0.059,3.57,2.16,7.46,05:30:00,2024-01-16
HCM04,Long Đại,80.0,29.12,0.019,2.27,1.4,7.14,06:00:00,2024-01-16
HCM04,Long Đại,80.0,28.57,0.047,2.44,1.48,7.02,06:30:00,2024-01-16
HCM04,Long Đại,80.0,29.57,0.071,1.94,1.29,8.38,07:00:00,2024-01-16
HCM04,Long Đại,80.0,26.65,0.058,1.91,1.32,7.71,07:30:00,2024-01-16
HCM04,Long Đại,80.0,28.02,0.086,3.33,2.04,6.54,08:00:00,2024-01-16
HCM04,Long Đại,80.0,28.86,0.064,2.01,1.27,8.4,08:30:00,2024-01-16
HCM04,Long Đại,80.0,28.63,0.054,3.56,1.88,6.97,09:00:00,2024-01-16
HCM04,Long Đại,80.0,29.66,0.034,2.51,1.54,7.35,09:30:00,2024-01-16
HCM04,Long Đại,80.0,27.45,0.071,4.5,2.14,7.64,10:00:00,2024-01-16
HCM04,Long Đại,80.0,28.21,-0.017,1.95,1.33,6.87,10:30:00,2024-01-16
HCM04,Long Đại,80.0,28.21,0.03,1.45,0.82,8.06,11:00:00,2024-01-16
HCM04,Long Đại,80.0,28.71,-0.016,1.98,1.42,7.51,11:30:00,2024-01-16
HCM04,Long Đại,80.0,27.62,-0.03,1.85,1.04,7.55,12:00:00,2024-01-16
HCM04,Long Đại,80.0,29.25,-0.047,3.03,1.68,7.49,12:30:00,2024-01-16
HCM04,Long Đại,80.0,28.31,-0.0,2.21,1.32,7.8,13:00:00,2024-01-16
HCM04,Long Đại,80.0,29.81,0.021,2.85,1.65,7.35,13:30:00,2024-01-16
HCM04,Long Đại,80.0,28.17,-0.026,1.54,0.91,6.98,14:00:00,2024-01-16
HCM04,Long Đại,80.0,29.06,-0.03,1.86,1.18,7.78,14:30:00,2024-01-16
HCM04,Long Đại,80.0,29.4,-0.064,1.79,1.25,7.82,15:00:00,2024-01-16
HCM04,Long Đại,80.0,27.77,-0.062,2.71,1.56,7.64,15:30:00,2024-01-16
HCM04,Long Đại,80.0,29.33,0.004,1.14,0.87,7.45,16:00:00,2024-01-16
HCM04,Long Đại,80.0,27.85,-0.072,2.8,1.59,6.65,16:30:00,2024-01-16
HCM04,Long Đại,80.0,29.37,-0.037,1.83,1.25,7.69,17:00:00,2024-01-16
HCM04,Long Đại,80.0,29.12,-0.047,1.82,1.03,8.09,17:30:00,2024-01-16
HCM04,Long Đại,80.0,28.61,-0.066,2.6,1.38,7.69,18:00:00,2024-01-16
HCM04,Long Đại,80.0,29.24,0.002,1.63,1.06,7.54,18:30:00,2024-01-16
HCM04,Long Đại,80.0,28.19,-0.043,2.18,1.53,6.83,19:00:00,2024-01-16
HCM04,Long Đại,80.0,30.33,-0.038,1.69,0.99,7.62,19:30:00,2024-01-16
HCM04,Long Đại,80.0,29.76,-0.064,2.08,1.25,7.85,20:00:00,2024-01-16
HCM04,Long Đại,80.0,28.63,-0.036,2.55,1.44,6.8,20:30:00,2024-01-16
HCM04,Long Đại,80.0,28.02,0.031,1.84,1.12,6.48,21:00:00,2024-01-16
HCM04,Long Đại,80.0,29.48,-0.035,1.98,1.19,7.57,21:30:00,2024-01-16
HCM04,Long Đại,80.0,29.16,-0.057,2.08,1.5,7.7,22:00:00,2024-01-16
HCM04,Long Đại,80.0,29.64,-0.011,1.99,1.23,8.1,22:30:00,2024-01-16
HCM04,Long Đại,80.0,28.92,-0.042,2.05,1.52,7.27,23:00:00,2024-01-16
HCM04,Long Đại,80.0,27.34,0.004,2.68,1.59,7.37,23:30:00,2024-01-16
HCM03,Lý Nhơn,7.0,27.37,0.009,35.48,21.49,6.85,00:00:00,2024-01-16
HCM03,Lý Nhơn,7.0,27.73,-0.038,38.14,20.98,7.08,00:30:00,2024-01-16
HCM03,Lý Nhơn,7.0,28.34,0.044,30.76,20.11,7.3,01:00:00,2024-01-16
HCM03,Lý Nhơn,7.0,29.81,0.036,34.74,21.91,7.06,01:30:00,2024-01-16
HCM03,Lý Nhơn,7.0,27.38,0.043,34.17,23.02,6.3,02:00:00,2024-01-16
HCM03,Lý Nhơn,7.0,28.41,0.086,36.32,25.02,7.07,02:30:00,2024-01-16
HCM03,Lý Nhơn,7.0,27.87,0.097,29.4,21.82,6.32,03:00:00,2024-01-16
HCM03,Lý Nhơn,7.0,28.79,0.03,39.99,22.24,6.95,03:30:00,2024-01-16
HCM03,Lý Nhơn,7.0,29.21,0.015,30.9,25.8,6.75,04:00:00,2024-01-16
HCM03,Lý Nhơn,7.0,28.03,0.066,29.17,19.37,6.64,04:30:00,2024-01-16
HCM03,Lý Nhơn,7.0,28.69,0.059,37.25,21.32,7.09,05:00:00,2024-01-16
HCM03,Lý Nhơn,7.0,29.24,0.04,29.42,23.55,6.39,05:30:00,2024-01-16
HCM03,Lý Nhơn,7.0,29.43,0.07,41.28,26.14,6.42,06:00:00,2024-01-16
HCM03,Lý Nhơn,7.0,28.06,0.016,28.35,23.78,7.54,06:30:00,2024-01-16
HCM03,Lý Nhơn,7.0,28.53,0.121,37.24,23.53,6.84,07:00:00,2024-01-16
HCM03,Lý Nhơn,7.0,28.48,0.01,41.29,21.52,5.5,07:30:00,2024-01-16
HCM03,Lý Nhơn,7.0,27.81,0.055,37.32,21.59,6.13,08:00:00,2024-01-16
HCM03,Lý Nhơn,7.0,28.0,0.057,28.67,20.2,6.93,08:30:00,2024-01-16
HCM03,Lý Nhơn,7.0,27.81,0.041,35.01,18.89,6.68,09:00:00,2024-01-16
HCM03,Lý Nhơn,7.0,27.1,0.053,33.58,21.16,6.15,09:30:00,2024-01-16
HCM03,Lý Nhơn,7.0,28.0,0.078,42.6,23.02,6.13,10:00:00,2024-01-16
HCM03,Lý Nhơn,7.0,29.3,0.005,32.58,23.09,6.73,10:30:00,2024-01-16
HCM03,Lý Nhơn,7.0,26.99,-0.004,27.07,21.2,6.54,11:00:00,2024-01-16
HCM03,Lý Nhơn,7.0,29.03,0.042,32.35,19.46,6.86,11:30:00,2024-01-16
HCM03,Lý Nhơn,7.0,28.09,-0.006,25.91,17.47,7.34,12:00:00,2024-01-16
HCM03,Lý Nhơn,7.0,28.99,-0.017,29.36,19.67,7.36,12:30:00,2024-01-16
HCM03,Lý Nhơn,7.0,26.91,-0.006,32.87,20.12,6.33,13:00:00,2024-01-16
HCM03,Lý Nhơn,7.0,28.71,-0.047,29.41,19.47,6.16,13:30:00,2024-01-16
HCM03,Lý Nhơn,7.0,27.14,0.007,25.8,18.87,6.68,14:00:00,2024-01-16
HCM03,Lý Nhơn,7.0,27.61,-0.059,37.01,20.63,7.01,14:30:00,2024-01-16
HCM03,Lý Nhơn,7.0,28.41,-0.057,36.36,19.35,6.1,15:00:00,2024-01-16
HCM03,Lý Nhơn,7.0,30.72,0.019,37.35,18.62,7.27,15:30:00,2024-01-16
HCM03,Lý Nhơn,7.0,27.52,-0.042,32.2,18.23,6.61,16:00:00,2024-01-16
HCM03,Lý Nhơn,7.0,29.34,-0.086,30.61,16.47,7.01,16:30:00,2024-01-16
HCM03,Lý Nhơn,7.0,27.77,-0.066,27.14,18.29,5.84,17:00:00,2024-01-16
HCM03,Lý Nhơn,7.0,28.92,-0.047,28.04,18.71,7.24,17:30:00,2024-01-16
HCM03,Lý Nhơn,7.0,27.91,-0.024,24.19,14.55,7.18,18:00:00,2024-01-16
HCM03,Lý Nhơn,7.0,30.36,-0.068,26.03,14.73,6.51,18:30:00,2024-01-16
HCM03,Lý Nhơn,7.0,29.21,-0.06,28.57,19.24,5.9,19:00:00,2024-01-16
HCM03,Lý Nhơn,7.0,28.64,-0.076,32.34,19.69,6.05,19:30:00,2024-01-16
HCM03,Lý Nhơn,7.0,29.98,0.006,35.81,20.58,6.34,20:00:00,2024-01-16
HCM03,Lý Nhơn,7.0,27.89,-0.015,29.76,17.0,6.98,20:30:00,2024-01-16
HCM03,Lý Nhơn,7.0,29.12,0.006,25.74,15.18,6.54,21:00:00,2024-01-16
HCM03,Lý Nhơn,7.0,28.4,-0.013,23.56,15.18,6.41,21:30:00,2024-01-16
HCM03,Lý Nhơn,7.0,28.57,-0.005,24.28,17.75,7.38,22:00:00,2024-01-16
HCM03,Lý Nhơn,7.0,26.32,0.023,24.74,16.99,6.49,22:30:00,2024-01-16
HCM03,Lý Nhơn,7.0,28.0,0.015,35.68,20.05,7.57,23:00:00,2024-01-16
HCM03,Lý Nhơn,7.0,28.88,-0.014,30.58,15.98,7.93,23:30:00,2024-01-16
HCM01,Nhà Bè,38.0,29.29,-0.009,15.71,9.22,7.14,00:00:00,2024-01-16
HCM01,Nhà Bè,38.0,28.55,0.018,13.5,10.33,6.85,00:30:00,2024-01-16
HCM01,Nhà Bè,38.0,28.99,0.038,14.76,10.56,7.19,01:00:00,2024-01-16
HCM01,Nhà Bè,38.0,27.87,0.028,16.32,11.24,6.47,01:30:00,2024-01-16
HCM01,Nhà Bè,38.0,29.13,-0.012,19.99,10.37,6.74,02:00:00,2024-01-16
HCM01,Nhà Bè,38.0,27.96,0.019,18.5,11.83,7.29,02:30:00,2024-01-16
HCM01,Nhà Bè,38.0,27.23,0.043,19.54,11.28,6.76,03:00:00,2024-01-16
HCM01,Nhà Bè,38.0,28.6,0.018,21.66,11.58,7.37,03:30:00,2024-01-16
HCM01,Nhà Bè,38.0,28.79,0.002,18.97,12.28,6.84,04:00:00,2024-01-16
HCM01,Nhà Bè,38.0,28.4,0.064,22.44,13.08,7.42,04:30:00,2024-01-16
HCM01,Nhà Bè,38.0,28.0,0.046,22.63,11.11,6.64,05:00:00,2024-01-16
HCM01,Nhà Bè,38.0,27.58,0.006,21.05,12.99,7.14,05:30:00,2024-01-16
HCM01,Nhà Bè,38.0,28.28,0.037,19.8,11.56,7.62,06:00:00,2024-01-16
HCM01,Nhà Bè,38.0,31.1,0.007,17.45,11.37,7.35,06:30:00,2024-01-16
HCM01,Nhà Bè,38.0,27.5,0.065,20.04,11.46,6.66,07:00:00,2024-01-16
HCM01,Nhà Bè,38.0,29.95,0.064,18.42,12.77,6.85,07:30:00,2024-01-16
HCM01,Nhà Bè,38.0,27.85,0.074,14.81,11.63,7.37,08:00:00,2024-01-16
HCM01,Nhà Bè,38.0,28.72,0.097,19.26,9.88,7.03,08:30:00,2024-01-16
HCM01,Nhà Bè,38.0,27.8,0.026,13.8,9.23,7.15,09:00:00,2024-01-16
HCM01,Nhà Bè,38.0,28.79,0.016,17.94,9.64,7.51,09:30:00,2024-01-16
HCM01,Nhà Bè,38.0,28.82,-0.015,15.58,8.91,7.72,10:00:00,2024-01-16
HCM01,Nhà Bè,38.0,28.16,0.018,21.15,11.79,8.0,10:30:00,2024-01-16
HCM01,Nhà Bè,38.0,28.37,0.05,16.01,10.86,7.35,11:00:00,2024-01-16
HCM01,Nhà Bè,38.0,28.97,0.049,20.62,10.76,7.24,11:30:00,2024-01-16
HCM01,Nhà Bè,38.0,27.53,0.1,17.25,9.12,7.01,12:00:00,2024-01-16
HCM01,Nhà Bè,38.0,28.12,0.006,17.78,10.94,6.88,12:30:00,2024-01-16
HCM01,Nhà Bè,38.0,28.5,-0.054,16.59,9.29,6.42,13:00:00,2024-01-16
HCM01,Nhà Bè,38.0,27.94,-0.034,14.07,9.58,7.13,13:30:00,2024-01-16
HCM01,Nhà Bè,38.0,29.37,-0.052,20.83,11.17,6.83,14:00:00,2024-01-16
HCM01,Nhà Bè,38.0,28.28,-0.054,15.08,10.74,7.76,14:30:00,2024-01-16
HCM01,Nhà Bè,38.0,28.25,0.015,16.28,9.49,7.46,15:00:00,2024-01-16
HCM01,Nhà Bè,38.0,28.32,-0.017,14.88,8.87,7.22,15:30:00,2024-01-16
HCM01,Nhà Bè,38.0,28.21,-0.027,8.98,7.8,7.38,16:00:00,2024-01-16
HCM01,Nhà Bè,38.0,27.11,-0.084,16.81,8.82,6.41,16:30:00,2024-01-16
HCM01,Nhà Bè,38.0,29.36,-0.013,9.96,8.31,7.74,17:00:00,2024-01-16
HCM01,Nhà Bè,38.0,27.98,-0.0,15.51,9.52,7.77,17:30:00,2024-01-16
HCM01,Nhà Bè,38.0,29.39,-0.033,12.74,7.75,7.13,18:00:00,2024-01-16
HCM01,Nhà Bè,38.0,28.65,-0.015,14.91,7.83,7.35,18:30:00,2024-01-16
HCM01,Nhà Bè,38.0,28.79,-0.054,8.77,7.93,7.44,19:00:00,2024-01-16
HCM01,Nhà Bè,38.0,28.41,-0.018,15.59,9.53,7.75,19:30:00,2024-01-16
HCM01,Nhà Bè,38.0,28.8,-0.035,15.82,9.79,7.37,20:00:00,2024-01-16
HCM01,Nhà Bè,38.0,29.34,-0.082,14.31,9.09,7.01,20:30:00,2024-01-16
HCM01,Nhà Bè,38.0,28.2,-0.01,14.14,9.0,7.63,21:00:00,2024-01-16
HCM01,Nhà Bè,38.0,28.51,0.031,23.13,11.22,6.22,21:30:00,2024-01-16
HCM01,Nhà Bè,38.0,28.98,-0.039,14.16,10.08,7.11,22:00:00,2024-01-16
HCM01,Nhà Bè,38.0,28.9,0.005,14.55,10.68,7.4,22:30:00,2024-01-16
HCM01,Nhà Bè,38.0,26.99,-0.021,14.86,8.82,7.76,23:00:00,2024-01-16
HCM01,Nhà Bè,38.0,29.69,-0.009,15.1,10.65,7.26,23:30:00,2024-01-16
HCM02,Cát Lái,58.0,27.98,-0.028,10.61,6.21,8.0,00:00:00,2024-01-17
HCM02,Cát Lái,58.0,29.05,-0.004,7.46,5.9,7.24,00:30:00,2024-01-17
HCM02,Cát Lái,58.0,30.28,-0.013,11.21,7.0,7.14,01:00:00,2024-01-17
HCM02,Cát Lái,58.0,28.36,0.016,9.79,6.27,7.28,01:30:00,2024-01-17
HCM02,Cát Lái,58.0,28.16,0.027,11.74,7.45,7.4,02:00:00,2024-01-17
HCM02,Cát Lái,58.0,28.89,0.052,13.06,7.15,7.18,02:30:00,2024-01-17
HCM02,Cát Lái,58.0,28.6,0.061,10.74,7.46,7.6,03:00:00,2024-01-17
HCM02,Cát Lái,58.0,29.04,0.044,17.3,8.89,7.59,03:30:00,2024-01-17
HCM02,Cát Lái,58.0,26.68,0.028,14.54,7.98,7.36,04:00:00,2024-01-17
HCM02,Cát Lái,58.0,28.81,0.035,11.69,7.79,6.87,04:30:00,2024-01-17
HCM02,Cát Lái,58.0,27.69,-0.032,10.26,6.57,7.36,05:00:00,2024-01-17
HCM02,Cát Lái,58.0,27.98,0.021,12.23,7.66,6.92,05:30:00,2024-01-17
HCM02,Cát Lái,58.0,28.85,0.05,11.03,6.4,6.71,06:00:00,2024-01-17
HCM02,Cát Lái,58.0,28.87,0.056,12.77,6.59,6.99,06:30:00,2024-01-17
HCM02,Cát Lái,58.0,29.79,0.084,12.38,8.4,6.57,07:00:00,2024-01-17
HCM02,Cát Lái,58.0,29.09,0.046,13.8,7.47,7.17,07:30:00,2024-01-17
HCM02,Cát Lái,58.0,28.17,0.062,12.33,8.13,7.27,08:00:00,2024-01-17
HCM02,Cát Lái,58.0,28.99,0.049,11.84,8.09,7.23,08:30:00,2024-01-17
HCM02,Cát Lái,58.0,28.63,0.017,13.77,7.94,6.91,09:00:00,2024-01-17
HCM02,Cát Lái,58.0,28.74,0.033,13.78,7.05,7.39,09:30:00,2024-01-17
HCM02,Cát Lái,58.0,27.93,0.022,8.48,7.36,6.87,10:00:00,2024-01-17
HCM02,Cát Lái,58.0,28.46,-0.027,12.2,8.12,7.56,10:30:00,2024-01-17
HCM02,Cát Lái,58.0,28.08,-0.05,8.05,6.65,7.06,11:00:00,2024-01-17
HCM02,Cát Lái,58.0,28.36,0.041,11.1,7.41,6.97,11:30:00,2024-01-17
HCM02,Cát Lái,58.0,27.41,-0.079,10.73,6.77,7.0,12:00:00,2024-01-17
HCM02,Cát Lái,58.0,29.03,-0.035,14.52,7.28,7.5,12:30:00,2024-01-17
HCM02,Cát Lái,58.0,27.76,0.01,13.51,6.32,6.34,13:00:00,2024-01-17
HCM02,Cát Lái,58.0,29.9,-0.028,11.35,6.58,6.4,13:30:00,2024-01-17
HCM02,Cát Lái,58.0,28.5,-0.005,11.26,6.13,7.62,14:00:00,2024-01-17
HCM02,Cát Lái,58.0,27.18,-0.008,9.0,6.49,7.73,14:30:00,2024-01-17
HCM02,Cát Lái,58.0,28.98,-0.057,10.89,6.06,6.87,15:00:00,2024-01-17
HCM02,Cát Lái,58.0,28.19,-0.029,12.31,5.82,7.5,15:30:00,2024-01-17
HCM02,Cát Lái,58.0,27.41,-0.001,6.31,5.85,7.02,16:00:00,2024-01-17
HCM02,Cát Lái,58.0,28.8,-0.006,11.1,7.03,7.4,16:30:00,2024-01-17
HCM02,Cát Lái,58.0,28.13,0.009,7.91,5.43,7.07,17:00:00,2024-01-17
HCM02,Cát Lái,58.0,27.29,-0.059,6.89,7.01,7.16,17:30:00,2024-01-17
HCM02,Cát Lái,58.0,28.86,-0.052,5.59,4.98,7.23,18:00:00,2024-01-17
HCM02,Cát Lái,58.0,27.84,-0.069,8.64,6.47,7.78,18:30:00,2024-01-17
HCM02,Cát Lái,58.0,28.51,-0.067,9.43,6.12,7.69,19:00:00,2024-01-17
HCM02,Cát Lái,58.0,28.63,0.021,8.99,5.89,6.94,19:30:00,2024-01-17
HCM02,Cát Lái,58.0,28.18,-0.049,10.71,6.08,7.18,20:00:00,2024-01-17
HCM02,Cát Lái,58.0,29.37,-0.042,10.71,5.68,7.67,20:30:00,2024-01-17
HCM02,Cát Lái,58.0,28.94,-0.031,11.87,5.56,7.1,21:00:00,2024-01-17
HCM02,Cát Lái,58.0,29.19,-0.043,8.06,5.24,6.69,21:30:00,2024-01-17
HCM02,Cát Lái,58.0,27.72,0.018,9.03,6.37,7.49,22:00:00,2024-01-17
HCM02,Cát Lái,58.0,29.84,0.012,8.27,6.84,7.81,22:30:00,2024-01-17
HCM02,Cát Lái,58.0,28.13,0.004,12.8,6.49,7.44,23:00:00,2024-01-17
HCM02,Cát Lái,58.0,28.15,-0.028,10.95,6.15,7.34,23:30:00,2024-01-17
HCM04,Long Đại,80.0,28.42,-0.002,2.8,1.59,6.86,00:00:00,2024-01-17
HCM04,Long Đại,80.0,29.01,-0.003,2.69,1.32,8.53,00:30:00,2024-01-17
HCM04,Long Đại,80.0,29.25,0.019,1.93,1.51,7.47,01:00:00,2024-01-17
HCM04,Long Đại,80.0,28.96,-0.002,2.21,1.16,7.05,01:30:00,2024-01-17
HCM04,Long Đại,80.0,28.18,0.043,2.25,1.46,7.59,02:00:00,2024-01-17
HCM04,Long Đại,80.0,28.45,0.055,1.44,1.48,7.45,02:30:00,2024-01-17
HCM04,Long Đại,80.0,28.12,0.086,2.66,1.86,8.22,03:00:00,2024-01-17
HCM04,Long Đại,80.0,29.23,0.02,2.14,1.85,7.45,03:30:00,2024-01-17
HCM04,Long Đại,80.0,28.0,0.045,1.94,1.18,7.68,04:00:00,2024-01-17
HCM04,Long Đại,80.0,29.29,0.019,2.93,1.62,7.75,04:30:00,2024-01-17
HCM04,Long Đại,80.0,29.4,0.026,2.81,1.78,7.33,05:00:00,2024-01-17
HCM04,Long Đại,80.0,27.69,0.001,2.4,1.51,7.39,05:30:00,2024-01-17
HCM04,Long Đại,80.0,28.76,0.042,1.56,1.08,7.91,06:00:00,2024-01-17
HCM04,Long Đại,80.0,28.39,0.044,3.13,1.52,7.91,06:30:00,2024-01-17
HCM04,Long Đại,80.0,28.3,0.012,2.9,2.12,7.52,07:00:00,2024-01-17
HCM04,Long Đại,80.0,26.77,0.069,2.23,1.42,7.44,07:30:00,2024-01-17
HCM04,Long Đại,80.0,30.44,0.02,3.19,1.95,7.77,08:00:00,2024-01-17
HCM04,Long Đại,80.0,27.7,0.068,2.01,1.26,7.4,08:30:00,2024-01-17
HCM04,Long Đại,80.0,27.0,0.066,2.47,1.46,7.77,09:00:00,2024-01-17
HCM04,Long Đại,80.0,27.63,0.063,2.25,1.41,7.35,09:30:00,2024-01-17
HCM04,Long Đại,80.0,28.41,0.079,1.35,0.96,8.06,10:00:00,2024-01-17
HCM04,Long Đại,80.0,30.2,0.034,2.38,1.3,8.0,10:30:00,2024-01-17
HCM04,Long Đại,80.0,27.77,0.036,3.28,1.66,7.86,11:00:00,2024-01-17
HCM04,Long Đại,80.0,26.97,0.013,1.86,1.44,7.46,11:30:00,2024-01-17
HCM04,Long Đại,80.0,29.37,-0.034,2.24,1.5,7.48,12:00:00,2024-01-17
HCM04,Long Đại,80.0,30.46,0.023,1.92,0.97,7.81,12:30:00,2024-01-17
HCM04,Long Đại,80.0,28.91,-0.017,2.11,1.45,7.68,13:00:00,2024-01-17
HCM04,Long Đại,80.0,28.56,-0.006,1.5,0.74,7.42,13:30:00,2024-01-17
HCM04,Long Đại,80.0,28.95,-0.06,3.14,1.92,7.26,14:00:00,2024-01-17
HCM04,Long Đại,80.0,28.85,0.024,2.95,1.73,7.08,14:30:00,2024-01-17
HCM04,Long Đại,80.0,29.48,-0.065,2.25,1.48,8.03,15:00:00,2024-01-17
HCM04,Long Đại,80.0,27.9,-0.08,1.76,1.03,7.69,15:30:00,2024-01-17
HCM04,Long Đại,80.0,27.68,-0.004,1.79,1.22,7.68,16:00:00,2024-01-17
HCM04,Long Đại,80.0,28.41,-0.089,2.39,1.4,7.51,16:30:00,2024-01-17
HCM04,Long Đại,80.0,28.54,-0.019,1.37,1.18,7.54,17:00:00,2024-01-17
HCM04,Long Đại,80.0,29.06,-0.031,1.02,0.7,6.25,17:30:00,2024-01-17
HCM04,Long Đại,80.0,28.73,-0.031,2.02,1.18,6.94,18:00:00,2024-01-17
HCM04,Long Đại,80.0,27.7,-0.04,1.68,1.32,7.91,18:30:00,2024-01-17
HCM04,Long Đại,80.0,28.51,-0.082,1.57,1.07,7.48,19:00:00,2024-01-17
HCM04,Long Đại,80.0,29.35,0.003,1.59,1.23,7.26,19:30:00,2024-01-17
HCM04,Long Đại,80.0,28.24,-0.032,2.01,1.4,7.87,20:00:00,2024-01-17
HCM04,Long Đại,80.0,28.28,-0.066,1.41,0.93,6.75,20:30:00,2024-01-17
HCM04,Long Đại,80.0,27.23,-0.076,2.33,1.22,7.58,21:00:00,2024-01-17
HCM04,Long Đại,80.0,27.45,0.028,2.24,1.51,7.43,21:30:00,2024-01-17
HCM04,Long Đại,80.0,28.44,-0.049,2.31,1.28,7.99,22:00:00,2024-01-17
HCM04,Long Đại,80.0,29.15,-0.049,2.61,1.26,7.7,22:30:00,2024-01-17
HCM04,Long Đại,80.0,27.3,-0.04,2.51,1.5,7.74,23:00:00,2024-01-17
HCM04,Long Đại,80.0,27.06,0.036,1.79,1.26,7.37,23:30:00,2024-01-17
HCM03,Lý Nhơn,7.0,28.49,-0.058,27.12,17.39,7.65,00:00:00,2024-01-17
HCM03,Lý Nhơn,7.0,28.88,-0.003,25.2,18.23,6.12,00:30:00,2024-01-17
HCM03,Lý Nhơn,7.0,28.1,0.043,32.73,19.57,6.92,01:00:00,2024-01-17
HCM03,Lý Nhơn,7.0,29.24,-0.023,36.77,24.04,6.86,01:30:00,2024-01-17
HCM03,Lý Nhơn,7.0,28.76,-0.018,32.94,21.31,6.75,02:00:00,2024-01-17
HCM03,Lý Nhơn,7.0,28.81,0.078,27.8,23.73,6.4,02:30:00,2024-01-17
HCM03,Lý Nhơn,7.0,28.25,0.03,34.73,21.24,6.51,03:00:00,2024-01-17
HCM03,Lý Nhơn,7.0,28.88,0.023,34.47,19.72,6.35,03:30:00,2024-01-17
HCM03,Lý Nhơn,7.0,29.48,0.047,34.55,22.37,6.3,04:00:00,2024-01-17
HCM03,Lý Nhơn,7.0,28.4,0.016,34.72,22.44,6.21,04:30:00,2024-01-17
HCM03,Lý Nhơn,7.0,29.02,0.135,36.4,25.11,6.42,05:00:00,2024-01-17
HCM03,Lý Nhơn,7.0,28.69,0.074,40.82,20.74,6.7,05:30:00,2024-01-17
HCM03,Lý Nhơn,7.0,28.56,-0.003,33.78,20.61,6.4,06:00:00,2024-01-17
HCM03,Lý Nhơn,7.0,28.02,0.062,32.41,19.08,7.03,06:30:00,2024-01-17
HCM03,Lý Nhơn,7.0,29.96,0.027,26.91,17.4,5.98,07:00:00,2024-01-17
HCM03,Lý Nhơn,7.0,28.4,0.071,32.5,21.18,7.64,07:30:00,2024-01-17
HCM03,Lý Nhơn,7.0,28.18,-0.022,39.2,24.0,7.07,08:00:00,2024-01-17
HCM03,Lý Nhơn,7.0,28.58,0.051,45.0,24.42,6.61,08:30:00,2024-01-17
HCM03,Lý Nhơn,7.0,29.55,0.004,40.54,23.81,6.8,09:00:00,2024-01-17
HCM03,Lý Nhơn,7.0,28.25,0.049,35.33,20.58,6.17,09:30:00,2024-01-17
HCM03,Lý Nhơn,7.0,29.06,0.034,29.96,20.8,5.87,10:00:00,2024-01-17
HCM03,Lý Nhơn,7.0,29.39,0.014,39.19,19.35,6.51,10:30:00,2024-01-17
HCM03,Lý Nhơn,7.0,28.55,0.019,32.63,19.0,6.74,11:00:00,2024-01-17
HCM03,Lý Nhơn,7.0,27.51,0.035,26.05,19.78,6.2,11:30:00,2024-01-17
HCM03,Lý Nhơn,7.0,28.18,-0.004,33.63,18.73,6.36,12:00:00,2024-01-17
HCM03,Lý Nhơn,7.0,28.16,-0.047,24.31,18.6,6.33,12:30:00,2024-01-17
HCM03,Lý Nhơn,7.0,26.8,0.061,26.29,18.83,6.82,13:00:00,2024-01-17
HCM03,Lý Nhơn,7.0,27.39,0.047,27.26,19.07,7.01,13:30:00,2024-01-17
HCM03,Lý Nhơn,7.0,28.82,-0.038,24.28,17.25,7.96,14:00:00,2024-01-17
HCM03,Lý Nhơn,7.0,29.64,-0.079,25.07,17.76,6.43,14:30:00,2024-01-17
HCM03,Lý Nhơn,7.0,28.47,-0.075,24.65,15.97,6.38,15:00:00,2024-01-17
HCM03,Lý Nhơn,7.0,27.52,-0.025,30.85,16.91,7.04,15:30:00,2024-01-17
HCM03,Lý Nhơn,7.0,30.0,-0.053,28.76,17.11,7.13,16:00:00,2024-01-17
HCM03,Lý Nhơn,7.0,27.26,-0.016,28.13,17.83,6.29,16:30:00,2024-01-17
HCM03,Lý Nhơn,7.0,27.58,-0.083,23.13,13.89,6.05,17:00:00,2024-01-17
HCM03,Lý Nhơn,7.0,28.9,-0.12,24.33,16.79,6.19,17:30:00,2024-01-17
HCM03,Lý Nhơn,7.0,29.04,-0.048,23.97,18.87,6.57,18:00:00,2024-01-17
HCM03,Lý Nhơn,7.0,27.99,-0.048,19.15,12.72,7.23,18:30:00,2024-01-17
HCM03,Lý Nhơn,7.0,27.81,-0.088,30.25,18.19,6.51,19:00:00,2024-01-17
HCM03,Lý Nhơn,7.0,28.37,-0.071,29.25,15.79,7.41,19:30:00,2024-01-17
HCM03,Lý Nhơn,7.0,28.07,-0.018,32.07,17.2,6.76,20:00:00,2024-01-17
HCM03,Lý Nhơn,7.0,28.98,-0.062,27.8,18.77,7.12,20:30:00,2024-01-17
HCM03,Lý Nhơn,7.0,29.44,-0.016,20.97,16.43,6.5,21:00:00,2024-01-17
HCM03,Lý Nhơn,7.0,29.34,-0.018,31.92,19.42,6.67,21:30:00,2024-01-17
HCM03,Lý Nhơn,7.0,30.16,0.018,23.73,15.85,7.61,22:00:00,2024-01-17
HCM03,Lý Nhơn,7.0,27.91,0.018,30.76,15.56,6.91,22:30:00,2024-01-17
HCM03,Lý Nhơn,7.0,28.64,0.014,22.29,18.73,6.93,23:00:00,2024-01-17
HCM03,Lý Nhơn,7.0,29.12,-0.031,35.61,19.02,7.53,23:30:00,2024-01-17
HCM01,Nhà Bè,38.0,27.83,0.024,29.04,13.58,6.57,00:00:00,2024-01-17
HCM01,Nhà Bè,38.0,27.94,0.022,17.21,12.49,7.36,00:30:00,2024-01-17
HCM01,Nhà Bè,38.0,29.38,0.005,12.71,10.72,7.34,01:00:00,2024-01-17
HCM01,Nhà Bè,38.0,27.59,-0.009,22.35,12.63,6.43,01:30:00,2024-01-17
HCM01,Nhà Bè,38.0,27.94,0.074,15.64,11.29,7.08,02:00:00,2024-01-17
HCM01,Nhà Bè,38.0,28.2,0.063,26.45,12.8,7.1,02:30:00,2024-01-17
HCM01,Nhà Bè,38.0,27.72,0.04,15.97,12.02,6.74,03:00:00,2024-01-17
HCM01,Nhà Bè,38.0,29.32,0.046,13.2,8.59,7.66,03:30:00,2024-01-17
HCM01,Nhà Bè,38.0,28.57,0.03,15.15,10.07,7.29,04:00:00,2024-01-17
HCM01,Nhà Bè,38.0,29.88,0.054,16.75,12.28,6.66,04:30:00,2024-01-17
HCM01,Nhà Bè,38.0,28.67,-0.011,22.05,14.4,6.93,05:00:00,2024-01-17
HCM01,Nhà Bè,38.0,28.38,0.039,18.45,11.93,7.71,05:30:00,2024-01-17
HCM01,Nhà Bè,38.0,28.32,0.044,16.6,12.96,7.12,06:00:00,2024-01-17
HCM01,Nhà Bè,38.0,28.54,0.096,17.79,12.97,6.72,06:30:00,2024-01-17
HCM01,Nhà Bè,38.0,28.71,0.046,15.98,11.46,7.64,07:00:00,2024-01-17
HCM01,Nhà Bè,38.0,29.44,0.052,18.64,11.91,6.76,07:30:00,2024-01-17
HCM01,Nhà Bè,38.0,29.53,0.057,19.19,11.01,7.43,08:00:00,2024-01-17
HCM01,Nhà Bè,38.0,28.68,0.043,25.8,14.15,7.2,08:30:00,2024-01-17
HCM01,Nhà Bè,38.0,28.86,0.002,18.8,11.03,6.71,09:00:00,2024-01-17
HCM01,Nhà Bè,38.0,27.7,0.023,19.57,11.71,7.42,09:30:00,2024-01-17
HCM01,Nhà Bè,38.0,27.52,0.067,18.61,12.21,8.25,10:00:00,2024-01-17
HCM01,Nhà Bè,38.0,30.29,0.001,20.2,11.91,7.19,10:30:00,2024-01-17
HCM01,Nhà Bè,38.0,29.98,0.018,18.71,12.46,6.99,11:00:00,2024-01-17
HCM01,Nhà Bè,38.0,27.94,-0.035,22.38,12.59,6.98,11:30:00,2024-01-17
HCM01,Nhà Bè,38.0,27.62,0.014,21.9,12.68,6.98,12:00:00,2024-01-17
HCM01,Nhà Bè,38.0,28.62,-0.081,21.38,12.45,5.94,12:30:00,2024-01-17
HCM01,Nhà Bè,38.0,28.87,-0.01,17.2,10.42,6.68,13:00:00,2024-01-17
HCM01,Nhà Bè,38.0,28.3,-0.016,19.68,11.75,7.86,13:30:00,2024-01-17
HCM01,Nhà Bè,38.0,27.7,-0.041,19.0,9.21,7.38,14:00:00,2024-01-17
HCM01,Nhà Bè,38.0,29.65,-0.01,21.89,8.78,7.04,14:30:00,2024-01-17
HCM01,Nhà Bè,38.0,28.0,-0.053,19.48,10.27,6.41,15:00:00,2024-01-17
HCM01,Nhà Bè,38.0,28.25,-0.024,14.02,9.31,7.09,15:30:00,2024-01-17
HCM01,Nhà Bè,38.0,30.15,-0.029,14.61,8.26,7.66,16:00:00,2024-01-17
HCM01,Nhà Bè,38.0,27.56,-0.046,14.94,8.53,6.75,16:30:00,2024-01-17
HCM01,Nhà Bè,38.0,29.19,-0.092,15.97,9.44,7.9,17:00:00,2024-01-17
HCM01,Nhà Bè,38.0,28.63,-0.061,12.03,8.06,7.26,17:30:00,2024-01-17
HCM01,Nhà Bè,38.0,26.57,-0.004,15.36,11.22,7.52,18:00:00,2024-01-17
HCM01,Nhà Bè,38.0,28.77,-0.079,14.19,9.86,7.42,18:30:00,2024-01-17
HCM01,Nhà Bè,38.0,26.83,-0.041,13.0,7.98,7.43,19:00:00,2024-01-17
HCM01,Nhà Bè,38.0,27.49,-0.009,16.77,10.54,7.04,19:30:00,2024-01-17
HCM01,Nhà Bè,38.0,29.84,-0.073,15.31,9.96,6.78,20:00:00,2024-01-17
HCM01,Nhà Bè,38.0,28.18,0.017,16.66,10.59,6.76,20:30:00,2024-01-17
HCM01,Nhà Bè,38.0,27.87,-0.01,13.41,9.3,7.56,21:00:00,2024-01-17
HCM01,Nhà Bè,38.0,28.08,-0.081,16.13,8.98,7.7,21:30:00,2024-01-17
HCM01,Nhà Bè,38.0,29.55,-0.031,21.98,11.18,7.03,22:00:00,2024-01-17
HCM01,Nhà Bè,38.0,28.14,-0.009,10.01,10.01,6.03,22:30:00,2024-01-17
HCM01,Nhà Bè,38.0,30.24,-0.029,13.72,9.95,6.17,23:00:00,2024-01-17
HCM01,Nhà Bè,38.0,29.3,-0.048,18.19,11.72,7.52,23:30:00,2024-01-17
HCM02,Cát Lái,58.0,27.73,-0.037,10.48,7.07,7.14,00:00:00,2024-01-18
HCM02,Cát Lái,58.0,27.33,-0.015,10.67,7.39,6.95,00:30:00,2024-01-18
HCM02,Cát Lái,58.0,29.36,-0.014,12.39,7.25,6.8,01:00:00,2024-01-18
HCM02,Cát Lái,58.0,28.69,0.039,9.45,5.84,7.15,01:30:00,2024-01-18
HCM02,Cát Lái,58.0,27.95,0.055,12.47,7.69,6.91,02:00:00,2024-01-18
HCM02,Cát Lái,58.0,28.77,0.033,16.39,9.04,6.91,02:30:00,2024-01-18
HCM02,Cát Lái,58.0,28.86,0.052,9.59,9.61,6.52,03:00:00,2024-01-18
HCM02,Cát Lái,58.0,26.78,0.034,11.74,8.54,6.96,03:30:00,2024-01-18
HCM02,Cát Lái,58.0,28.67,0.034,12.89,7.8,7.98,04:00:00,2024-01-18
HCM02,Cát Lái,58.0,28.18,0.095,11.11,7.9,7.37,04:30:00,2024-01-18
HCM02,Cát Lái,58.0,29.39,0.025,12.6,7.75,7.38,05:00:00,2024-01-18
HCM02,Cát Lái,58.0,28.73,0.048,14.13,9.02,7.41,05:30:00,2024-01-18
HCM02,Cát Lái,58.0,28.17,-0.014,16.03,10.1,7.74,06:00:00,2024-01-18
HCM02,Cát Lái,58.0,28.52,0.07,9.58,7.26,6.63,06:30:00,2024-01-18
HCM02,Cát Lái,58.0,28.76,0.1,10.02,7.4,7.57,07:00:00,2024-01-18
HCM02,Cát Lái,58.0,28.11,0.053,13.23,8.24,7.51,07:30:00,2024-01-18
HCM02,Cát Lái,58.0,27.21,0.03,10.07,7.4,7.68,08:00:00,2024-01-18
HCM02,Cát Lái,58.0,28.13,0.047,13.71,7.44,7.41,08:30:00,2024-01-18
HCM02,Cát Lái,58.0,27.98,0.049,10.68,7.25,6.61,09:00:00,2024-01-18
HCM02,Cát Lái,58.0,27.62,0.027,8.84,7.42,7.07,09:30:00,2024-01-18
HCM02,Cát Lái,58.0,29.22,0.047,14.38,8.11,7.51,10:00:00,2024-01-18
HCM02,Cát Lái,58.0,29.47,-0.051,11.97,7.76,7.44,10:30:00,2024-01-18
HCM02,Cát Lái,58.0,29.45,0.08,10.74,7.73,7.16,11:00:00,2024-01-18
HCM02,Cát Lái,58.0,29.5,-0.011,13.54,7.43,7.65,11:30:00,2024-01-18
HCM02,Cát Lái,58.0,29.28,-0.011,12.08,7.89,7.14,12:00:00,2024-01-18
HCM02,Cát Lái,58.0,28.87,-0.063,7.84,6.06,6.53,12:30:00,2024-01-18
HCM02,Cát Lái,58.0,28.84,-0.018,7.48,5.8,7.69,13:00:00,2024-01-18
HCM02,Cát Lái,58.0,28.29,-0.046,13.51,7.68,7.45,13:30:00,2024-01-18
HCM02,Cát Lái,58.0,29.83,-0.04,11.77,6.41,7.95,14:00:00,2024-01-18
HCM02,Cát Lái,58.0,28.89,-0.009,8.7,5.97,7.01,14:30:00,2024-01-18
HCM02,Cát Lái,58.0,27.7,-0.02,8.82,5.55,6.62,15:00:00,2024-01-18
HCM02,Cát Lái,58.0,28.38,-0.025,10.85,6.31,6.84,15:30:00,2024-01-18
HCM02,Cát Lái,58.0,28.19,-0.013,8.85,6.25,7.07,16:00:00,2024-01-18
HCM02,Cát Lái,58.0,26.99,-0.057,8.49,5.72,6.9,16:30:00,2024-01-18
HCM02,Cát Lái,58.0,28.4,0.003,8.56,6.11,6.34,17:00:00,2024-01-18
HCM02,Cát Lái,58.0,28.98,-0.06,9.97,5.79,8.08,17:30:00,2024-01-18
HCM02,Cát Lái,58.0,27.06,-0.024,13.06,6.82,7.79,18:00:00,2024-01-18
HCM02,Cát Lái,58.0,28.29,-0.031,8.23,5.72,6.49,18:30:00,2024-01-18
HCM02,Cát Lái,58.0,27.51,-0.046,6.64,5.83,6.96,19:00:00,2024-01-18
HCM02,Cát Lái,58.0,29.66,-0.028,8.15,5.46,7.89,19:30:00,2024-01-18
HCM02,Cát Lái,58.0,27.79,-0.039,8.88,6.49,6.89,20:00:00,2024-01-18
HCM02,Cát Lái,58.0,29.07,-0.016,9.17,6.55,8.56,20:30:00,2024-01-18
HCM02,Cát Lái,58.0,28.83,-0.046,8.33,5.63,6.69,21:00:00,2024-01-18
HCM02,Cát Lái,58.0,28.29,-0.005,9.98,6.18,7.13,21:30:00,2024-01-18
HCM02,Cát Lái,58.0,27.95,-0.064,8.7,6.31,7.16,22:00:00,2024-01-18
HCM02,Cát Lái,58.0,27.51,-0.084,13.84,7.03,6.79,22:30:00,2024-01-18
HCM02,Cát Lái,58.0,27.94,-0.029,9.22,6.76,7.46,23:00:00,2024-01-18
HCM02,Cát Lái,58.0,29.85,0.003,8.94,6.91,8.05,23:30:00,2024-01-18
HCM04,Long Đại,80.0,29.24,-0.014,1.49,0.99,7.83,00:00:00,2024-01-18
HCM04,Long Đại,80.0,27.82,-0.004,2.88,1.43,7.81,00:30:00,2024-01-18
HCM04,Long Đại,80.0,28.89,0.054,3.28,1.71,8.19,01:00:00,2024-01-18
HCM04,Long Đại,80.0,27.77,0.065,2.03,1.39,6.57,01:30:00,2024-01-18
HCM04,Long Đại,80.0,28.14,0.056,1.91,1.12,7.9,02:00:00,2024-01-18
HCM04,Long Đại,80.0,29.05,0.07,2.71,1.83,7.5,02:30:00,2024-01-18
HCM04,Long Đại,80.0,29.71,0.031,2.93,1.52,6.78,03:00:00,2024-01-18
HCM04,Long Đại,80.0,28.59,0.017,2.13,1.45,7.12,03:30:00,2024-01-18
HCM04,Long Đại,80.0,28.28,0.081,2.61,1.59,7.88,04:00:00,2024-01-18
HCM04,Long Đại,80.0,27.54,0.068,2.44,1.59,6.91,04:30:00,2024-01-18
HCM04,Long Đại,80.0,27.15,0.056,2.2,1.52,7.77,05:00:00,2024-01-18
HCM04,Long Đại,80.0,28.67,0.066,3.0,1.79,7.75,05:30:00,2024-01-18
HCM04,Long Đại,80.0,29.89,0.051,3.37,1.88,7.25,06:00:00,2024-01-18
HCM04,Long Đại,80.0,28.7,0.085,2.1,1.95,7.73,06:30:00,2024-01-18
HCM04,Long Đại,80.0,28.34,0.065,1.86,1.58,7.17,07:00:00,2024-01-18
HCM04,Long Đại,80.0,27.3,0.115,3.28,2.33,8.19,07:30:00,2024-01-18
HCM04,Long Đại,80.0,29.2,0.055,2.47,1.57,8.21,08:00:00,2024-01-18
HCM04,Long Đại,80.0,29.89,0.052,2.41,1.57,7.35,08:30:00,2024-01-18
HCM04,Long Đại,80.0,27.57,0.015,1.99,1.36,8.6,09:00:00,2024-01-18
HCM04,Long Đại,80.0,27.03,0.047,3.0,1.72,6.93,09:30:00,2024-01-18
HCM04,Long Đại,80.0,29.96,0.029,3.01,1.68,7.23,10:00:00,2024-01-18
HCM04,Long Đại,80.0,28.97,0.03,2.83,1.58,6.48,10:30:00,2024-01-18
HCM04,Long Đại,80.0,27.39,0.018,1.33,0.98,7.3,11:00:00,2024-01-18
HCM04,Long Đại,80.0,29.58,0.023,2.27,1.49,8.69,11:30:00,2024-01-18
HCM04,Long Đại,80.0,28.58,-0.011,2.76,1.33,8.3,12:00:00,2024-01-18
HCM04,Long Đại,80.0,30.23,-0.017,1.03,0.79,7.32,12:30:00,2024-01-18
HCM04,Long Đại,80.0,27.35,0.022,2.72,1.38,8.14,13:00:00,2024-01-18
HCM04,Long Đại,80.0,29.35,-0.032,2.92,1.73,8.29,13:30:00,2024-01-18
HCM04,Long Đại,80.0,30.1,-0.001,2.13,1.32,7.21,14:00:00,2024-01-18
HCM04,Long Đại,80.0,28.69,0.009,2.15,1.39,7.75,14:30:00,2024-01-18
HCM04,Long Đại,80.0,29.43,-0.026,2.45,1.51,6.99,15:00:00,2024-01-18
HCM04,Long Đại,80.0,27.14,-0.016,1.85,1.49,7.93,15:30:00,2024-01-18
HCM04,Long Đại,80.0,28.37,-0.051,2.65,1.54,8.1,16:00:00,2024-01-18
HCM04,Long Đại,80.0,29.07,-0.032,2.48,1.23,7.4,16:30:00,2024-01-18
HCM04,Long Đại,80.0,27.95,-0.019,1.02,0.74,7.21,17:00:00,2024-01-18
HCM04,Long Đại,80.0,29.23,-0.076,2.53,1.47,7.38,17:30:00,2024-01-18
HCM04,Long Đại,80.0,28.26,-0.022,1.69,0.94,8.42,18:00:00,2024-01-18
HCM04,Long Đại,80.0,28.47,-0.044,1.39,0.79,7.31,18:30:00,2024-01-18
HCM04,Long Đại,80.0,28.31,-0.086,1.62,1.1,6.93,19:00:00,2024-01-18
HCM04,Long Đại,80.0,28.76,-0.055,1.9,1.1,7.47,19:30:00,2024-01-18
HCM04,Long Đại,80.0,29.41,-0.068,1.83,1.27,6.62,20:00:00,2024-01-18
HCM04,Long Đại,80.0,28.86,0.047,1.27,0.88,7.73,20:30:00,2024-01-18
HCM04,Long Đại,80.0,29.62,-0.088,1.87,1.17,7.4,21:00:00,2024-01-18
HCM04,Long Đại,80.0,29.08,-0.004,2.0,1.11,7.89,21:30:00,2024-01-18
HCM04,Long Đại,80.0,28.11,-0.003,2.32,1.07,7.61,22:00:00,2024-01-18
HCM04,Long Đại,80.0,29.23,-0.03,1.7,1.06,7.04,22:30:00,2024-01-18
HCM04,Long Đại,80.0,27.87,0.007,2.27,1.33,7.37,23:00:00,2024-01-18
HCM04,Long Đại,80.0,28.6,0.022,1.79,1.13,7.08,23:30:00,2024-01-18
HCM03,Lý Nhơn,7.0,29.13,-0.002,37.92,20.87,6.46,00:00:00,2024-01-18
HCM03,Lý Nhơn,7.0,28.46,0.028,30.08,19.34,6.49,00:30:00,2024-01-18
HCM03,Lý Nhơn,7.0,28.67,0.011,42.51,24.11,6.52,01:00:00,2024-01-18
HCM03,Lý Nhơn,7.0,28.32,0.043,33.24,20.93,6.73,01:30:00,2024-01-18
HCM03,Lý Nhơn,7.0,27.63,0.033,42.1,23.59,6.95,02:00:00,2024-01-18
HCM03,Lý Nhơn,7.0,29.61,0.05,27.2,21.81,6.2,02:30:00,2024-01-18
HCM03,Lý Nhơn,7.0,27.47,0.105,26.7,24.41,7.13,03:00:00,2024-01-18
HCM03,Lý Nhơn,7.0,30.48,0.04,30.58,22.15,5.8,03:30:00,2024-01-18
HCM03,Lý Nhơn,7.0,28.98,0.076,31.94,22.79,6.38,04:00:00,2024-01-18
HCM03,Lý Nhơn,7.0,30.91,0.022,37.5,23.08,5.94,04:30:00,2024-01-18
HCM03,Lý Nhơn,7.0,28.4,0.032,37.99,25.5,6.49,05:00:00,2024-01-18
HCM03,Lý Nhơn,7.0,28.49,0.045,37.34,23.51,6.4,05:30:00,2024-01-18
HCM03,Lý Nhơn,7.0,28.1,0.016,46.16,27.65,6.32,06:00:00,2024-01-18
HCM03,Lý Nhơn,7.0,27.93,0.069,46.34,27.36,6.64,06:30:00,2024-01-18
HCM03,Lý Nhơn,7.0,28.87,0.045,22.08,20.61,6.85,07:00:00,2024-01-18
HCM03,Lý Nhơn,7.0,29.03,0.08,31.03,22.31,7.15,07:30:00,2024-01-18
HCM03,Lý Nhơn,7.0,27.83,0.051,26.86,21.09,6.74,08:00:00,2024-01-18
HCM03,Lý Nhơn,7.0,27.86,0.058,37.64,25.89,5.6,08:30:00,2024-01-18
HCM03,Lý Nhơn,7.0,27.22,0.081,28.94,21.47,7.33,09:00:00,2024-01-18
HCM03,Lý Nhơn,7.0,28.74,0.054,34.75,23.93,6.46,09:30:00,2024-01-18
HCM03,Lý Nhơn,7.0,28.9,0.004,31.46,22.31,6.54,10:00:00,2024-01-18
HCM03,Lý Nhơn,7.0,29.41,0.001,30.67,19.41,6.52,10:30:00,2024-01-18
HCM03,Lý Nhơn,7.0,28.16,0.033,34.56,18.71,6.94,11:00:00,2024-01-18
HCM03,Lý Nhơn,7.0,26.74,0.006,38.94,21.53,6.4,11:30:00,2024-01-18
HCM03,Lý Nhơn,7.0,29.12,0.065,26.28,20.48,6.85,12:00:00,2024-01-18
HCM03,Lý Nhơn,7.0,28.79,-0.031,33.98,19.36,6.02,12:30:00,2024-01-18
HCM03,Lý Nhơn,7.0,27.34,-0.042,25.32,18.45,7.22,13:00:00,2024-01-18
HCM03,Lý Nhơn,7.0,27.69,-0.019,28.34,18.07,6.73,13:30:00,2024-01-18
HCM03,Lý Nhơn,7.0,28.03,0.03,29.05,17.49,6.64,14:00:00,2024-01-18
HCM03,Lý Nhơn,7.0,30.32,-0.065,37.23,19.63,6.64,14:30:00,2024-01-18
HCM03,Lý Nhơn,7.0,27.5,-0.007,30.79,18.44,6.94,15:00:00,2024-01-18
HCM03,Lý Nhơn,7.0,28.17,-0.031,30.66,17.4,6.63,15:30:00,2024-01-18
HCM03,Lý Nhơn,7.0,27.61,-0.037,31.51,18.06,6.97,16:00:00,2024-01-18
HCM03,Lý Nhơn,7.0,28.68,-0.014,27.63,18.72,6.64,16:30:00,2024-01-18
HCM03,Lý Nhơn,7.0,29.55,-0.091,27.2,15.3,7.15,17:00:00,2024-01-18
HCM03,Lý Nhơn,7.0,30.14,-0.083,27.0,19.13,7.01,17:30:00,2024-01-18
HCM03,Lý Nhơn,7.0,29.03,-0.02,31.17,20.87,7.19,18:00:00,2024-01-18
HCM03,Lý Nhơn,7.0,28.75,-0.022,28.52,16.09,6.29,18:30:00,2024-01-18
HCM03,Lý Nhơn,7.0,28.47,-0.078,32.95,20.31,7.09,19:00:00,2024-01-18
HCM03,Lý Nhơn,7.0,27.96,0.021,28.79,16.29,6.94,19:30:00,2024-01-18
HCM03,Lý Nhơn,7.0,28.48,-0.064,39.15,21.67,5.7,20:00:00,2024-01-18
HCM03,Lý Nhơn,7.0,28.56,0.02,32.84,20.38,7.06,20:30:00,2024-01-18
HCM03,Lý Nhơn,7.0,28.17,-0.104,26.36,17.24,7.17,21:00:00,2024-01-18
HCM03,Lý Nhơn,7.0,29.08,-0.026,35.2,20.98,6.24,21:30:00,2024-01-18
HCM03,Lý Nhơn,7.0,28.61,-0.017,36.64,20.9,6.31,22:00:00,2024-01-18
HCM03,Lý Nhơn,7.0,27.6,-0.032,20.67,17.7,6.96,22:30:00,2024-01-18
HCM03,Lý Nhơn,7.0,27.49,0.009,38.4,22.82,6.71,23:00:00,2024-01-18
HCM03,Lý Nhơn,7.0,28.67,-0.003,35.92,22.89,5.88,23:30:00,2024-01-18
HCM01,Nhà Bè,38.0,27.71,0.036,16.7,11.88,6.45,00:00:00,2024-01-18
HCM01,Nhà Bè,38.0,28.61,0.037,17.74,9.93,7.84,00:30:00,2024-01-18
HCM01,Nhà Bè,38.0,29.35,-0.014,18.11,11.43,5.99,01:00:00,2024-01-18
HCM01,Nhà Bè,38.0,29.34,0.041,18.15,9.59,7.1,01:30:00,2024-01-18
HCM01,Nhà Bè,38.0,28.11,-0.052,19.58,11.95,6.79,02:00:00,2024-01-18
HCM01,Nhà Bè,38.0,29.37,-0.002,24.11,13.95,6.84,02:30:00,2024-01-18
HCM01,Nhà Bè,38.0,28.78,0.02,22.3,11.67,6.96,03:00:00,2024-01-18
HCM01,Nhà Bè,38.0,28.28,0.062,25.19,12.03,6.83,03:30:00,2024-01-18
HCM01,Nhà Bè,38.0,28.03,0.072,18.74,11.44,7.19,04:00:00,2024-01-18
HCM01,Nhà Bè,38.0,29.03,0.05,21.21,13.09,7.01,04:30:00,2024-01-18
HCM01,Nhà Bè,38.0,29.74,0.018,17.39,11.86,6.38,05:00:00,2024-01-18
HCM01,Nhà Bè,38.0,29.19,0.042,19.38,11.96,6.74,05:30:00,2024-01-18
HCM01,Nhà Bè,38.0,28.23,0.047,21.95,14.07,7.04,06:00:00,2024-01-18
HCM01,Nhà Bè,38.0,30.23,0.024,12.13,11.66,6.87,06:30:00,2024-01-18
HCM01,Nhà Bè,38.0,28.88,0.038,21.41,11.97,6.43,07:00:00,2024-01-18
HCM01,Nhà Bè,38.0,28.33,0.02,19.54,11.5,7.28,07:30:00,2024-01-18
HCM01,Nhà Bè,38.0,28.1,0.085,22.23,13.91,6.73,08:00:00,2024-01-18
HCM01,Nhà Bè,38.0,29.12,0.06,21.03,13.41,7.37,08:30:00,2024-01-18
HCM01,Nhà Bè,38.0,30.02,0.034,12.59,12.01,6.68,09:00:00,2024-01-18
HCM01,Nhà Bè,38.0,28.11,0.01,18.97,12.05,5.92,09:30:00,2024-01-18
HCM01,Nhà Bè,38.0,28.48,0.039,19.71,12.66,6.52,10:00:00,2024-01-18
HCM01,Nhà Bè,38.0,28.68,0.007,16.56,9.35,7.0,10:30:00,2024-01-18
HCM01,Nhà Bè,38.0,28.63,0.025,21.14,11.83,7.41,11:00:00,2024-01-18
HCM01,Nhà Bè,38.0,29.42,-0.024,21.93,10.79,6.86,11:30:00,2024-01-18
HCM01,Nhà Bè,38.0,28.32,0.004,19.82,10.15,6.62,12:00:00,2024-01-18
HCM01,Nhà Bè,38.0,28.0,0.026,11.9,10.4,6.87,12:30:00,2024-01-18
HCM01,Nhà Bè,38.0,29.14,-0.045,17.01,10.07,6.17,13:00:00,2024-01-18
HCM01,Nhà Bè,38.0,28.15,-0.081,19.48,10.27,7.17,13:30:00,2024-01-18
HCM01,Nhà Bè,38.0,27.71,-0.052,15.27,11.1,7.51,14:00:00,2024-01-18
HCM01,Nhà Bè,38.0,27.91,0.002,17.91,9.31,7.39,14:30:00,2024-01-18
HCM01,Nhà Bè,38.0,29.58,-0.046,23.39,11.05,6.85,15:00:00,2024-01-18
HCM01,Nhà Bè,38.0,27.39,0.008,13.56,9.3,6.72,15:30:00,2024-01-18
HCM01,Nhà Bè,38.0,27.52,-0.038,16.24,10.54,6.71,16:00:00,2024-01-18
HCM01,Nhà Bè,38.0,28.02,-0.067,22.96,10.9,7.3,16:30:00,2024-01-18
HCM01,Nhà Bè,38.0,27.86,-0.109,17.86,11.03,7.98,17:00:00,2024-01-18
HCM01,Nhà Bè,38.0,28.69,-0.034,15.94,8.76,6.91,17:30:00,2024-01-18
HCM01,Nhà Bè,38.0,28.57,0.0,17.4,9.08,6.43,18:00:00,2024-01-18
HCM01,Nhà Bè,38.0,28.35,0.002,11.64,8.58,7.1,18:30:00,2024-01-18
HCM01,Nhà Bè,38.0,28.76,-0.107,15.95,8.98,6.49,19:00:00,2024-01-18
HCM01,Nhà Bè,38.0,28.73,-0.062,12.79,10.92,6.68,19:30:00,2024-01-18
HCM01,Nhà Bè,38.0,28.93,-0.003,16.16,9.28,6.67,20:00:00,2024-01-18
HCM01,Nhà Bè,38.0,28.34,-0.041,11.06,11.11,6.88,20:30:00,2024-01-18
HCM01,Nhà Bè,38.0,27.6,-0.062,14.14,8.54,6.68,21:00:00,2024-01-18
HCM01,Nhà Bè,38.0,28.69,-0.053,14.84,9.02,7.15,21:30:00,2024-01-18
HCM01,Nhà Bè,38.0,29.54,-0.033,14.93,10.95,7.58,22:00:00,2024-01-18
HCM01,Nhà Bè,38.0,30.51,-0.05,15.19,8.43,7.14,22:30:00,2024-01-18
HCM01,Nhà Bè,38.0,26.65,-0.027,17.5,13.38,6.91,23:00:00,2024-01-18
HCM01,Nhà Bè,38.0,28.4,-0.062,19.86,10.96,7.12,23:30:00,2024-01-18
HCM02,Cát Lái,58.0,27.8,-0.026,13.25,7.69,6.61,00:00:00,2024-01-19
HCM02,Cát Lái,58.0,27.54,0.052,12.36,7.05,7.79,00:30:00,2024-01-19
HCM02,Cát Lái,58.0,28.98,0.047,14.96,8.19,7.36,01:00:00,2024-01-19
HCM02,Cát Lái,58.0,28.24,-0.032,10.54,7.73,6.63,01:30:00,2024-01-19
HCM02,Cát Lái,58.0,28.62,0.031,13.12,8.16,8.21,02:00:00,2024-01-19
HCM02,Cát Lái,58.0,29.07,0.054,9.56,6.82,6.6,02:30:00,2024-01-19
HCM02,Cát Lái,58.0,29.27,0.012,11.52,8.24,7.24,03:00:00,2024-01-19
HCM02,Cát Lái,58.0,27.94,-0.011,12.79,8.46,7.26,03:30:00,2024-01-19
HCM02,Cát Lái,58.0,27.88,0.052,13.19,7.71,7.69,04:00:00,2024-01-19
HCM02,Cát Lái,58.0,28.35,0.041,14.83,8.25,6.44,04:30:00,2024-01-19
HCM02,Cát Lái,58.0,28.33,0.018,15.58,9.2,6.73,05:00:00,2024-01-19
HCM02,Cát Lái,58.0,28.22,0.089,12.4,7.69,6.98,05:30:00,2024-01-19
HCM02,Cát Lái,58.0,28.18,0.053,12.38,8.23,7.16,06:00:00,2024-01-19
HCM02,Cát Lái,58.0,28.39,0.01,15.69,8.51,6.77,06:30:00,2024-01-19
HCM02,Cát Lái,58.0,27.75,0.087,15.61,7.81,7.86,07:00:00,2024-01-19
HCM02,Cát Lái,58.0,28.02,0.051,11.47,8.78,8.17,07:30:00,2024-01-19
HCM02,Cát Lái,58.0,28.19,0.024,12.22,8.52,7.05,08:00:00,2024-01-19
HCM02,Cát Lái,58.0,27.76,0.002,13.52,7.82,6.85,08:30:00,2024-01-19
HCM02,Cát Lái,58.0,28.62,0.036,11.26,7.58,7.45,09:00:00,2024-01-19
HCM02,Cát Lái,58.0,29.65,0.037,13.92,8.41,7.31,09:30:00,2024-01-19
HCM02,Cát Lái,58.0,28.13,0.05,11.07,8.07,6.9,10:00:00,2024-01-19
HCM02,Cát Lái,58.0,28.45,-0.016,15.56,8.94,7.45,10:30:00,2024-01-19
HCM02,Cát Lái,58.0,29.38,-0.014,15.79,7.56,7.52,11:00:00,2024-01-19
HCM02,Cát Lái,58.0,29.27,0.014,12.97,7.87,7.91,11:30:00,2024-01-19
HCM02,Cát Lái,58.0,28.07,-0.017,11.94,6.3,7.72,12:00:00,2024-01-19
HCM02,Cát Lái,58.0,29.43,-0.003,9.67,6.7,7.48,12:30:00,2024-01-19
HCM02,Cát Lái,58.0,27.7,-0.034,12.5,7.34,6.57,13:00:00,2024-01-19
HCM02,Cát Lái,58.0,28.18,0.004,8.05,7.1,7.24,13:30:00,2024-01-19
HCM02,Cát Lái,58.0,28.68,-0.067,13.74,7.94,7.25,14:00:00,2024-01-19
HCM02,Cát Lái,58.0,29.29,-0.015,7.48,6.67,7.09,14:30:00,2024-01-19
HCM02,Cát Lái,58.0,29.97,-0.021,12.07,6.27,7.85,15:00:00,2024-01-19
HCM02,Cát Lái,58.0,29.49,-0.075,12.65,7.02,6.97,15:30:00,2024-01-19
HCM02,Cát Lái,58.0,27.27,-0.048,9.51,7.21,7.32,16:00:00,2024-01-19
HCM02,Cát Lái,58.0,28.66,-0.056,10.48,6.46,6.69,16:30:00,2024-01-19
HCM02,Cát Lái,58.0,28.76,-0.081,15.17,7.36,6.91,17:00:00,2024-01-19
HCM02,Cát Lái,58.0,27.45,-0.105,10.47,6.23,7.68,17:30:00,2024-01-19
HCM02,Cát Lái,58.0,27.64,-0.025,8.58,6.18,6.51,18:00:00,2024-01-19
HCM02,Cát Lái,58.0,28.59,-0.068,10.08,6.42,8.15,18:30:00,2024-01-19
HCM02,Cát Lái,58.0,28.65,0.002,7.96,6.18,7.61,19:00:00,2024-01-19
HCM02,Cát Lái,58.0,28.37,-0.066,10.51,6.62,6.55,19:30:00,2024-01-19
HCM02,Cát Lái,58.0,28.98,-0.027,11.78,6.49,7.42,20:00:00,2024-01-19
HCM02,Cát Lái,58.0,27.21,-0.067,11.86,6.79,6.43,20:30:00,2024-01-19
HCM02,Cát Lái,58.0,27.99,-0.032,10.32,6.37,7.0,21:00:00,2024-01-19
HCM02,Cát Lái,58.0,28.75,-0.012,5.9,5.83,7.24,21:30:00,2024-01-19
HCM02,Cát Lái,58.0,28.63,0.004,10.54,5.97,6.99,22:00:00,2024-01-19
HCM02,Cát Lái,58.0,27.34,0.022,10.55,6.62,7.78,22:30:00,2024-01-19
HCM02,Cát Lái,58.0,28.07,-0.015,11.17,8.11,8.27,23:00:00,2024-01-19
HCM02,Cát Lái,58.0,29.39,-0.006,12.27,7.28,7.13,23:30:00,2024-01-19
HCM04,Long Đại,80.0,28.2,-0.003,2.42,1.57,6.43,00:00:00,2024-01-19
HCM04,Long Đại,80.0,28.06,0.026,2.85,1.69,7.59,00:30:00,2024-01-19
HCM04,Long Đại,80.0,28.01,0.006,2.27,1.35,6.83,01:00:00,2024-01-19
HCM04,Long Đại,80.0,27.56,0.022,1.97,2.02,8.1,01:30:00,2024-01-19
HCM04,Long Đại,80.0,29.98,0.011,2.84,1.94,7.6,02:00:00,2024-01-19
HCM04,Long Đại,80.0,26.92,0.031,1.93,1.28,7.44,02:30:00,2024-01-19
HCM04,Long Đại,80.0,28.8,0.039,1.99,1.4,6.21,03:00:00,2024-01-19
HCM04,Long Đại,80.0,28.23,0.111,2.16,1.21,7.63,03:30:00,2024-01-19
HCM04,Long Đại,80.0,28.65,0.011,2.59,1.66,7.12,04:00:00,2024-01-19
HCM04,Long Đại,80.0,27.61,0.026,2.61,1.54,7.43,04:30:00,2024-01-19
HCM04,Long Đại,80.0,27.43,0.049,2.39,1.73,7.96,05:00:00,2024-01-19
HCM04,Long Đại,80.0,29.09,0.02,3.41,1.88,6.96,05:30:00,2024-01-19
HCM04,Long Đại,80.0,28.67,0.043,3.43,1.86,8.13,06:00:00,2024-01-19
HCM04,Long Đại,80.0,28.17,0.08,1.81,1.4,7.72,06:30:00,2024-01-19
HCM04,Long Đại,80.0,28.57,0.049,1.67,1.19,7.26,07:00:00,2024-01-19
HCM04,Long Đại,80.0,27.57,0.045,3.06,1.69,7.55,07:30:00,2024-01-19
HCM04,Long Đại,80.0,27.18,0.074,2.56,1.64,7.46,08:00:00,2024-01-19
HCM04,Long Đại,80.0,28.55,0.045,2.44,2.01,6.93,08:30:00,2024-01-19
HCM04,Long Đại,80.0,28.9,0.057,2.96,1.93,6.94,09:00:00,2024-01-19
HCM04,Long Đại,80.0,27.94,0.051,2.55,1.5,7.61,09:30:00,2024-01-19
HCM04,Long Đại,80.0,27.59,0.058,2.95,1.72,7.77,10:00:00,2024-01-19
HCM04,Long Đại,80.0,28.18,0.063,1.58,1.18,7.01,10:30:00,2024-01-19
HCM04,Long Đại,80.0,28.07,0.043,1.81,1.38,7.81,11:00:00,2024-01-19
HCM04,Long Đại,80.0,27.06,-0.006,2.99,1.52,7.23,11:30:00,2024-01-19
HCM04,Long Đại,80.0,28.39,-0.025,1.8,1.41,7.31,12:00:00,2024-01-19
HCM04,Long Đại,80.0,28.05,-0.047,2.4,1.72,8.19,12:30:00,2024-01-19
HCM04,Long Đại,80.0,27.77,-0.024,2.14,1.71,8.16,13:00:00,2024-01-19
HCM04,Long Đại,80.0,27.93,-0.019,1.1,0.86,8.3,13:30:00,2024-01-19
HCM04,Long Đại,80.0,29.35,-0.074,1.22,0.73,7.06,14:00:00,2024-01-19
HCM04,Long Đại,80.0,29.24,-0.039,1.83,1.17,8.09,14:30:00,2024-01-19
HCM04,Long Đại,80.0,27.17,-0.021,1.8,1.24,7.16,15:00:00,2024-01-19
HCM04,Long Đại,80.0,27.47,-0.028,1.53,1.0,7.19,15:30:00,2024-01-19
HCM04,Long Đại,80.0,27.91,-0.033,1.14,0.77,6.86,16:00:00,2024-01-19
HCM04,Long Đại,80.0,27.61,-0.046,2.75,1.59,7.51,16:30:00,2024-01-19
HCM04,Long Đại,80.0,27.71,-0.082,1.48,0.92,7.41,17:00:00,2024-01-19
HCM04,Long Đại,80.0,28.8,-0.057,2.74,1.43,7.3,17:30:00,2024-01-19
HCM04,Long Đại,80.0,28.31,0.002,2.25,1.28,8.02,18:00:00,2024-01-19
HCM04,Long Đại,80.0,29.73,-0.085,1.7,1.18,7.68,18:30:00,2024-01-19
HCM04,Long Đại,80.0,29.21,-0.092,1.61,1.09,6.44,19:00:00,2024-01-19
HCM04,Long Đại,80.0,27.98,-0.072,2.58,1.33,7.54,19:30:00,2024-01-19
HCM04,Long Đại,80.0,26.86,-0.04,2.53,1.41,7.27,20:00:00,2024-01-19
HCM04,Long Đại,80.0,27.96,-0.042,2.06,1.37,7.21,20:30:00,2024-01-19
HCM04,Long Đại,80.0,29.5,-0.028,1.98,1.73,7.14,21:00:00,2024-01-19
HCM04,Long Đại,80.0,28.42,-0.059,1.06,0.84,8.13,21:30:00,2024-01-19
HCM04,Long Đại,80.0,28.89,-0.054,3.1,1.71,6.25,22:00:00,2024-01-19
HCM04,Long Đại,80.0,28.53,-0.014,2.1,1.63,8.08,22:30:00,2024-01-19
HCM04,Long Đại,80.0,27.61,0.05,1.97,1.38,7.11,23:00:00,2024-01-19
HCM04,Long Đại,80.0,27.12,-0.019,3.38,1.65,7.57,23:30:00,2024-01-19
HCM03,Lý Nhơn,7.0,27.03,0.052,35.93,18.79,7.3,00:00:00,2024-01-19
HCM03,Lý Nhơn,7.0,27.22,0.016,37.18,28.75,5.93,00:30:00,2024-01-19
HCM03,Lý Nhơn,7.0,29.58,0.023,30.02,19.01,6.91,01:00:00,2024-01-19
HCM03,Lý Nhơn,7.0,28.63,-0.003,34.1,20.56,6.98,01:30:00,2024-01-19
HCM03,Lý Nhơn,7.0,28.08,0.03,35.91,19.69,5.97,02:00:00,2024-01-19
HCM03,Lý Nhơn,7.0,29.79,0.015,31.91,21.26,6.63,02:30:00,2024-01-19
HCM03,Lý Nhơn,7.0,28.68,0.019,37.56,22.12,6.72,03:00:00,2024-01-19
HCM03,Lý Nhơn,7.0,28.0,0.037,30.09,21.64,6.67,03:30:00,2024-01-19
HCM03,Lý Nhơn,7.0,27.81,0.029,40.86,24.03,5.98,04:00:00,2024-01-19
HCM03,Lý Nhơn,7.0,27.77,0.039,56.78,28.64,5.32,04:30:00,2024-01-19
HCM03,Lý Nhơn,7.0,28.84,0.049,36.88,24.77,6.39,05:00:00,2024-01-19
HCM03,Lý Nhơn,7.0,28.78,0.062,42.65,25.24,6.59,05:30:00,2024-01-19
HCM03,Lý Nhơn,7.0,28.64,0.077,46.17,26.64,7.62,06:00:00,2024-01-19
HCM03,Lý Nhơn,7.0,28.08,0.017,52.64,27.6,6.89,06:30:00,2024-01-19
HCM03,Lý Nhơn,7.0,27.07,0.071,39.8,27.99,6.14,07:00:00,2024-01-19
HCM03,Lý Nhơn,7.0,28.27,0.03,31.0,21.77,6.97,07:30:00,2024-01-19
HCM03,Lý Nhơn,7.0,28.79,0.044,37.17,21.82,6.7,08:00:00,2024-01-19
HCM03,Lý Nhơn,7.0,27.29,0.051,32.31,22.36,7.56,08:30:00,2024-01-19
HCM03,Lý Nhơn,7.0,29.08,0.078,40.4,26.97,6.95,09:00:00,2024-01-19
HCM03,Lý Nhơn,7.0,27.54,0.018,50.35,25.13,6.54,09:30:00,2024-01-19
HCM03,Lý Nhơn,7.0,27.36,0.015,38.89,23.76,6.96,10:00:00,2024-01-19
HCM03,Lý Nhơn,7.0,30.3,0.033,41.5,23.36,6.35,10:30:00,2024-01-19
HCM03,Lý Nhơn,7.0,27.95,0.021,35.08,20.43,7.01,11:00:00,2024-01-19
HCM03,Lý Nhơn,7.0,30.32,0.008,51.38,24.14,7.5,11:30:00,2024-01-19
HCM03,Lý Nhơn,7.0,27.39,0.024,33.53,22.9,7.32,12:00:00,2024-01-19
HCM03,Lý Nhơn,7.0,27.11,-0.012,33.54,15.98,6.38,12:30:00,2024-01-19
HCM03,Lý Nhơn,7.0,28.32,0.01,32.48,19.42,7.03,13:00:00,2024-01-19
HCM03,Lý Nhơn,7.0,27.4,-0.036,30.09,20.84,5.66,13:30:00,2024-01-19
HCM03,Lý Nhơn,7.0,28.15,-0.019,31.22,19.28,6.44,14:00:00,2024-01-19
HCM03,Lý Nhơn,7.0,27.7,-0.033,24.56,20.31,6.37,14:30:00,2024-01-19
HCM03,Lý Nhơn,7.0,28.27,-0.006,31.17,18.75,7.6,15:00:00,2024-01-19
HCM03,Lý Nhơn,7.0,28.38,-0.027,32.26,17.36,7.22,15:30:00,2024-01-19
HCM03,Lý Nhơn,7.0,27.25,-0.024,32.4,18.06,6.48,16:00:00,2024-01-19
HCM03,Lý Nhơn,7.0,27.74,-0.042,27.36,20.02,7.05,16:30:00,2024-01-19
HCM03,Lý Nhơn,7.0,29.32,-0.111,35.65,17.25,5.87,17:00:00,2024-01-19
HCM03,Lý Nhơn,7.0,28.71,-0.071,37.58,20.22,7.21,17:30:00,2024-01-19
HCM03,Lý Nhơn,7.0,27.01,-0.048,31.93,16.51,8.32,18:00:00,2024-01-19
HCM03,Lý Nhơn,7.0,28.29,-0.041,31.23,16.96,7.07,18:30:00,2024-01-19
HCM03,Lý Nhơn,7.0,28.57,-0.037,24.57,18.15,7.07,19:00:00,2024-01-19
HCM03,Lý Nhơn,7.0,29.42,-0.038,31.21,16.67,7.06,19:30:00,2024-01-19
HCM03,Lý Nhơn,7.0,28.69,-0.0,29.97,19.35,7.46,20:00:00,2024-01-19
HCM03,Lý Nhơn,7.0,27.6,-0.084,31.18,16.96,6.78,20:30:00,2024-01-19
HCM03,Lý Nhơn,7.0,27.67,-0.081,29.57,16.13,7.64,21:00:00,2024-01-19
HCM03,Lý Nhơn,7.0,27.09,-0.046,25.61,18.3,7.11,21:30:00,2024-01-19
HCM03,Lý Nhơn,7.0,29.21,-0.057,26.07,20.64,6.78,22:00:00,2024-01-19
HCM03,Lý Nhơn,7.0,28.31,-0.032,30.5,17.34,7.09,22:30:00,2024-01-19
HCM03,Lý Nhơn,7.0,29.36,-0.005,42.38,21.04,6.66,23:00:00,2024-01-19
HCM03,Lý Nhơn,7.0,26.43,-0.037,25.14,17.98,5.7,23:30:00,2024-01-19
HCM01,Nhà Bè,38.0,27.88,0.017,16.96,11.67,7.09,00:00:00,2024-01-19
HCM01,Nhà Bè,38.0,28.87,0.018,21.52,12.1,6.81,00:30:00,2024-01-19
HCM01,Nhà Bè,38.0,28.93,-0.004,22.84,11.21,6.29,01:00:00,2024-01-19
HCM01,Nhà Bè,38.0,28.77,0.074,20.96,12.31,6.94,01:30:00,2024-01-19
HCM01,Nhà Bè,38.0,29.27,0.011,19.28,13.54,6.97,02:00:00,2024-01-19
HCM01,Nhà Bè,38.0,28.15,0.041,21.07,14.74,6.92,02:30:00,2024-01-19
HCM01,Nhà Bè,38.0,27.62,0.052,16.4,9.57,7.05,03:00:00,2024-01-19
HCM01,Nhà Bè,38.0,28.0,0.042,21.13,12.37,6.75,03:30:00,2024-01-19
HCM01,Nhà Bè,38.0,28.63,0.041,19.86,15.11,6.02,04:00:00,2024-01-19
HCM01,Nhà Bè,38.0,29.49,0.029,22.05,14.01,7.38,04:30:00,2024-01-19
HCM01,Nhà Bè,38.0,27.69,0.126,21.34,11.34,6.49,05:00:00,2024-01-19
HCM01,Nhà Bè,38.0,27.63,0.064,16.17,14.47,6.63,05:30:00,2024-01-19
HCM01,Nhà Bè,38.0,28.58,0.015,25.68,13.94,7.0,06:00:00,2024-01-19
HCM01,Nhà Bè,38.0,28.53,0.081,28.77,17.05,7.0,06:30:00,2024-01-19
HCM01,Nhà Bè,38.0,28.46,0.04,18.84,13.06,6.71,07:00:00,2024-01-19
HCM01,Nhà Bè,38.0,27.5,0.014,18.63,13.09,6.87,07:30:00,2024-01-19
HCM01,Nhà Bè,38.0,27.31,0.086,18.58,11.68,6.62,08:00:00,2024-01-19
HCM01,Nhà Bè,38.0,28.65,0.067,22.47,13.57,7.5,08:30:00,2024-01-19
HCM01,Nhà Bè,38.0,28.53,-0.032,17.67,12.36,6.83,09:00:00,2024-01-19
HCM01,Nhà Bè,38.0,28.49,0.074,14.58,12.77,7.05,09:30:00,2024-01-19
HCM01,Nhà Bè,38.0,26.89,0.011,18.49,11.26,6.95,10:00:00,2024-01-19
HCM01,Nhà Bè,38.0,27.52,0.011,22.22,11.37,6.34,10:30:00,2024-01-19
HCM01,Nhà Bè,38.0,28.1,0.043,18.94,11.74,7.81,11:00:00,2024-01-19
HCM01,Nhà Bè,38.0,27.88,-0.041,22.27,12.41,7.14,11:30:00,2024-01-19
HCM01,Nhà Bè,38.0,28.54,0.003,18.49,12.27,6.8,12:00:00,2024-01-19
HCM01,Nhà Bè,38.0,28.03,0.019,16.88,11.22,6.61,12:30:00,2024-01-19
HCM01,Nhà Bè,38.0,28.16,0.0,21.21,10.08,7.25,13:00:00,2024-01-19
HCM01,Nhà Bè,38.0,27.96,-0.031,21.06,11.55,6.93,13:30:00,2024-01-19
HCM01,Nhà Bè,38.0,27.78,-0.059,18.17,10.48,6.8,14:00:00,2024-01-19
HCM01,Nhà Bè,38.0,26.63,-0.054,24.41,11.73,6.45,14:30:00,2024-01-19
HCM01,Nhà Bè,38.0,29.69,-0.028,16.43,12.98,7.99,15:00:00,2024-01-19
HCM01,Nhà Bè,38.0,27.64,-0.027,13.35,9.13,6.61,15:30:00,2024-01-19
HCM01,Nhà Bè,38.0,29.15,-0.046,13.91,9.33,7.43,16:00:00,2024-01-19
HCM01,Nhà Bè,38.0,30.22,-0.076,16.17,9.82,7.8,16:30:00,2024-01-19
HCM01,Nhà Bè,38.0,28.56,-0.069,19.86,11.83,7.2,17:00:00,2024-01-19
HCM01,Nhà Bè,38.0,28.74,-0.056,12.53,10.83,6.94,17:30:00,2024-01-19
HCM01,Nhà Bè,38.0,29.07,-0.058,13.18,8.86,8.41,18:00:00,2024-01-19
HCM01,Nhà Bè,38.0,28.33,-0.045,13.71,9.49,6.82,18:30:00,2024-01-19
HCM01,Nhà Bè,38.0,27.95,-0.023,16.54,11.57,7.59,19:00:00,2024-01-19
HCM01,Nhà Bè,38.0,28.43,-0.045,14.6,10.49,7.26,19:30:00,2024-01-19
HCM01,Nhà Bè,38.0,29.68,-0.048,17.03,10.49,7.29,20:00:00,2024-01-19
HCM01,Nhà Bè,38.0,28.64,-0.011,16.75,11.22,7.43,20:30:00,2024-01-19
HCM01,Nhà Bè,38.0,28.68,-0.004,16.42,12.64,7.07,21:00:00,2024-01-19
HCM01,Nhà Bè,38.0,29.12,-0.056,19.98,9.89,6.17,21:30:00,2024-01-19
HCM01,Nhà Bè,38.0,30.19,-0.043,21.07,12.42,7.63,22:00:00,2024-01-19
HCM01,Nhà Bè,38.0,28.96,-0.043,19.56,11.69,6.55,22:30:00,2024-01-19
HCM01,Nhà Bè,38.0,28.64,0.034,23.24,12.96,6.58,23:00:00,2024-01-19
HCM01,Nhà Bè,38.0,29.13,-0.028,17.84,10.25,6.98,23:30:00,2024-01-19
HCM02,Cát Lái,58.0,28.93,-0.036,12.36,7.22,7.08,00:00:00,2024-01-20
HCM02,Cát Lái,58.0,28.09,-0.018,12.36,7.28,6.97,00:30:00,2024-01-20
HCM02,Cát Lái,58.0,28.42,-0.016,11.96,8.4,7.94,01:00:00,2024-01-20
HCM02,Cát Lái,58.0,29.06,0.047,12.58,9.22,7.28,01:30:00,2024-01-20
HCM02,Cát Lái,58.0,30.44,0.02,16.56,8.46,7.36,02:00:00,2024-01-20
HCM02,Cát Lái,58.0,28.29,0.007,15.32,7.96,7.09,02:30:00,2024-01-20
HCM02,Cát Lái,58.0,27.45,0.033,12.5,8.79,7.43,03:00:00,2024-01-20
HCM02,Cát Lái,58.0,28.58,0.064,16.86,8.63,6.71,03:30:00,2024-01-20
HCM02,Cát Lái,58.0,30.02,0.064,10.86,8.0,7.07,04:00:00,2024-01-20
HCM02,Cát Lái,58.0,28.8,0.013,11.61,9.12,7.11,04:30:00,2024-01-20
HCM02,Cát Lái,58.0,28.83,0.074,15.49,8.52,7.31,05:00:00,2024-01-20
HCM02,Cát Lái,58.0,27.96,0.076,13.52,8.16,6.78,05:30:00,2024-01-20
HCM02,Cát Lái,58.0,28.76,-0.012,8.75,6.79,8.06,06:00:00,2024-01-20
HCM02,Cát Lái,58.0,28.67,0.085,13.3,8.71,6.23,06:30:00,2024-01-20
HCM02,Cát Lái,58.0,27.9,0.01,10.39,7.85,6.31,07:00:00,2024-01-20
HCM02,Cát Lái,58.0,28.23,-0.011,13.76,9.3,7.28,07:30:00,2024-01-20
HCM02,Cát Lái,58.0,29.18,0.049,11.38,8.24,7.81,08:00:00,2024-01-20
HCM02,Cát Lái,58.0,28.77,0.0,12.57,8.4,7.21,08:30:00,2024-01-20
HCM02,Cát Lái,58.0,27.38,0.028,13.12,8.59,8.27,09:00:00,2024-01-20
HCM02,Cát Lái,58.0,29.51,0.055,15.47,8.64,6.48,09:30:00,2024-01-20
HCM02,Cát Lái,58.0,29.04,0.039,9.92,6.89,6.17,10:00:00,2024-01-20
HCM02,Cát Lái,58.0,28.45,-0.008,13.56,8.55,7.11,10:30:00,2024-01-20
HCM02,Cát Lái,58.0,26.92,-0.04,9.67,7.35,8.02,11:00:00,2024-01-20
HCM02,Cát Lái,58.0,28.02,-0.019,10.92,6.54,6.48,11:30:00,2024-01-20
HCM02,Cát Lái,58.0,28.74,-0.022,11.4,6.91,7.5,12:00:00,2024-01-20
HCM02,Cát Lái,58.0,28.8,0.049,12.32,6.19,6.94,12:30:00,2024-01-20
HCM02,Cát Lái,58.0,28.53,0.071,10.0,6.69,7.9,13:00:00,2024-01-20
HCM02,Cát Lái,58.0,28.34,0.035,9.02,6.99,6.96,13:30:00,2024-01-20
HCM02,Cát Lái,58.0,29.04,-0.017,14.1,7.15,6.74,14:00:00,2024-01-20
HCM02,Cát Lái,58.0,30.3,-0.019,11.58,7.13,7.23,14:30:00,2024-01-20
HCM02,Cát Lái,58.0,27.71,-0.007,11.55,6.1,7.04,15:00:00,2024-01-20
HCM02,Cát Lái,58.0,28.64,-0.077,10.56,7.49,6.75,15:30:00,2024-01-20
HCM02,Cát Lái,58.0,29.25,-0.031,8.01,6.47,7.17,16:00:00,2024-01-20
HCM02,Cát Lái,58.0,28.4,-0.115,9.74,6.08,6.58,16:30:00,2024-01-20
HCM02,Cát Lái,58.0,28.98,0.007,7.73,5.22,7.26,17:00:00,2024-01-20
HCM02,Cát Lái,58.0,29.69,-0.002,10.86,6.13,6.98,17:30:00,2024-01-20
HCM02,Cát Lái,58.0,27.92,-0.027,7.38,5.78,6.79,18:00:00,2024-01-20
HCM02,Cát Lái,58.0,28.65,-0.036,11.75,5.97,7.81,18:30:00,2024-01-20
HCM02,Cát Lái,58.0,28.71,-0.031,11.38,6.22,7.32,19:00:00,2024-01-20
HCM02,Cát Lái,58.0,28.28,-0.052,12.28,6.25,8.26,19:30:00,2024-01-20
HCM02,Cát Lái,58.0,28.56,-0.073,14.72,7.32,6.98,20:00:00,2024-01-20
HCM02,Cát Lái,58.0,28.33,-0.039,7.24,5.64,7.06,20:30:00,2024-01-20
HCM02,Cát Lái,58.0,31.04,-0.01,10.29,5.35,7.77,21:00:00,2024-01-20
HCM02,Cát Lái,58.0,28.51,-0.017,9.07,6.57,8.75,21:30:00,2024-01-20
HCM02,Cát Lái,58.0,27.85,-0.025,10.2,6.06,7.83,22:00:00,2024-01-20
HCM02,Cát Lái,58.0,29.96,-0.01,11.19,6.53,7.89,22:30:00,2024-01-20
HCM02,Cát Lái,58.0,29.01,-0.043,7.59,6.09,6.92,23:00:00,2024-01-20
HCM02,Cát Lái,58.0,28.96,0.016,11.99,7.88,7.17,23:30:00,2024-01-20
HCM04,Long Đại,80.0,29.12,0.041,2.69,1.44,7.44,00:00:00,2024-01-20
HCM04,Long Đại,80.0,27.74,0.053,3.56,2.44,7.11,00:30:00,2024-01-20
HCM04,Long Đại,80.0,28.18,0.024,2.2,1.55,7.53,01:00:00,2024-01-20
HCM04,Long Đại,80.0,27.82,0.028,2.76,1.94,7.53,01:30:00,2024-01-20
HCM04,Long Đại,80.0,28.21,0.031,2.43,1.81,7.28,02:00:00,2024-01-20
HCM04,Long Đại,80.0,28.62,0.03,2.22,1.53,8.06,02:30:00,2024-01-20
HCM04,Long Đại,80.0,27.77,0.051,3.24,2.12,7.33,03:00:00,2024-01-20
HCM04,Long Đại,80.0,28.14,-0.01,2.51,1.88,6.82,03:30:00,2024-01-20
HCM04,Long Đại,80.0,28.91,0.031,3.84,2.33,7.09,04:00:00,2024-01-20
HCM04,Long Đại,80.0,27.74,0.046,2.31,1.41,7.93,04:30:00,2024-01-20
HCM04,Long Đại,80.0,28.67,0.077,3.05,1.66,6.59,05:00:00,2024-01-20
HCM04,Long Đại,80.0,29.23,0.029,1.76,1.12,7.69,05:30:00,2024-01-20
HCM04,Long Đại,80.0,29.04,0.038,2.3,1.59,7.99,06:00:00,2024-01-20
HCM04,Long Đại,80.0,28.04,0.062,1.57,1.14,7.08,06:30:00,2024-01-20
HCM04,Long Đại,80.0,28.33,0.072,3.24,1.75,8.33,07:00:00,2024-01-20
HCM04,Long Đại,80.0,28.9,-0.0,2.04,1.33,7.62,07:30:00,2024-01-20
HCM04,Long Đại,80.0,28.64,-0.012,1.99,1.18,7.29,08:00:00,2024-01-20
HCM04,Long Đại,80.0,28.67,0.077,2.29,1.42,8.22,08:30:00,2024-01-20
HCM04,Long Đại,80.0,27.88,-0.002,1.54,0.98,8.42,09:00:00,2024-01-20
HCM04,Long Đại,80.0,28.58,-0.009,3.21,2.45,7.81,09:30:00,2024-01-20
HCM04,Long Đại,80.0,28.88,0.055,2.97,1.88,8.19,10:00:00,2024-01-20
HCM04,Long Đại,80.0,28.62,0.062,2.65,1.44,7.64,10:30:00,2024-01-20
HCM04,Long Đại,80.0,29.85,-0.005,2.07,1.22,8.3,11:00:00,2024-01-20
HCM04,Long Đại,80.0,27.92,0.01,2.42,1.38,6.5,11:30:00,2024-01-20
HCM04,Long Đại,80.0,28.45,-0.042,1.99,1.18,8.38,12:00:00,2024-01-20
HCM04,Long Đại,80.0,29.46,-0.051,2.81,1.52,7.01,12:30:00,2024-01-20
HCM04,Long Đại,80.0,28.57,-0.073,1.73,1.44,7.78,13:00:00,2024-01-20
HCM04,Long Đại,80.0,28.19,-0.05,2.03,1.36,7.8,13:30:00,2024-01-20
HCM04,Long Đại,80.0,26.52,0.001,2.19,1.83,7.76,14:00:00,2024-01-20
HCM04,Long Đại,80.0,29.97,-0.033,2.5,1.42,7.73,14:30:00,2024-01-20
HCM04,Long Đại,80.0,28.2,-0.045,1.9,1.2,8.05,15:00:00,2024-01-20
HCM04,Long Đại,80.0,27.14,-0.051,2.63,1.63,7.63,15:30:00,2024-01-20
HCM04,Long Đại,80.0,28.73,-0.02,1.82,1.18,7.49,16:00:00,2024-01-20
HCM04,Long Đại,80.0,29.17,-0.059,2.76,1.54,7.76,16:30:00,2024-01-20
HCM04,Long Đại,80.0,27.95,-0.113,2.46,1.43,8.49,17:00:00,2024-01-20
HCM04,Long Đại,80.0,28.35,-0.067,2.54,1.33,7.48,17:30:00,2024-01-20
HCM04,Long Đại,80.0,28.97,-0.05,1.22,0.83,6.85,18:00:00,2024-01-20
HCM04,Long Đại,80.0,27.57,-0.117,2.0,1.25,7.54,18:30:00,2024-01-20
HCM04,Long Đại,80.0,28.63,-0.067,1.61,1.55,7.48,19:00:00,2024-01-20
HCM04,Long Đại,80.0,26.97,-0.027,2.52,1.62,7.57,19:30:00,2024-01-20
HCM04,Long Đại,80.0,27.94,0.015,2.86,1.57,7.82,20:00:00,2024-01-20
HCM04,Long Đại,80.0,26.75,0.005,1.99,1.03,7.94,20:30:00,2024-01-20
HCM04,Long Đại,80.0,27.79,-0.023,2.77,1.6,8.39,21:00:00,2024-01-20
HCM04,Long Đại,80.0,29.91,-0.023,3.14,1.71,6.59,21:30:00,2024-01-20
HCM04,Long Đại,80.0,27.76,0.013,2.83,1.82,8.08,22:00:00,2024-01-20
HCM04,Long Đại,80.0,28.61,-0.041,2.45,1.69,7.4,22:30:00,2024-01-20
HCM04,Long Đại,80.0,29.11,-0.009,2.76,1.64,7.88,23:00:00,2024-01-20
HCM04,Long Đại,80.0,27.42,-0.046,2.25,1.39,7.55,23:30:00,2024-01-20
HCM03,Lý Nhơn,7.0,29.14,-0.001,44.23,25.23,6.33,00:00:00,2024-01-20
HCM03,Lý Nhơn,7.0,28.08,0.013,33.23,20.64,7.29,00:30:00,2024-01-20
HCM03,Lý Nhơn,7.0,28.54,0.019,34.1,23.92,6.56,01:00:00,2024-01-20
HCM03,Lý Nhơn,7.0,26.65,0.02,24.81,17.36,7.21,01:30:00,2024-01-20
HCM03,Lý Nhơn,7.0,27.78,-0.028,47.23,31.16,6.4,02:00:00,2024-01-20
HCM03,Lý Nhơn,7.0,27.73,0.042,36.37,22.4,6.02,02:30:00,2024-01-20
HCM03,Lý Nhơn,7.0,27.82,0.028,27.86,24.98,6.78,03:00:00,2024-01-20
HCM03,Lý Nhơn,7.0,28.53,0.008,34.95,20.03,6.64,03:30:00,2024-01-20
HCM03,Lý Nhơn,7.0,27.81,0.012,33.7,24.87,6.54,04:00:00,2024-01-20
HCM03,Lý Nhơn,7.0,30.39,0.065,37.15,20.02,7.28,04:30:00,2024-01-20
HCM03,Lý Nhơn,7.0,28.22,0.023,42.81,29.27,5.72,05:00:00,2024-01-20
HCM03,Lý Nhơn,7.0,28.94,0.027,39.34,27.76,6.72,05:30:00,2024-01-20
HCM03,Lý Nhơn,7.0,28.57,0.035,43.13,25.76,7.52,06:00:00,2024-01-20
HCM03,Lý Nhơn,7.0,30.04,0.077,37.86,25.75,5.82,06:30:00,2024-01-20
HCM03,Lý Nhơn,7.0,28.41,0.057,41.07,26.14,5.49,07:00:00,2024-01-20
HCM03,Lý Nhơn,7.0,28.7,0.022,35.77,24.34,5.9,07:30:00,2024-01-20
HCM03,Lý Nhơn,7.0,28.92,0.047,32.62,20.48,7.45,08:00:00,2024-01-20
HCM03,Lý Nhơn,7.0,28.17,0.059,31.36,23.57,6.75,08:30:00,2024-01-20
HCM03,Lý Nhơn,7.0,28.38,-0.001,35.98,23.84,6.83,09:00:00,2024-01-20
HCM03,Lý Nhơn,7.0,28.79,0.066,46.04,23.35,6.08,09:30:00,2024-01-20
HCM03,Lý Nhơn,7.0,28.2,0.013,32.65,21.64,6.99,10:00:00,2024-01-20
HCM03,Lý Nhơn,7.0,28.88,-0.003,37.82,24.64,6.22,10:30:00,2024-01-20
HCM03,Lý Nhơn,7.0,27.05,0.005,26.15,20.67,6.79,11:00:00,2024-01-20
HCM03,Lý Nhơn,7.0,28.27,-0.019,37.85,24.71,6.27,11:30:00,2024-01-20
HCM03,Lý Nhơn,7.0,29.09,0.023,43.82,21.78,6.76,12:00:00,2024-01-20
HCM03,Lý Nhơn,7.0,26.76,0.016,30.51,23.31,5.97,12:30:00,2024-01-20
HCM03,Lý Nhơn,7.0,27.42,0.002,46.47,23.61,5.49,13:00:00,2024-01-20
HCM03,Lý Nhơn,7.0,29.24,-0.072,34.96,22.09,6.68,13:30:00,2024-01-20
HCM03,Lý Nhơn,7.0,28.16,-0.013,30.73,20.86,6.56,14:00:00,2024-01-20
HCM03,Lý Nhơn,7.0,30.29,-0.035,31.9,20.33,6.9,14:30:00,2024-01-20
HCM03,Lý Nhơn,7.0,28.23,-0.049,27.52,21.13,7.1,15:00:00,2024-01-20
HCM03,Lý Nhơn,7.0,28.58,-0.034,29.78,18.95,7.35,15:30:00,2024-01-20
HCM03,Lý Nhơn,7.0,28.21,-0.062,33.76,18.24,6.52,16:00:00,2024-01-20
HCM03,Lý Nhơn,7.0,28.55,-0.029,23.96,18.12,6.59,16:30:00,2024-01-20
HCM03,Lý Nhơn,7.0,29.73,-0.086,34.48,21.02,6.48,17:00:00,2024-01-20
HCM03,Lý Nhơn,7.0,29.03,-0.046,19.12,16.64,7.89,17:30:00,2024-01-20
HCM03,Lý Nhơn,7.0,27.82,-0.043,26.87,18.88,6.26,18:00:00,2024-01-20
HCM03,Lý Nhơn,7.0,28.3,-0.108,34.96,18.28,7.0,18:30:00,2024-01-20
HCM03,Lý Nhơn,7.0,28.99,-0.042,32.27,22.23,5.77,19:00:00,2024-01-20
HCM03,Lý Nhơn,7.0,29.38,-0.059,36.59,22.88,6.54,19:30:00,2024-01-20
HCM03,Lý Nhơn,7.0,28.7,-0.036,34.61,17.54,6.09,20:00:00,2024-01-20
HCM03,Lý Nhơn,7.0,28.73,-0.019,32.48,24.1,6.78,20:30:00,2024-01-20
HCM03,Lý Nhơn,7.0,28.78,-0.094,21.67,15.86,6.59,21:00:00,2024-01-20
HCM03,Lý Nhơn,7.0,27.3,-0.032,32.22,17.46,6.44,21:30:00,2024-01-20
HCM03,Lý Nhơn,7.0,28.07,0.002,39.47,23.86,6.28,22:00:00,2024-01-20
HCM03,Lý Nhơn,7.0,29.13,-0.06,41.45,23.26,6.28,22:30:00,2024-01-20
HCM03,Lý Nhơn,7.0,30.16,-0.03,31.14,21.66,6.27,23:00:00,2024-01-20
HCM03,Lý Nhơn,7.0,28.18,-0.01,47.06,21.2,6.86,23:30:00,2024-01-20
HCM01,Nhà Bè,38.0,27.87,0.024,17.01,10.3,7.44,00:00:00,2024-01-20
HCM01,Nhà Bè,38.0,28.51,-0.011,23.28,13.82,6.26,00:30:00,2024-01-20
HCM01,Nhà Bè,38.0,29.12,0.018,15.67,12.32,6.46,01:00:00,2024-01-20
HCM01,Nhà Bè,38.0,27.9,-0.017,13.7,10.64,6.39,01:30:00,2024-01-20
HCM01,Nhà Bè,38.0,28.4,0.05,20.78,13.27,7.24,02:00:00,2024-01-20
HCM01,Nhà Bè,38.0,29.01,0.031,23.8,12.21,7.27,02:30:00,2024-01-20
HCM01,Nhà Bè,38.0,28.85,-0.013,20.26,11.38,6.52,03:00:00,2024-01-20
HCM01,Nhà Bè,38.0,29.08,0.002,18.26,12.78,6.72,03:30:00,2024-01-20
HCM01,Nhà Bè,38.0,26.89,-0.002,21.18,14.82,6.77,04:00:00,2024-01-20
HCM01,Nhà Bè,38.0,29.41,0.096,17.07,13.31,7.54,04:30:00,2024-01-20
HCM01,Nhà Bè,38.0,29.36,0.046,16.49,9.79,6.87,05:00:00,2024-01-20
HCM01,Nhà Bè,38.0,28.39,0.045,20.11,12.46,6.92,05:30:00,2024-01-20
HCM01,Nhà Bè,38.0,27.22,0.014,27.38,14.67,6.56,06:00:00,2024-01-20
HCM01,Nhà Bè,38.0,27.88,-0.002,24.65,14.42,6.68,06:30:00,2024-01-20
HCM01,Nhà Bè,38.0,28.49,0.081,23.81,14.81,6.86,07:00:00,2024-01-20
HCM01,Nhà Bè,38.0,30.05,0.001,20.93,17.09,6.13,07:30:00,2024-01-20
HCM01,Nhà Bè,38.0,28.21,0.052,17.52,12.78,6.46,08:00:00,2024-01-20
HCM01,Nhà Bè,38.0,28.14,0.091,18.51,14.7,6.71,08:30:00,2024-01-20
HCM01,Nhà Bè,38.0,28.04,0.047,20.02,14.42,6.55,09:00:00,2024-01-20
HCM01,Nhà Bè,38.0,28.85,0.043,27.87,13.31,6.72,09:30:00,2024-01-20
HCM01,Nhà Bè,38.0,28.71,0.023,27.53,13.17,7.75,10:00:00,2024-01-20
HCM01,Nhà Bè,38.0,27.86,0.031,16.06,9.33,7.35,10:30:00,2024-01-20
HCM01,Nhà Bè,38.0,29.21,0.075,20.48,13.67,7.02,11:00:00,2024-01-20
HCM01,Nhà Bè,38.0,28.24,-0.006,17.91,11.94,7.22,11:30:00,2024-01-20
HCM01,Nhà Bè,38.0,27.91,-0.017,15.69,9.77,6.81,12:00:00,2024-01-20
HCM01,Nhà Bè,38.0,27.49,0.007,17.98,13.14,6.1,12:30:00,2024-01-20
HCM01,Nhà Bè,38.0,27.04,0.021,17.4,11.95,7.26,13:00:00,2024-01-20
HCM01,Nhà Bè,38.0,28.44,-0.072,14.77,10.2,6.62,13:30:00,2024-01-20
HCM01,Nhà Bè,38.0,27.92,-0.0,23.23,13.28,6.01,14:00:00,2024-01-20
HCM01,Nhà Bè,38.0,28.83,-0.017,17.91,10.5,7.64,14:30:00,2024-01-20
HCM01,Nhà Bè,38.0,28.23,-0.065,16.56,11.06,7.14,15:00:00,2024-01-20
HCM01,Nhà Bè,38.0,28.29,-0.034,14.98,11.44,7.4,15:30:00,2024-01-20
HCM01,Nhà Bè,38.0,28.3,-0.068,21.65,9.28,6.46,16:00:00,2024-01-20
HCM01,Nhà Bè,38.0,29.44,-0.052,18.62,10.77,6.25,16:30:00,2024-01-20
HCM01,Nhà Bè,38.0,29.14,-0.015,15.93,8.84,7.71,17:00:00,2024-01-20
HCM01,Nhà Bè,38.0,28.24,-0.036,12.79,8.9,6.56,17:30:00,2024-01-20
HCM01,Nhà Bè,38.0,28.42,-0.019,22.15,9.63,6.83,18:00:00,2024-01-20
HCM01,Nhà Bè,38.0,28.59,-0.021,19.82,11.98,6.16,18:30:00,2024-01-20
HCM01,Nhà Bè,38.0,29.65,-0.101,23.67,11.46,7.69,19:00:00,2024-01-20
HCM01,Nhà Bè,38.0,28.39,-0.076,18.33,9.58,7.79,19:30:00,2024-01-20
HCM01,Nhà Bè,38.0,28.24,0.004,11.55,8.35,7.94,20:00:00,2024-01-20
HCM01,Nhà Bè,38.0,29.74,-0.037,14.34,9.53,6.86,20:30:00,2024-01-20
HCM01,Nhà Bè,38.0,28.36,-0.04,23.76,11.12,6.89,21:00:00,2024-01-20
HCM01,Nhà Bè,38.0,27.75,-0.053,19.58,12.07,6.36,21:30:00,2024-01-20
HCM01,Nhà Bè,38.0,28.63,-0.076,17.39,10.73,7.32,22:00:00,2024-01-20
HCM01,Nhà Bè,38.0,28.63,-0.03,14.37,10.54,6.95,22:30:00,2024-01-20
HCM01,Nhà Bè,38.0,29.25,-0.032,24.63,13.1,7.34,23:00:00,2024-01-20
HCM01,Nhà Bè,38.0,29.17,0.036,19.81,12.78,6.8,23:30:00,2024-01-20
HCM02,Cát Lái,58.0,29.11,0.002,7.97,5.03,7.18,00:00:00,2024-02-11
HCM02,Cát Lái,58.0,30.41,-0.001,6.15,4.14,7.73,00:30:00,2024-02-11
HCM02,Cát Lái,58.0,29.2,0.033,10.57,5.71,7.88,01:00:00,2024-02-11
HCM02,Cát Lái,58.0,29.41,0.039,10.74,5.54,7.85,01:30:00,2024-02-11
HCM02,Cát Lái,58.0,29.38,0.034,7.82,6.18,7.16,02:00:00,2024-02-11
HCM02,Cát Lái,58.0,28.16,0.004,6.27,5.01,6.21,02:30:00,2024-02-11
HCM02,Cát Lái,58.0,30.03,0.031,8.13,5.9,7.17,03:00:00,2024-02-11
HCM02,Cát Lái,58.0,29.87,0.074,8.65,6.57,6.65,03:30:00,2024-02-11
HCM02,Cát Lái,58.0,28.84,0.036,7.61,5.59,7.07,04:00:00,2024-02-11
HCM02,Cát Lái,58.0,29.88,0.026,6.79,5.19,7.33,04:30:00,2024-02-11
HCM02,Cát Lái,58.0,29.03,0.055,8.81,5.09,7.32,05:00:00,2024-02-11
HCM02,Cát Lái,58.0,29.39,0.061,9.37,6.69,7.37,05:30:00,2024-02-11
HCM02,Cát Lái,58.0,29.83,0.047,9.21,5.23,7.65,06:00:00,2024-02-11
HCM02,Cát Lái,58.0,28.52,0.069,9.99,6.48,7.9,06:30:00,2024-02-11
HCM02,Cát Lái,58.0,28.11,0.055,7.25,4.47,8.18,07:00:00,2024-02-11
HCM02,Cát Lái,58.0,29.1,-0.012,10.42,5.71,7.11,07:30:00,2024-02-11
HCM02,Cát Lái,58.0,27.98,0.072,8.09,5.69,6.63,08:00:00,2024-02-11
HCM02,Cát Lái,58.0,28.44,0.019,8.8,6.15,5.94,08:30:00,2024-02-11
HCM02,Cát Lái,58.0,28.95,-0.019,12.84,6.88,7.1,09:00:00,2024-02-11
HCM02,Cát Lái,58.0,27.99,0.052,8.9,5.89,6.98,09:30:00,2024-02-11
HCM02,Cát Lái,58.0,27.64,0.037,7.47,6.25,6.94,10:00:00,2024-02-11
HCM02,Cát Lái,58.0,29.76,0.027,8.2,5.44,6.41,10:30:00,2024-02-11
HCM02,Cát Lái,58.0,28.08,-0.011,8.62,5.05,7.32,11:00:00,2024-02-11
HCM02,Cát Lái,58.0,28.94,0.044,9.7,5.93,7.33,11:30:00,2024-02-11
HCM02,Cát Lái,58.0,28.03,0.008,9.4,5.08,7.62,12:00:00,2024-02-11
HCM02,Cát Lái,58.0,29.19,-0.015,9.66,5.03,7.72,12:30:00,2024-02-11
HCM02,Cát Lái,58.0,30.92,-0.033,7.87,4.71,7.6,13:00:00,2024-02-11
HCM02,Cát Lái,58.0,29.29,-0.057,7.46,4.9,6.98,13:30:00,2024-02-11
HCM02,Cát Lái,58.0,28.74,-0.036,7.68,4.97,8.04,14:00:00,2024-02-11
HCM02,Cát Lái,58.0,28.69,-0.047,7.61,5.2,7.05,14:30:00,2024-02-11
HCM02,Cát Lái,58.0,28.29,-0.038,5.71,4.63,6.44,15:00:00,2024-02-11
HCM02,Cát Lái,58.0,28.85,-0.043,7.75,4.62,8.05,15:30:00,2024-02-11
HCM02,Cát Lái,58.0,28.23,-0.02,7.32,3.95,7.44,16:00:00,2024-02-11
HCM02,Cát Lái,58.0,29.56,-0.045,8.4,5.31,6.93,16:30:00,2024-02-11
HCM02,Cát Lái,58.0,28.41,0.034,8.28,5.14,8.37,17:00:00,2024-02-11
HCM02,Cát Lái,58.0,28.57,-0.049,6.68,4.19,6.82,17:30:00,2024-02-11
HCM02,Cát Lái,58.0,28.73,-0.071,7.11,4.89,7.45,18:00:00,2024-02-11
HCM02,Cát Lái,58.0,29.55,-0.068,6.11,3.9,7.68,18:30:00,2024-02-11
HCM02,Cát Lái,58.0,28.13,-0.015,6.56,4.3,8.06,19:00:00,2024-02-11
HCM02,Cát Lái,58.0,30.07,0.004,7.61,5.21,7.56,19:30:00,2024-02-11
HCM02,Cát Lái,58.0,29.06,0.008,5.73,3.79,7.46,20:00:00,2024-02-11
HCM02,Cát Lái,58.0,28.36,-0.034,6.47,4.08,7.32,20:30:00,2024-02-11
HCM02,Cát Lái,58.0,27.25,-0.057,6.49,4.19,6.68,21:00:00,2024-02-11
HCM02,Cát Lái,58.0,29.15,0.004,6.4,5.16,6.67,21:30:00,2024-02-11
HCM02,Cát Lái,58.0,29.75,-0.064,8.92,4.53,7.54,22:00:00,2024-02-11
HCM02,Cát Lái,58.0,29.49,-0.017,8.75,5.6,8.25,22:30:00,2024-02-11
HCM02,Cát Lái,58.0,28.04,0.005,9.43,5.49,6.78,23:00:00,2024-02-11
HCM02,Cát Lái,58.0,27.73,0.026,8.99,5.5,6.66,23:30:00,2024-02-11
HCM04,Long Đại,80.0,27.05,0.006,2.33,1.63,7.68,00:00:00,2024-02-11
HCM04,Long Đại,80.0,27.99,0.031,1.8,1.15,7.44,00:30:00,2024-02-11
HCM04,Long Đại,80.0,29.18,0.025,2.56,1.56,7.17,01:00:00,2024-02-11
HCM04,Long Đại,80.0,29.55,0.001,2.75,1.6,7.41,01:30:00,2024-02-11
HCM04,Long Đại,80.0,28.34,-0.008,1.83,1.7,7.99,02:00:00,2024-02-11
HCM04,Long Đại,80.0,27.53,0.019,2.22,1.48,6.86,02:30:00,2024-02-11
HCM04,Long Đại,80.0,28.44,0.063,1.93,1.12,7.07,03:00:00,2024-02-11
HCM04,Long Đại,80.0,30.18,0.012,2.43,1.69,7.44,03:30:00,2024-02-11
HCM04,Long Đại,80.0,28.45,0.024,1.86,1.65,8.52,04:00:00,2024-02-11
HCM04,Long Đại,80.0,29.21,0.058,2.28,1.67,7.76,04:30:00,2024-02-11
HCM04,Long Đại,80.0,29.83,0.067,2.93,1.72,6.57,05:00:00,2024-02-11
HCM04,Long Đại,80.0,28.32,0.011,1.46,1.1,8.01,05:30:00,2024-02-11
HCM04,Long Đại,80.0,30.14,0.071,2.37,1.3,8.0,06:00:00,2024-02-11
HCM04,Long Đại,80.0,28.12,0.038,1.96,1.42,7.47,06:30:00,2024-02-11
HCM04,Long Đại,80.0,31.4,0.053,2.6,1.48,7.41,07:00:00,2024-02-11
HCM04,Long Đại,80.0,27.31,0.009,3.38,2.33,7.29,07:30:00,2024-02-11
HCM04,Long Đại,80.0,29.64,0.011,2.06,1.71,6.95,08:00:00,2024-02-11
HCM04,Long Đại,80.0,27.66,0.073,2.09,1.22,6.43,08:30:00,2024-02-11
HCM04,Long Đại,80.0,28.93,0.084,2.46,1.37,7.1,09:00:00,2024-02-11
HCM04,Long Đại,80.0,27.66,-0.011,2.38,1.35,7.23,09:30:00,2024-02-11
HCM04,Long Đại,80.0,30.14,0.04,2.15,1.29,6.92,10:00:00,2024-02-11
HCM04,Long Đại,80.0,28.24,0.037,2.37,1.4,6.99,10:30:00,2024-02-11
HCM04,Long Đại,80.0,29.27,0.052,1.88,1.44,6.76,11:00:00,2024-02-11
HCM04,Long Đại,80.0,28.73,-0.019,1.0,0.73,6.77,11:30:00,2024-02-11
HCM04,Long Đại,80.0,28.22,-0.011,1.99,1.18,7.5,12:00:00,2024-02-11
HCM04,Long Đại,80.0,30.1,0.011,1.8,1.41,8.42,12:30:00,2024-02-11
HCM04,Long Đại,80.0,28.62,-0.019,2.54,1.53,6.63,13:00:00,2024-02-11
HCM04,Long Đại,80.0,28.85,-0.029,2.13,1.3,7.42,13:30:00,2024-02-11
HCM04,Long Đại,80.0,30.16,-0.064,1.12,0.94,7.26,14:00:00,2024-02-11
HCM04,Long Đại,80.0,28.04,-0.083,1.87,1.1,7.55,14:30:00,2024-02-11
HCM04,Long Đại,80.0,30.38,-0.014,1.56,0.78,6.89,15:00:00,2024-02-11
HCM04,Long Đại,80.0,27.98,-0.037,2.33,1.43,7.69,15:30:00,2024-02-11
HCM04,Long Đại,80.0,29.91,-0.025,2.12,1.53,5.51,16:00:00,2024-02-11
HCM04,Long Đại,80.0,30.27,0.003,2.25,1.27,6.79,16:30:00,2024-02-11
HCM04,Long Đại,80.0,29.33,-0.036,1.18,0.87,7.21,17:00:00,2024-02-11
HCM04,Long Đại,80.0,27.77,-0.101,2.35,1.25,7.74,17:30:00,2024-02-11
HCM04,Long Đại,80.0,29.92,-0.055,2.47,1.04,6.8,18:00:00,2024-02-11
HCM04,Long Đại,80.0,28.34,-0.096,2.21,1.31,7.37,18:30:00,2024-02-11
HCM04,Long Đại,80.0,28.46,-0.066,1.89,1.33,7.4,19:00:00,2024-02-11
HCM04,Long Đại,80.0,29.49,-0.058,1.91,1.06,6.88,19:30:00,2024-02-11
HCM04,Long Đại,80.0,29.63,-0.019,1.36,1.05,7.06,20:00:00,2024-02-11
HCM04,Long Đại,80.0,28.69,-0.043,1.89,1.05,7.68,20:30:00,2024-02-11
HCM04,Long Đại,80.0,28.6,-0.02,2.0,1.11,7.59,21:00:00,2024-02-11
HCM04,Long Đại,80.0,28.72,-0.006,1.41,1.1,7.55,21:30:00,2024-02-11
HCM04,Long Đại,80.0,29.0,-0.009,1.38,0.82,7.33,22:00:00,2024-02-11
HCM04,Long Đại,80.0,30.16,0.059,1.62,1.19,7.71,22:30:00,2024-02-11
HCM04,Long Đại,80.0,28.68,-0.025,2.99,1.72,8.35,23:00:00,2024-02-11
HCM04,Long Đại,80.0,28.98,-0.006,1.71,1.2,8.23,23:30:00,2024-02-11
HCM03,Lý Nhơn,7.0,29.05,0.035,26.87,16.86,6.57,00:00:00,2024-02-11
HCM03,Lý Nhơn,7.0,28.34,0.038,23.11,14.58,6.85,00:30:00,2024-02-11
HCM03,Lý Nhơn,7.0,28.33,0.024,34.57,19.07,6.38,01:00:00,2024-02-11
HCM03,Lý Nhơn,7.0,29.78,-0.059,27.21,16.58,6.94,01:30:00,2024-02-11
HCM03,Lý Nhơn,7.0,28.79,0.053,26.56,18.04,6.22,02:00:00,2024-02-11
HCM03,Lý Nhơn,7.0,29.46,0.062,28.54,18.68,6.27,02:30:00,2024-02-11
HCM03,Lý Nhơn,7.0,29.64,0.055,28.13,16.11,7.09,03:00:00,2024-02-11
HCM03,Lý Nhơn,7.0,29.91,0.013,25.88,17.74,7.16,03:30:00,2024-02-11
HCM03,Lý Nhơn,7.0,28.63,0.066,23.7,17.13,6.46,04:00:00,2024-02-11
HCM03,Lý Nhơn,7.0,30.41,0.028,40.35,22.18,7.82,04:30:00,2024-02-11
HCM03,Lý Nhơn,7.0,29.01,0.086,26.31,15.3,6.88,05:00:00,2024-02-11
HCM03,Lý Nhơn,7.0,29.1,0.039,34.26,20.97,6.56,05:30:00,2024-02-11
HCM03,Lý Nhơn,7.0,28.89,0.042,30.68,19.67,6.58,06:00:00,2024-02-11
HCM03,Lý Nhơn,7.0,28.56,0.031,21.09,16.51,6.6,06:30:00,2024-02-11
HCM03,Lý Nhơn,7.0,30.16,0.096,37.26,20.02,6.38,07:00:00,2024-02-11
HCM03,Lý Nhơn,7.0,29.41,0.056,37.56,21.7,6.31,07:30:00,2024-02-11
HCM03,Lý Nhơn,7.0,30.0,0.029,30.01,19.45,6.86,08:00:00,2024-02-11
HCM03,Lý Nhơn,7.0,29.69,0.055,49.59,22.45,7.43,08:30:00,2024-02-11
HCM03,Lý Nhơn,7.0,28.59,0.015,27.71,19.9,6.84,09:00:00,2024-02-11
HCM03,Lý Nhơn,7.0,29.05,0.047,29.98,18.48,6.61,09:30:00,2024-02-11
HCM03,Lý Nhơn,7.0,29.35,0.042,22.48,17.11,6.74,10:00:00,2024-02-11
HCM03,Lý Nhơn,7.0,30.74,0.032,23.77,15.28,7.14,10:30:00,2024-02-11
HCM03,Lý Nhơn,7.0,28.92,0.091,21.63,14.14,7.39,11:00:00,2024-02-11
HCM03,Lý Nhơn,7.0,28.95,-0.024,21.5,15.54,7.36,11:30:00,2024-02-11
HCM03,Lý Nhơn,7.0,28.75,-0.033,26.36,17.05,7.19,12:00:00,2024-02-11
HCM03,Lý Nhơn,7.0,29.34,0.018,27.87,18.22,7.79,12:30:00,2024-02-11
HCM03,Lý Nhơn,7.0,29.29,-0.005,20.27,14.15,7.64,13:00:00,2024-02-11
HCM03,Lý Nhơn,7.0,28.63,0.018,22.54,17.15,6.86,13:30:00,2024-02-11
HCM03,Lý Nhơn,7.0,28.57,-0.036,33.12,15.23,6.45,14:00:00,2024-02-11
HCM03,Lý Nhơn,7.0,27.84,-0.006,37.8,17.84,6.71,14:30:00,2024-02-11
HCM03,Lý Nhơn,7.0,27.7,-0.029,27.69,15.44,7.41,15:00:00,2024-02-11
HCM03,Lý Nhơn,7.0,29.29,-0.07,19.0,12.83,6.62,15:30:00,2024-02-11
HCM03,Lý Nhơn,7.0,28.56,-0.038,27.51,13.33,7.52,16:00:00,2024-02-11
HCM03,Lý Nhơn,7.0,29.12,-0.031,17.97,12.3,6.6,16:30:00,2024-02-11
HCM03,Lý Nhơn,7.0,28.38,0.011,18.22,14.1,7.3,17:00:00,2024-02-11
HCM03,Lý Nhơn,7.0,28.97,-0.023,26.6,14.41,6.81,17:30:00,2024-02-11
HCM03,Lý Nhơn,7.0,28.89,-0.055,30.08,14.4,7.0,18:00:00,2024-02-11
HCM03,Lý Nhơn,7.0,28.78,-0.027,25.07,13.74,7.18,18:30:00,2024-02-11
HCM03,Lý Nhơn,7.0,28.6,-0.049,25.03,14.28,6.46,19:00:00,2024-02-11
HCM03,Lý Nhơn,7.0,29.04,-0.067,24.56,14.97,7.21,19:30:00,2024-02-11
HCM03,Lý Nhơn,7.0,30.12,-0.023,24.45,14.47,6.92,20:00:00,2024-02-11
HCM03,Lý Nhơn,7.0,28.48,-0.025,22.51,14.75,6.63,20:30:00,2024-02-11
HCM03,Lý Nhơn,7.0,29.89,-0.051,16.11,12.17,6.78,21:00:00,2024-02-11
HCM03,Lý Nhơn,7.0,30.66,-0.022,21.75,17.29,6.8,21:30:00,2024-02-11
HCM03,Lý Nhơn,7.0,28.45,-0.031,22.63,13.97,7.42,22:00:00,2024-02-11
HCM03,Lý Nhơn,7.0,29.93,0.028,31.49,18.53,6.63,22:30:00,2024-02-11
HCM03,Lý Nhơn,7.0,28.74,0.012,22.12,14.31,7.8,23:00:00,2024-02-11
HCM03,Lý Nhơn,7.0,27.84,0.007,29.71,15.32,6.2,23:30:00,2024-02-11
HCM01,Nhà Bè,38.0,28.77,0.0,13.62,10.37,6.81,00:00:00,2024-02-11
HCM01,Nhà Bè,38.0,28.45,-0.003,11.61,8.21,7.98,00:30:00,2024-02-11
HCM01,Nhà Bè,38.0,29.09,0.0,6.83,8.06,7.45,01:00:00,2024-02-11
HCM01,Nhà Bè,38.0,29.03,-0.025,18.44,10.22,8.04,01:30:00,2024-02-11
HCM01,Nhà Bè,38.0,29.88,0.057,13.06,8.28,7.25,02:00:00,2024-02-11
HCM01,Nhà Bè,38.0,29.25,-0.016,13.09,9.23,6.96,02:30:00,2024-02-11
HCM01,Nhà Bè,38.0,28.85,0.056,18.11,10.37,7.09,03:00:00,2024-02-11
HCM01,Nhà Bè,38.0,28.65,0.039,13.55,9.07,6.75,03:30:00,2024-02-11
HCM01,Nhà Bè,38.0,29.14,-0.005,16.97,9.85,6.99,04:00:00,2024-02-11
HCM01,Nhà Bè,38.0,30.69,0.003,15.98,8.73,6.19,04:30:00,2024-02-11
HCM01,Nhà Bè,38.0,30.22,0.024,17.29,11.51,8.07,05:00:00,2024-02-11
HCM01,Nhà Bè,38.0,30.73,0.052,15.56,11.0,6.63,05:30:00,2024-02-11
HCM01,Nhà Bè,38.0,28.85,0.044,18.33,12.19,7.31,06:00:00,2024-02-11
HCM01,Nhà Bè,38.0,28.62,0.051,18.96,10.13,6.95,06:30:00,2024-02-11
HCM01,Nhà Bè,38.0,29.48,0.039,12.29,9.42,6.45,07:00:00,2024-02-11
HCM01,Nhà Bè,38.0,28.87,0.059,21.65,10.75,7.17,07:30:00,2024-02-11
HCM01,Nhà Bè,38.0,30.09,0.04,15.54,10.86,7.9,08:00:00,2024-02-11
HCM01,Nhà Bè,38.0,29.18,0.054,17.31,10.92,7.49,08:30:00,2024-02-11
HCM01,Nhà Bè,38.0,29.26,0.049,13.13,8.04,7.19,09:00:00,2024-02-11
HCM01,Nhà Bè,38.0,28.84,-0.021,17.7,10.95,6.85,09:30:00,2024-02-11
HCM01,Nhà Bè,38.0,28.93,0.077,14.8,10.05,7.73,10:00:00,2024-02-11
HCM01,Nhà Bè,38.0,29.64,0.016,17.84,9.11,6.53,10:30:00,2024-02-11
HCM01,Nhà Bè,38.0,28.81,-0.012,13.45,8.92,7.21,11:00:00,2024-02-11
HCM01,Nhà Bè,38.0,29.34,0.025,11.28,8.62,7.54,11:30:00,2024-02-11
HCM01,Nhà Bè,38.0,28.78,-0.014,12.55,8.74,7.13,12:00:00,2024-02-11
HCM01,Nhà Bè,38.0,27.3,0.006,18.83,8.82,6.54,12:30:00,2024-02-11
HCM01,Nhà Bè,38.0,28.69,0.045,13.72,8.55,6.42,13:00:00,2024-02-11
HCM01,Nhà Bè,38.0,29.55,-0.041,11.89,8.67,7.24,13:30:00,2024-02-11
HCM01,Nhà Bè,38.0,28.11,-0.003,12.3,8.46,7.07,14:00:00,2024-02-11
HCM01,Nhà Bè,38.0,29.07,0.008,14.77,8.06,7.05,14:30:00,2024-02-11
HCM01,Nhà Bè,38.0,27.87,-0.09,12.8,9.76,7.31,15:00:00,2024-02-11
HCM01,Nhà Bè,38.0,29.77,-0.013,11.71,7.67,6.84,15:30:00,2024-02-11
HCM01,Nhà Bè,38.0,28.89,-0.037,9.88,6.5,7.13,16:00:00,2024-02-11
HCM01,Nhà Bè,38.0,29.07,-0.005,14.75,9.03,7.08,16:30:00,2024-02-11
HCM01,Nhà Bè,38.0,27.67,-0.063,15.66,7.49,6.59,17:00:00,2024-02-11
HCM01,Nhà Bè,38.0,28.81,-0.039,10.94,9.27,7.07,17:30:00,2024-02-11
HCM01,Nhà Bè,38.0,29.74,-0.102,15.36,7.68,7.51,18:00:00,2024-02-11
HCM01,Nhà Bè,38.0,28.43,-0.059,14.68,7.67,6.88,18:30:00,2024-02-11
HCM01,Nhà Bè,38.0,30.27,-0.087,11.83,7.54,7.1,19:00:00,2024-02-11
HCM01,Nhà Bè,38.0,29.76,-0.115,15.54,8.71,7.5,19:30:00,2024-02-11
HCM01,Nhà Bè,38.0,29.2,-0.024,8.97,6.78,7.02,20:00:00,2024-02-11
HCM01,Nhà Bè,38.0,28.3,-0.038,11.57,8.29,7.04,20:30:00,2024-02-11
HCM01,Nhà Bè,38.0,29.15,0.014,13.33,10.5,6.99,21:00:00,2024-02-11
HCM01,Nhà Bè,38.0,28.87,-0.032,9.62,8.03,7.63,21:30:00,2024-02-11
HCM01,Nhà Bè,38.0,28.2,-0.006,15.22,10.01,7.62,22:00:00,2024-02-11
HCM01,Nhà Bè,38.0,30.31,0.024,15.19,8.03,7.03,22:30:00,2024-02-11
HCM01,Nhà Bè,38.0,28.99,-0.031,14.35,8.89,6.83,23:00:00,2024-02-11
HCM01,Nhà Bè,38.0,29.88,0.042,13.93,8.77,6.97,23:30:00,2024-02-11
HCM02,Cát Lái,58.0,29.25,-0.038,6.94,4.8,6.9,00:00:00,2024-02-12
HCM02,Cát Lái,58.0,29.59,-0.044,10.74,5.06,6.8,00:30:00,2024-02-12
HCM02,Cát Lái,58.0,28.8,-0.015,8.71,4.49,8.02,01:00:00,2024-02-12
HCM02,Cát Lái,58.0,29.11,0.051,9.24,6.0,7.68,01:30:00,2024-02-12
HCM02,Cát Lái,58.0,29.98,0.021,9.39,5.93,7.44,02:00:00,2024-02-12
HCM02,Cát Lái,58.0,27.99,0.01,10.6,6.47,7.54,02:30:00,2024-02-12
HCM02,Cát Lái,58.0,30.38,0.042,7.07,4.2,7.15,03:00:00,2024-02-12
HCM02,Cát Lái,58.0,30.21,-0.01,8.64,5.79,7.72,03:30:00,2024-02-12
HCM02,Cát Lái,58.0,28.97,0.063,11.31,6.31,7.18,04:00:00,2024-02-12
HCM02,Cát Lái,58.0,28.23,0.081,10.44,6.35,7.9,04:30:00,2024-02-12
HCM02,Cát Lái,58.0,28.77,0.064,9.83,5.83,6.89,05:00:00,2024-02-12
HCM02,Cát Lái,58.0,29.5,0.009,10.41,6.68,7.44,05:30:00,2024-02-12
HCM02,Cát Lái,58.0,30.62,0.036,11.56,7.38,7.12,06:00:00,2024-02-12
HCM02,Cát Lái,58.0,27.36,0.042,11.47,6.75,7.07,06:30:00,2024-02-12
HCM02,Cát Lái,58.0,29.75,0.061,10.13,6.41,8.0,07:00:00,2024-02-12
HCM02,Cát Lái,58.0,28.73,0.01,8.08,6.62,7.47,07:30:00,2024-02-12
HCM02,Cát Lái,58.0,29.72,0.073,8.87,6.19,7.34,08:00:00,2024-02-12
HCM02,Cát Lái,58.0,29.07,0.033,9.58,4.91,7.68,08:30:00,2024-02-12
HCM02,Cát Lái,58.0,29.19,0.064,9.8,5.82,7.02,09:00:00,2024-02-12
HCM02,Cát Lái,58.0,27.78,0.038,9.46,5.24,7.31,09:30:00,2024-02-12
HCM02,Cát Lái,58.0,29.81,0.005,10.47,5.95,7.17,10:00:00,2024-02-12
HCM02,Cát Lái,58.0,29.66,0.01,9.97,6.17,6.92,10:30:00,2024-02-12
HCM02,Cát Lái,58.0,29.67,0.018,6.19,5.83,6.59,11:00:00,2024-02-12
HCM02,Cát Lái,58.0,30.73,0.019,9.04,5.29,6.99,11:30:00,2024-02-12
HCM02,Cát Lái,58.0,29.52,0.019,8.17,5.55,6.7,12:00:00,2024-02-12
HCM02,Cát Lái,58.0,28.71,0.027,7.27,4.88,7.29,12:30:00,2024-02-12
HCM02,Cát Lái,58.0,29.15,-0.063,8.34,6.66,7.0,13:00:00,2024-02-12
HCM02,Cát Lái,58.0,28.67,-0.021,7.01,4.91,7.81,13:30:00,2024-02-12
HCM02,Cát Lái,58.0,29.9,-0.112,9.15,5.47,7.1,14:00:00,2024-02-12
HCM02,Cát Lái,58.0,29.68,-0.002,8.1,5.36,7.35,14:30:00,2024-02-12
HCM02,Cát Lái,58.0,28.56,0.005,6.34,4.48,7.38,15:00:00,2024-02-12
HCM02,Cát Lái,58.0,28.59,-0.0,6.01,5.43,7.17,15:30:00,2024-02-12
HCM02,Cát Lái,58.0,30.59,-0.059,7.31,4.95,7.52,16:00:00,2024-02-12
HCM02,Cát Lái,58.0,29.62,-0.039,6.54,4.58,6.79,16:30:00,2024-02-12
HCM02,Cát Lái,58.0,29.09,-0.08,9.86,5.53,8.03,17:00:00,2024-02-12
HCM02,Cát Lái,58.0,29.43,-0.095,9.47,5.02,6.97,17:30:00,2024-02-12
HCM02,Cát Lái,58.0,29.0,-0.011,7.56,4.43,6.87,18:00:00,2024-02-12
HCM02,Cát Lái,58.0,30.98,-0.07,8.6,4.56,7.34,18:30:00,2024-02-12
HCM02,Cát Lái,58.0,29.01,-0.01,5.63,4.57,8.61,19:00:00,2024-02-12
HCM02,Cát Lái,58.0,30.91,-0.042,8.55,5.23,6.79,19:30:00,2024-02-12
HCM02,Cát Lái,58.0,29.0,-0.038,7.51,5.2,7.37,20:00:00,2024-02-12
HCM02,Cát Lái,58.0,29.15,-0.067,5.3,4.85,7.94,20:30:00,2024-02-12
HCM02,Cát Lái,58.0,29.03,-0.092,9.7,5.63,7.8,21:00:00,2024-02-12
HCM02,Cát Lái,58.0,28.81,-0.044,8.96,5.58,7.45,21:30:00,2024-02-12
HCM02,Cát Lái,58.0,29.42,-0.034,7.81,4.75,8.06,22:00:00,2024-02-12
HCM02,Cát Lái,58.0,28.58,-0.013,8.18,4.72,7.14,22:30:00,2024-02-12
HCM02,Cát Lái,58.0,27.68,0.004,9.91,5.14,7.73,23:00:00,2024-02-12
HCM02,Cát Lái,58.0,28.31,-0.031,7.67,5.34,7.09,23:30:00,2024-02-12
HCM04,Long Đại,80.0,29.59,0.018,2.24,1.39,7.6,00:00:00,2024-02-12
HCM04,Long Đại,80.0,28.15,-0.019,2.24,1.31,8.15,00:30:00,2024-02-12
HCM04,Long Đại,80.0,29.0,0.004,1.55,1.45,7.24,01:00:00,2024-02-12
HCM04,Long Đại,80.0,28.84,0.028,3.13,1.81,7.4,01:30:00,2024-02-12
HCM04,Long Đại,80.0,30.03,0.004,1.82,1.23,8.21,02:00:00,2024-02-12
HCM04,Long Đại,80.0,28.37,0.035,2.31,1.59,7.93,02:30:00,2024-02-12
HCM04,Long Đại,80.0,28.75,0.075,2.94,1.8,7.5,03:00:00,2024-02-12
HCM04,Long Đại,80.0,30.3,0.042,2.45,1.81,7.04,03:30:00,2024-02-12
HCM04,Long Đại,80.0,29.14,0.036,2.31,1.7,6.82,04:00:00,2024-02-12
HCM04,Long Đại,80.0,28.93,0.042,1.56,1.0,6.84,04:30:00,2024-02-12
HCM04,Long Đại,80.0,29.48,0.022,1.36,1.19,7.1,05:00:00,2024-02-12
HCM04,Long Đại,80.0,30.18,0.056,2.0,1.56,7.59,05:30:00,2024-02-12
HCM04,Long Đại,80.0,28.02,0.045,3.18,2.06,8.3,06:00:00,2024-02-12
HCM04,Long Đại,80.0,30.36,0.061,2.36,1.73,7.73,06:30:00,2024-02-12
HCM04,Long Đại,80.0,28.96,0.033,3.21,1.86,7.67,07:00:00,2024-02-12
HCM04,Long Đại,80.0,29.13,0.02,2.92,2.07,7.39,07:30:00,2024-02-12
HCM04,Long Đại,80.0,28.54,0.051,2.7,1.52,7.94,08:00:00,2024-02-12
HCM04,Long Đại,80.0,28.31,0.061,3.2,2.05,7.67,08:30:00,2024-02-12
HCM04,Long Đại,80.0,29.23,0.04,1.11,0.73,7.06,09:00:00,2024-02-12
HCM04,Long Đại,80.0,28.3,0.066,3.08,1.65,7.56,09:30:00,2024-02-12
HCM04,Long Đại,80.0,30.82,0.085,2.57,1.54,7.8,10:00:00,2024-02-12
HCM04,Long Đại,80.0,31.04,-0.063,3.04,2.02,7.88,10:30:00,2024-02-12
HCM04,Long Đại,80.0,28.39,0.022,2.55,1.43,6.84,11:00:00,2024-02-12
HCM04,Long Đại,80.0,30.77,-0.047,2.03,1.24,8.0,11:30:00,2024-02-12
HCM04,Long Đại,80.0,29.6,-0.022,1.66,1.22,7.19,12:00:00,2024-02-12
HCM04,Long Đại,80.0,30.04,0.04,1.39,0.83,7.88,12:30:00,2024-02-12
HCM04,Long Đại,80.0,29.7,0.006,2.05,1.39,7.6,13:00:00,2024-02-12
HCM04,Long Đại,80.0,29.96,-0.009,1.09,0.87,7.72,13:30:00,2024-02-12
HCM04,Long Đại,80.0,28.61,-0.008,1.6,1.07,6.81,14:00:00,2024-02-12
HCM04,Long Đại,80.0,29.58,-0.049,0.76,0.58,7.43,14:30:00,2024-02-12
HCM04,Long Đại,80.0,30.41,-0.027,1.73,1.32,7.91,15:00:00,2024-02-12
HCM04,Long Đại,80.0,27.48,-0.064,2.77,1.48,7.47,15:30:00,2024-02-12
HCM04,Long Đại,80.0,28.71,-0.036,1.83,1.49,8.18,16:00:00,2024-02-12
HCM04,Long Đại,80.0,29.95,-0.037,2.33,1.25,6.99,16:30:00,2024-02-12
HCM04,Long Đại,80.0,30.34,-0.026,2.54,1.32,6.57,17:00:00,2024-02-12
HCM04,Long Đại,80.0,29.14,-0.09,1.52,1.11,7.87,17:30:00,2024-02-12
HCM04,Long Đại,80.0,30.07,-0.099,1.16,0.84,7.74,18:00:00,2024-02-12
HCM04,Long Đại,80.0,29.44,-0.046,1.46,0.93,7.24,18:30:00,2024-02-12
HCM04,Long Đại,80.0,28.15,-0.068,2.24,1.26,7.11,19:00:00,2024-02-12
HCM04,Long Đại,80.0,27.96,-0.023,1.8,1.06,8.65,19:30:00,2024-02-12
HCM04,Long Đại,80.0,29.92,-0.05,1.8,1.36,7.53,20:00:00,2024-02-12
HCM04,Long Đại,80.0,29.38,0.023,1.81,1.11,7.53,20:30:00,2024-02-12
HCM04,Long Đại,80.0,28.38,-0.028,3.09,1.67,6.48,21:00:00,2024-02-12
HCM04,Long Đại,80.0,28.4,-0.052,1.3,1.14,7.62,21:30:00,2024-02-12
HCM04,Long Đại,80.0,29.93,-0.023,1.77,1.28,7.8,22:00:00,2024-02-12
HCM04,Long Đại,80.0,29.06,0.003,1.59,1.26,7.95,22:30:00,2024-02-12
HCM04,Long Đại,80.0,30.08,-0.07,1.84,1.5,7.99,23:00:00,2024-02-12
HCM04,Long Đại,80.0,29.47,0.036,1.56,1.17,6.94,23:30:00,2024-02-12
HCM03,Lý Nhơn,7.0,29.09,0.011,38.29,19.09,6.96,00:00:00,2024-02-12
HCM03,Lý Nhơn,7.0,28.42,-0.038,27.05,18.92,6.64,00:30:00,2024-02-12
HCM03,Lý Nhơn,7.0,28.83,0.044,31.71,19.22,6.23,01:00:00,2024-02-12
HCM03,Lý Nhơn,7.0,29.11,0.021,24.3,17.21,6.83,01:30:00,2024-02-12
HCM03,Lý Nhơn,7.0,28.12,0.042,23.64,16.41,6.83,02:00:00,2024-02-12
HCM03,Lý Nhơn,7.0,28.94,0.011,25.16,18.5,7.18,02:30:00,2024-02-12
HCM03,Lý Nhơn,7.0,26.58,0.001,34.43,19.55,6.36,03:00:00,2024-02-12
HCM03,Lý Nhơn,7.0,29.71,0.077,31.82,19.36,5.59,03:30:00,2024-02-12
HCM03,Lý Nhơn,7.0,26.65,0.067,32.3,16.8,7.18,04:00:00,2024-02-12
HCM03,Lý Nhơn,7.0,28.17,0.071,35.4,20.72,6.37,04:30:00,2024-02-12
HCM03,Lý Nhơn,7.0,31.09,0.013,33.9,20.59,6.55,05:00:00,2024-02-12
HCM03,Lý Nhơn,7.0,29.79,0.031,30.24,23.05,6.26,05:30:00,2024-02-12
HCM03,Lý Nhơn,7.0,28.67,0.038,42.36,22.81,5.47,06:00:00,2024-02-12
HCM03,Lý Nhơn,7.0,27.59,0.045,41.18,23.44,6.46,06:30:00,2024-02-12
HCM03,Lý Nhơn,7.0,29.03,0.068,31.03,24.36,5.72,07:00:00,2024-02-12
HCM03,Lý Nhơn,7.0,29.04,0.096,41.8,21.84,6.29,07:30:00,2024-02-12
HCM03,Lý Nhơn,7.0,29.57,0.009,31.55,23.42,6.83,08:00:00,2024-02-12
HCM03,Lý Nhơn,7.0,29.48,0.107,28.71,21.91,6.49,08:30:00,2024-02-12
HCM03,Lý Nhơn,7.0,28.44,0.051,33.35,21.85,6.12,09:00:00,2024-02-12
HCM03,Lý Nhơn,7.0,28.08,0.027,23.73,21.32,6.15,09:30:00,2024-02-12
HCM03,Lý Nhơn,7.0,29.28,0.027,20.75,20.31,6.36,10:00:00,2024-02-12
HCM03,Lý Nhơn,7.0,30.04,0.04,34.05,20.88,6.89,10:30:00,2024-02-12
HCM03,Lý Nhơn,7.0,29.84,-0.032,30.41,18.62,6.92,11:00:00,2024-02-12
HCM03,Lý Nhơn,7.0,28.25,-0.019,29.41,18.56,7.22,11:30:00,2024-02-12
HCM03,Lý Nhơn,7.0,29.85,0.007,29.69,20.79,6.12,12:00:00,2024-02-12
HCM03,Lý Nhơn,7.0,28.08,0.034,34.11,20.64,6.45,12:30:00,2024-02-12
HCM03,Lý Nhơn,7.0,28.8,-0.022,29.33,17.62,6.91,13:00:00,2024-02-12
HCM03,Lý Nhơn,7.0,29.77,-0.047,28.66,20.28,6.89,13:30:00,2024-02-12
HCM03,Lý Nhơn,7.0,27.68,-0.066,22.74,15.91,7.6,14:00:00,2024-02-12
HCM03,Lý Nhơn,7.0,29.2,-0.033,31.17,17.09,7.03,14:30:00,2024-02-12
HCM03,Lý Nhơn,7.0,29.35,-0.065,28.85,16.24,6.62,15:00:00,2024-02-12
HCM03,Lý Nhơn,7.0,28.93,-0.031,21.92,14.12,6.72,15:30:00,2024-02-12
HCM03,Lý Nhơn,7.0,27.37,-0.032,25.9,14.09,6.27,16:00:00,2024-02-12
HCM03,Lý Nhơn,7.0,28.9,-0.03,19.15,14.71,7.69,16:30:00,2024-02-12
HCM03,Lý Nhơn,7.0,30.11,-0.043,33.18,15.49,6.94,17:00:00,2024-02-12
HCM03,Lý Nhơn,7.0,28.13,-0.092,25.45,17.74,5.72,17:30:00,2024-02-12
HCM03,Lý Nhơn,7.0,28.52,-0.043,26.44,14.32,7.31,18:00:00,2024-02-12
HCM03,Lý Nhơn,7.0,27.83,-0.033,16.71,11.32,6.88,18:30:00,2024-02-12
HCM03,Lý Nhơn,7.0,30.09,-0.087,28.38,16.92,7.96,19:00:00,2024-02-12
HCM03,Lý Nhơn,7.0,28.85,-0.025,26.22,14.73,6.68,19:30:00,2024-02-12
HCM03,Lý Nhơn,7.0,29.42,-0.048,27.21,16.18,6.3,20:00:00,2024-02-12
HCM03,Lý Nhơn,7.0,29.15,-0.087,26.47,14.71,6.57,20:30:00,2024-02-12
HCM03,Lý Nhơn,7.0,27.59,-0.057,23.29,14.12,7.14,21:00:00,2024-02-12
HCM03,Lý Nhơn,7.0,28.21,-0.042,22.92,13.81,6.84,21:30:00,2024-02-12
HCM03,Lý Nhơn,7.0,29.26,-0.004,17.89,14.87,7.38,22:00:00,2024-02-12
HCM03,Lý Nhơn,7.0,29.76,-0.005,25.69,19.08,6.78,22:30:00,2024-02-12
HCM03,Lý Nhơn,7.0,29.55,0.015,29.3,18.41,5.86,23:00:00,2024-02-12
HCM03,Lý Nhơn,7.0,29.94,0.008,29.72,20.09,6.8,23:30:00,2024-02-12
HCM01,Nhà Bè,38.0,29.63,-0.024,20.93,9.73,6.53,00:00:00,2024-02-12
HCM01,Nhà Bè,38.0,29.72,0.031,15.37,10.44,6.99,00:30:00,2024-02-12
HCM01,Nhà Bè,38.0,29.36,-0.03,13.21,9.6,6.56,01:00:00,2024-02-12
HCM01,Nhà Bè,38.0,28.16,0.015,16.94,10.86,6.52,01:30:00,2024-02-12
HCM01,Nhà Bè,38.0,28.07,0.033,16.49,9.53,6.63,02:00:00,2024-02-12
HCM01,Nhà Bè,38.0,29.31,0.004,20.88,12.8,7.06,02:30:00,2024-02-12
HCM01,Nhà Bè,38.0,28.18,0.079,17.86,12.23,7.56,03:00:00,2024-02-12
HCM01,Nhà Bè,38.0,28.74,0.04,13.84,9.64,6.64,03:30:00,2024-02-12
HCM01,Nhà Bè,38.0,28.97,0.029,18.24,12.07,7.28,04:00:00,2024-02-12
HCM01,Nhà Bè,38.0,29.44,0.074,12.05,10.03,7.18,04:30:00,2024-02-12
HCM01,Nhà Bè,38.0,28.22,0.035,17.41,10.06,7.8,05:00:00,2024-02-12
HCM01,Nhà Bè,38.0,28.73,0.089,25.25,13.87,7.57,05:30:00,2024-02-12
HCM01,Nhà Bè,38.0,28.25,0.024,20.65,10.3,7.58,06:00:00,2024-02-12
HCM01,Nhà Bè,38.0,28.89,0.013,26.49,11.01,7.04,06:30:00,2024-02-12
HCM01,Nhà Bè,38.0,30.65,0.054,16.34,11.56,7.55,07:00:00,2024-02-12
HCM01,Nhà Bè,38.0,29.71,0.086,20.66,11.03,6.75,07:30:00,2024-02-12
HCM01,Nhà Bè,38.0,29.17,0.041,17.3,10.78,7.5,08:00:00,2024-02-12
HCM01,Nhà Bè,38.0,28.44,0.053,14.37,10.65,7.52,08:30:00,2024-02-12
HCM01,Nhà Bè,38.0,29.32,0.016,19.01,9.87,7.36,09:00:00,2024-02-12
HCM01,Nhà Bè,38.0,28.52,0.003,17.77,11.57,6.65,09:30:00,2024-02-12
HCM01,Nhà Bè,38.0,28.22,0.009,8.3,7.76,6.67,10:00:00,2024-02-12
HCM01,Nhà Bè,38.0,29.76,0.024,17.35,10.27,7.03,10:30:00,2024-02-12
HCM01,Nhà Bè,38.0,28.59,-0.011,18.84,10.56,7.44,11:00:00,2024-02-12
HCM01,Nhà Bè,38.0,29.57,-0.003,16.33,9.93,7.37,11:30:00,2024-02-12
HCM01,Nhà Bè,38.0,29.82,0.02,16.03,9.53,6.96,12:00:00,2024-02-12
HCM01,Nhà Bè,38.0,29.36,0.01,14.78,9.22,7.39,12:30:00,2024-02-12
HCM01,Nhà Bè,38.0,29.8,0.042,15.94,9.11,7.27,13:00:00,2024-02-12
HCM01,Nhà Bè,38.0,29.51,-0.018,15.54,10.82,6.68,13:30:00,2024-02-12
HCM01,Nhà Bè,38.0,29.07,-0.032,11.46,7.73,7.33,14:00:00,2024-02-12
HCM01,Nhà Bè,38.0,29.3,0.011,18.52,10.34,6.9,14:30:00,2024-02-12
HCM01,Nhà Bè,38.0,28.3,-0.049,14.24,9.42,8.05,15:00:00,2024-02-12
HCM01,Nhà Bè,38.0,29.3,-0.038,14.7,9.38,7.73,15:30:00,2024-02-12
HCM01,Nhà Bè,38.0,28.92,-0.07,8.49,7.52,7.69,16:00:00,2024-02-12
HCM01,Nhà Bè,38.0,29.04,0.021,11.83,7.58,7.55,16:30:00,2024-02-12
HCM01,Nhà Bè,38.0,26.9,-0.086,15.51,8.36,7.07,17:00:00,2024-02-12
HCM01,Nhà Bè,38.0,29.74,-0.043,14.77,8.32,6.78,17:30:00,2024-02-12
HCM01,Nhà Bè,38.0,30.68,-0.101,14.52,8.01,7.27,18:00:00,2024-02-12
HCM01,Nhà Bè,38.0,29.3,-0.077,12.73,7.53,7.43,18:30:00,2024-02-12
HCM01,Nhà Bè,38.0,29.31,-0.048,11.2,7.11,6.81,19:00:00,2024-02-12
HCM01,Nhà Bè,38.0,29.93,-0.025,8.64,6.03,7.54,19:30:00,2024-02-12
HCM01,Nhà Bè,38.0,29.03,-0.072,14.07,7.41,7.78,20:00:00,2024-02-12
HCM01,Nhà Bè,38.0,28.67,-0.011,13.62,8.06,7.76,20:30:00,2024-02-12
HCM01,Nhà Bè,38.0,30.66,-0.028,16.07,8.89,7.22,21:00:00,2024-02-12
HCM01,Nhà Bè,38.0,28.61,-0.064,14.3,8.64,7.25,21:30:00,2024-02-12
HCM01,Nhà Bè,38.0,30.71,-0.027,12.49,8.84,6.99,22:00:00,2024-02-12
HCM01,Nhà Bè,38.0,29.53,0.032,17.02,9.92,6.58,22:30:00,2024-02-12
HCM01,Nhà Bè,38.0,28.71,-0.006,13.39,9.56,7.57,23:00:00,2024-02-12
HCM01,Nhà Bè,38.0,27.99,-0.031,12.11,8.74,7.71,23:30:00,2024-02-12
HCM02,Cát Lái,58.0,28.82,-0.015,13.27,6.32,7.39,00:00:00,2024-02-13
HCM02,Cát Lái,58.0,29.43,-0.007,10.02,6.12,6.9,00:30:00,2024-02-13
HCM02,Cát Lái,58.0,29.48,0.029,10.62,6.77,6.85,01:00:00,2024-02-13
HCM02,Cát Lái,58.0,28.94,0.028,11.21,7.33,7.72,01:30:00,2024-02-13
HCM02,Cát Lái,58.0,29.82,-0.033,10.04,7.7,7.35,02:00:00,2024-02-13
HCM02,Cát Lái,58.0,29.74,0.02,9.98,5.76,5.99,02:30:00,2024-02-13
HCM02,Cát Lái,58.0,27.7,0.04,10.17,6.16,7.4,03:00:00,2024-02-13
HCM02,Cát Lái,58.0,28.69,0.065,11.43,6.81,7.38,03:30:00,2024-02-13
HCM02,Cát Lái,58.0,27.49,0.077,13.56,7.32,7.64,04:00:00,2024-02-13
HCM02,Cát Lái,58.0,28.8,0.046,15.5,7.17,6.12,04:30:00,2024-02-13
HCM02,Cát Lái,58.0,29.07,0.072,11.73,6.66,6.73,05:00:00,2024-02-13
HCM02,Cát Lái,58.0,29.15,0.077,10.65,7.05,6.97,05:30:00,2024-02-13
HCM02,Cát Lái,58.0,30.5,0.012,8.84,6.99,8.05,06:00:00,2024-02-13
HCM02,Cát Lái,58.0,29.44,0.09,12.11,6.31,6.52,06:30:00,2024-02-13
HCM02,Cát Lái,58.0,29.65,0.096,9.34,6.88,7.42,07:00:00,2024-02-13
HCM02,Cát Lái,58.0,28.98,-0.02,13.81,7.95,7.24,07:30:00,2024-02-13
HCM02,Cát Lái,58.0,30.48,0.064,11.09,7.23,6.71,08:00:00,2024-02-13
HCM02,Cát Lái,58.0,28.93,0.046,9.68,6.93,7.23,08:30:00,2024-02-13
HCM02,Cát Lái,58.0,29.69,0.01,6.82,5.81,6.44,09:00:00,2024-02-13
HCM02,Cát Lái,58.0,28.71,0.039,13.77,7.23,6.88,09:30:00,2024-02-13
HCM02,Cát Lái,58.0,28.31,0.017,9.32,6.75,6.55,10:00:00,2024-02-13
HCM02,Cát Lái,58.0,28.9,0.011,10.4,6.02,7.32,10:30:00,2024-02-13
HCM02,Cát Lái,58.0,28.97,0.063,12.66,7.26,6.63,11:00:00,2024-02-13
HCM02,Cát Lái,58.0,29.17,0.008,10.2,5.7,7.49,11:30:00,2024-02-13
HCM02,Cát Lái,58.0,29.89,0.006,11.88,6.63,6.14,12:00:00,2024-02-13
HCM02,Cát Lái,58.0,28.01,-0.02,8.77,5.64,8.87,12:30:00,2024-02-13
HCM02,Cát Lái,58.0,29.05,0.015,10.03,5.46,7.48,13:00:00,2024-02-13
HCM02,Cát Lái,58.0,27.27,-0.063,7.5,5.51,7.56,13:30:00,2024-02-13
HCM02,Cát Lái,58.0,27.85,0.045,8.57,5.57,7.16,14:00:00,2024-02-13
HCM02,Cát Lái,58.0,28.88,-0.06,8.98,5.1,6.2,14:30:00,2024-02-13
HCM02,Cát Lái,58.0,28.63,-0.065,6.54,5.01,6.9,15:00:00,2024-02-13
HCM02,Cát Lái,58.0,28.95,-0.037,7.11,5.48,7.56,15:30:00,2024-02-13
HCM02,Cát Lái,58.0,29.06,-0.022,10.42,5.66,7.79,16:00:00,2024-02-13
HCM02,Cát Lái,58.0,28.92,-0.094,9.08,5.31,7.52,16:30:00,2024-02-13
HCM02,Cát Lái,58.0,29.15,-0.098,10.97,5.69,6.66,17:00:00,2024-02-13
HCM02,Cát Lái,58.0,29.23,-0.03,7.49,5.12,7.81,17:30:00,2024-02-13
HCM02,Cát Lái,58.0,28.33,-0.006,9.33,5.65,8.08,18:00:00,2024-02-13
HCM02,Cát Lái,58.0,28.36,-0.047,8.19,5.12,7.92,18:30:00,2024-02-13
HCM02,Cát Lái,58.0,28.81,-0.051,6.41,4.02,7.52,19:00:00,2024-02-13
HCM02,Cát Lái,58.0,29.02,-0.068,7.15,4.7,6.86,19:30:00,2024-02-13
HCM02,Cát Lái,58.0,28.78,-0.043,5.39,4.25,7.48,20:00:00,2024-02-13
HCM02,Cát Lái,58.0,28.49,-0.075,7.2,5.37,7.31,20:30:00,2024-02-13
HCM02,Cát Lái,58.0,28.47,0.014,10.68,5.53,6.96,21:00:00,2024-02-13
HCM02,Cát Lái,58.0,29.6,-0.094,6.98,5.49,7.53,21:30:00,2024-02-13
HCM02,Cát Lái,58.0,29.07,0.018,8.63,5.61,7.49,22:00:00,2024-02-13
HCM02,Cát Lái,58.0,28.79,-0.04,4.43,4.57,7.73,22:30:00,2024-02-13
HCM02,Cát Lái,58.0,29.39,0.012,10.51,5.9,6.62,23:00:00,2024-02-13
HCM02,Cát Lái,58.0,28.57,0.007,6.94,5.71,7.41,23:30:00,2024-02-13
HCM04,Long Đại,80.0,29.02,0.037,2.11,1.39,7.98,00:00:00,2024-02-13
HCM04,Long Đại,80.0,29.42,0.037,2.73,1.9,7.24,00:30:00,2024-02-13
HCM04,Long Đại,80.0,28.43,-0.012,2.09,1.38,7.1,01:00:00,2024-02-13
HCM04,Long Đại,80.0,29.23,0.061,1.79,1.0,6.94,01:30:00,2024-02-13
HCM04,Long Đại,80.0,27.82,-0.051,1.32,0.89,7.4,02:00:00,2024-02-13
HCM04,Long Đại,80.0,29.65,-0.004,2.74,1.44,6.95,02:30:00,2024-02-13
HCM04,Long Đại,80.0,29.93,0.033,2.11,1.18,7.67,03:00:00,2024-02-13
HCM04,Long Đại,80.0,28.8,0.028,3.22,1.66,7.8,03:30:00,2024-02-13
HCM04,Long Đại,80.0,30.19,0.012,2.59,1.61,7.48,04:00:00,2024-02-13
HCM04,Long Đại,80.0,29.5,0.066,2.43,1.76,7.84,04:30:00,2024-02-13
HCM04,Long Đại,80.0,27.56,0.029,3.38,1.79,7.5,05:00:00,2024-02-13
HCM04,Long Đại,80.0,27.85,0.079,2.65,1.71,7.7,05:30:00,2024-02-13
HCM04,Long Đại,80.0,28.45,0.05,3.04,1.49,7.21,06:00:00,2024-02-13
HCM04,Long Đại,80.0,28.94,0.052,2.33,1.59,8.19,06:30:00,2024-02-13
HCM04,Long Đại,80.0,28.02,0.088,2.91,1.89,7.04,07:00:00,2024-02-13
HCM04,Long Đại,80.0,28.19,0.065,2.08,1.35,7.39,07:30:00,2024-02-13
HCM04,Long Đại,80.0,30.65,0.042,2.7,1.5,7.95,08:00:00,2024-02-13
HCM04,Long Đại,80.0,29.76,0.014,3.02,1.66,7.82,08:30:00,2024-02-13
HCM04,Long Đại,80.0,28.61,0.062,3.39,1.9,7.06,09:00:00,2024-02-13
HCM04,Long Đại,80.0,27.96,0.025,1.91,1.16,6.89,09:30:00,2024-02-13
HCM04,Long Đại,80.0,29.79,0.034,3.06,1.88,8.0,10:00:00,2024-02-13
HCM04,Long Đại,80.0,26.68,0.024,2.68,1.43,8.64,10:30:00,2024-02-13
HCM04,Long Đại,80.0,29.63,0.011,2.45,1.81,7.7,11:00:00,2024-02-13
HCM04,Long Đại,80.0,30.47,0.043,2.12,1.32,7.6,11:30:00,2024-02-13
HCM04,Long Đại,80.0,28.69,0.044,2.39,1.46,7.04,12:00:00,2024-02-13
HCM04,Long Đại,80.0,29.59,-0.006,1.68,1.04,7.17,12:30:00,2024-02-13
HCM04,Long Đại,80.0,30.23,0.001,2.21,1.52,7.59,13:00:00,2024-02-13
HCM04,Long Đại,80.0,27.23,-0.009,2.2,1.37,7.77,13:30:00,2024-02-13
HCM04,Long Đại,80.0,29.0,-0.041,2.13,1.32,7.53,14:00:00,2024-02-13
HCM04,Long Đại,80.0,29.67,-0.015,3.07,1.77,7.84,14:30:00,2024-02-13
HCM04,Long Đại,80.0,29.42,-0.086,1.33,1.28,8.58,15:00:00,2024-02-13
HCM04,Long Đại,80.0,28.67,0.007,2.72,1.6,7.3,15:30:00,2024-02-13
HCM04,Long Đại,80.0,28.56,-0.109,2.25,1.36,6.41,16:00:00,2024-02-13
HCM04,Long Đại,80.0,29.57,-0.037,2.07,1.39,6.81,16:30:00,2024-02-13
HCM04,Long Đại,80.0,29.1,-0.072,2.12,1.25,7.08,17:00:00,2024-02-13
HCM04,Long Đại,80.0,29.65,0.018,1.87,1.11,7.28,17:30:00,2024-02-13
HCM04,Long Đại,80.0,29.44,-0.081,1.58,1.04,6.7,18:00:00,2024-02-13
HCM04,Long Đại,80.0,28.55,0.023,2.31,1.44,7.49,18:30:00,2024-02-13
HCM04,Long Đại,80.0,27.89,-0.089,2.29,1.46,7.68,19:00:00,2024-02-13
HCM04,Long Đại,80.0,28.98,-0.044,1.33,1.12,7.35,19:30:00,2024-02-13
HCM04,Long Đại,80.0,29.1,-0.065,2.12,1.42,7.18,20:00:00,2024-02-13
HCM04,Long Đại,80.0,29.26,-0.025,1.32,1.22,6.96,20:30:00,2024-02-13
HCM04,Long Đại,80.0,29.59,-0.053,1.7,1.12,6.91,21:00:00,2024-02-13
HCM04,Long Đại,80.0,29.97,-0.062,2.88,1.95,7.15,21:30:00,2024-02-13
HCM04,Long Đại,80.0,28.93,-0.03,2.48,1.73,8.17,22:00:00,2024-02-13
HCM04,Long Đại,80.0,29.23,-0.041,1.6,1.01,7.76,22:30:00,2024-02-13
HCM04,Long Đại,80.0,29.05,0.021,2.88,1.84,7.21,23:00:00,2024-02-13
HCM04,Long Đại,80.0,29.51,-0.012,2.08,1.39,8.62,23:30:00,2024-02-13
HCM03,Lý Nhơn,7.0,28.62,-0.027,25.71,18.11,6.69,00:00:00,2024-02-13
HCM03,Lý Nhơn,7.0,29.12,0.018,29.72,18.83,7.05,00:30:00,2024-02-13
HCM03,Lý Nhơn,7.0,28.16,0.026,37.18,22.03,6.66,01:00:00,2024-02-13
HCM03,Lý Nhơn,7.0,29.27,0.006,34.48,19.14,7.72,01:30:00,2024-02-13
HCM03,Lý Nhơn,7.0,30.07,-0.013,39.89,22.09,6.1,02:00:00,2024-02-13
HCM03,Lý Nhơn,7.0,29.38,0.009,29.34,16.14,7.42,02:30:00,2024-02-13
HCM03,Lý Nhơn,7.0,28.96,0.036,33.11,20.98,6.47,03:00:00,2024-02-13
HCM03,Lý Nhơn,7.0,28.93,0.01,26.54,21.39,6.38,03:30:00,2024-02-13
HCM03,Lý Nhơn,7.0,28.17,0.097,27.17,19.16,7.15,04:00:00,2024-02-13
HCM03,Lý Nhơn,7.0,29.11,0.023,29.84,18.71,6.51,04:30:00,2024-02-13
HCM03,Lý Nhơn,7.0,28.16,0.08,40.8,23.55,5.9,05:00:00,2024-02-13
HCM03,Lý Nhơn,7.0,29.33,0.074,33.8,19.5,5.88,05:30:00,2024-02-13
HCM03,Lý Nhơn,7.0,30.45,0.011,27.11,18.93,6.58,06:00:00,2024-02-13
HCM03,Lý Nhơn,7.0,28.59,0.006,31.04,18.6,7.11,06:30:00,2024-02-13
HCM03,Lý Nhơn,7.0,28.98,0.079,24.84,16.51,6.9,07:00:00,2024-02-13
HCM03,Lý Nhơn,7.0,29.3,0.075,32.84,19.78,6.67,07:30:00,2024-02-13
HCM03,Lý Nhơn,7.0,29.08,0.019,25.29,19.2,6.79,08:00:00,2024-02-13
HCM03,Lý Nhơn,7.0,28.54,0.065,32.61,19.72,6.59,08:30:00,2024-02-13
HCM03,Lý Nhơn,7.0,29.29,0.093,30.33,20.78,7.2,09:00:00,2024-02-13
HCM03,Lý Nhơn,7.0,28.84,0.083,30.1,17.19,7.41,09:30:00,2024-02-13
HCM03,Lý Nhơn,7.0,29.64,0.03,25.34,17.28,6.51,10:00:00,2024-02-13
HCM03,Lý Nhơn,7.0,28.62,0.056,26.39,17.02,7.18,10:30:00,2024-02-13
HCM03,Lý Nhơn,7.0,29.95,0.056,41.51,21.23,6.87,11:00:00,2024-02-13
HCM03,Lý Nhơn,7.0,29.64,0.04,25.69,16.22,5.98,11:30:00,2024-02-13
HCM03,Lý Nhơn,7.0,29.99,-0.012,23.59,13.52,7.21,12:00:00,2024-02-13
HCM03,Lý Nhơn,7.0,30.08,-0.02,19.7,17.9,6.56,12:30:00,2024-02-13
HCM03,Lý Nhơn,7.0,29.77,-0.044,22.93,14.87,7.59,13:00:00,2024-02-13
HCM03,Lý Nhơn,7.0,29.65,0.025,36.1,19.34,6.18,13:30:00,2024-02-13
HCM03,Lý Nhơn,7.0,30.37,-0.044,23.69,16.02,5.72,14:00:00,2024-02-13
HCM03,Lý Nhơn,7.0,30.3,-0.051,28.85,14.41,7.61,14:30:00,2024-02-13
HCM03,Lý Nhơn,7.0,28.25,-0.028,31.77,15.93,6.63,15:00:00,2024-02-13
HCM03,Lý Nhơn,7.0,27.43,-0.054,24.48,18.61,6.76,15:30:00,2024-02-13
HCM03,Lý Nhơn,7.0,28.25,-0.077,23.81,14.7,6.24,16:00:00,2024-02-13
HCM03,Lý Nhơn,7.0,28.28,-0.037,17.11,15.26,7.05,16:30:00,2024-02-13
HCM03,Lý Nhơn,7.0,29.14,-0.068,23.65,16.05,6.3,17:00:00,2024-02-13
HCM03,Lý Nhơn,7.0,29.88,-0.034,18.1,14.12,7.06,17:30:00,2024-02-13
HCM03,Lý Nhơn,7.0,29.32,-0.04,24.03,13.24,5.77,18:00:00,2024-02-13
HCM03,Lý Nhơn,7.0,28.33,-0.039,24.87,14.45,6.89,18:30:00,2024-02-13
HCM03,Lý Nhơn,7.0,29.74,-0.068,31.12,16.57,6.96,19:00:00,2024-02-13
HCM03,Lý Nhơn,7.0,29.73,-0.001,24.73,15.61,6.89,19:30:00,2024-02-13
HCM03,Lý Nhơn,7.0,27.69,-0.045,23.5,13.93,6.64,20:00:00,2024-02-13
HCM03,Lý Nhơn,7.0,28.8,0.02,27.32,15.46,7.06,20:30:00,2024-02-13
HCM03,Lý Nhơn,7.0,29.98,-0.1,24.63,15.8,6.73,21:00:00,2024-02-13
HCM03,Lý Nhơn,7.0,28.22,-0.069,25.19,14.9,6.51,21:30:00,2024-02-13
HCM03,Lý Nhơn,7.0,29.07,-0.068,18.02,16.16,7.08,22:00:00,2024-02-13
HCM03,Lý Nhơn,7.0,27.87,-0.009,24.38,14.36,7.19,22:30:00,2024-02-13
HCM03,Lý Nhơn,7.0,28.66,-0.017,17.99,16.59,6.3,23:00:00,2024-02-13
HCM03,Lý Nhơn,7.0,29.85,0.011,23.95,15.91,6.38,23:30:00,2024-02-13
HCM01,Nhà Bè,38.0,28.71,-0.013,13.11,9.27,6.79,00:00:00,2024-02-13
HCM01,Nhà Bè,38.0,27.96,0.048,21.49,10.96,6.91,00:30:00,2024-02-13
HCM01,Nhà Bè,38.0,29.22,0.011,19.17,11.35,7.07,01:00:00,2024-02-13
HCM01,Nhà Bè,38.0,28.37,0.002,16.24,10.52,7.71,01:30:00,2024-02-13
HCM01,Nhà Bè,38.0,27.02,0.041,23.7,11.72,6.95,02:00:00,2024-02-13
HCM01,Nhà Bè,38.0,30.54,0.05,18.01,10.84,7.28,02:30:00,2024-02-13
HCM01,Nhà Bè,38.0,28.7,0.077,20.62,11.67,6.17,03:00:00,2024-02-13
HCM01,Nhà Bè,38.0,28.51,0.047,23.3,12.92,6.62,03:30:00,2024-02-13
HCM01,Nhà Bè,38.0,28.4,0.052,11.26,11.35,7.27,04:00:00,2024-02-13
HCM01,Nhà Bè,38.0,28.22,0.084,17.05,9.77,7.23,04:30:00,2024-02-13
HCM01,Nhà Bè,38.0,28.88,0.036,28.69,12.97,6.98,05:00:00,2024-02-13
HCM01,Nhà Bè,38.0,28.46,0.049,28.08,15.15,6.39,05:30:00,2024-02-13
HCM01,Nhà Bè,38.0,29.94,0.098,20.49,12.12,6.61,06:00:00,2024-02-13
HCM01,Nhà Bè,38.0,28.32,0.035,17.94,12.67,7.3,06:30:00,2024-02-13
HCM01,Nhà Bè,38.0,30.15,0.085,21.29,14.17,6.81,07:00:00,2024-02-13
HCM01,Nhà Bè,38.0,29.34,0.036,15.93,10.12,7.54,07:30:00,2024-02-13
HCM01,Nhà Bè,38.0,29.68,0.067,17.24,11.84,6.86,08:00:00,2024-02-13
HCM01,Nhà Bè,38.0,29.5,0.029,22.58,12.75,7.68,08:30:00,2024-02-13
HCM01,Nhà Bè,38.0,28.74,0.044,16.72,10.79,7.36,09:00:00,2024-02-13
HCM01,Nhà Bè,38.0,28.56,0.029,19.91,12.28,7.49,09:30:00,2024-02-13
HCM01,Nhà Bè,38.0,29.64,-0.013,12.53,12.54,7.09,10:00:00,2024-02-13
HCM01,Nhà Bè,38.0,28.67,0.028,20.02,11.76,7.05,10:30:00,2024-02-13
HCM01,Nhà Bè,38.0,27.44,0.015,13.15,10.14,6.38,11:00:00,2024-02-13
HCM01,Nhà Bè,38.0,29.55,0.059,12.27,8.65,6.76,11:30:00,2024-02-13
HCM01,Nhà Bè,38.0,28.22,-0.046,19.15,11.3,6.99,12:00:00,2024-02-13
HCM01,Nhà Bè,38.0,28.21,-0.012,19.34,11.15,7.52,12:30:00,2024-02-13
HCM01,Nhà Bè,38.0,28.93,-0.023,12.79,8.34,7.41,13:00:00,2024-02-13
HCM01,Nhà Bè,38.0,28.1,-0.036,18.1,10.12,8.01,13:30:00,2024-02-13
HCM01,Nhà Bè,38.0,30.92,-0.044,15.87,11.06,6.52,14:00:00,2024-02-13
HCM01,Nhà Bè,38.0,29.69,-0.058,13.83,8.39,7.32,14:30:00,2024-02-13
HCM01,Nhà Bè,38.0,28.92,-0.041,16.68,10.54,7.23,15:00:00,2024-02-13
HCM01,Nhà Bè,38.0,29.35,-0.103,12.22,9.56,7.29,15:30:00,2024-02-13
HCM01,Nhà Bè,38.0,27.72,-0.042,12.16,8.74,7.14,16:00:00,2024-02-13
HCM01,Nhà Bè,38.0,28.37,-0.094,19.56,10.52,6.72,16:30:00,2024-02-13
HCM01,Nhà Bè,38.0,29.13,-0.043,17.14,8.97,7.47,17:00:00,2024-02-13
HCM01,Nhà Bè,38.0,29.19,-0.066,9.21,8.05,6.11,17:30:00,2024-02-13
HCM01,Nhà Bè,38.0,28.96,-0.074,16.04,9.64,7.38,18:00:00,2024-02-13
HCM01,Nhà Bè,38.0,28.2,-0.037,14.76,8.14,7.08,18:30:00,2024-02-13
HCM01,Nhà Bè,38.0,27.81,-0.039,13.66,8.51,7.69,19:00:00,2024-02-13
HCM01,Nhà Bè,38.0,28.45,-0.062,16.07,10.95,6.63,19:30:00,2024-02-13
HCM01,Nhà Bè,38.0,30.95,-0.083,18.0,10.09,7.57,20:00:00,2024-02-13
HCM01,Nhà Bè,38.0,28.92,-0.069,16.26,8.87,7.68,20:30:00,2024-02-13
HCM01,Nhà Bè,38.0,30.16,-0.045,17.22,9.61,7.99,21:00:00,2024-02-13
HCM01,Nhà Bè,38.0,29.56,-0.083,14.05,10.43,6.84,21:30:00,2024-02-13
HCM01,Nhà Bè,38.0,28.78,-0.006,14.54,9.17,6.89,22:00:00,2024-02-13
HCM01,Nhà Bè,38.0,29.01,0.019,15.09,9.27,7.31,22:30:00,2024-02-13
HCM01,Nhà Bè,38.0,29.13,-0.03,19.7,10.63,6.99,23:00:00,2024-02-13
HCM01,Nhà Bè,38.0,29.97,-0.019,15.84,12.3,7.45,23:30:00,2024-02-13
HCM02,Cát Lái,58.0,30.25,-0.006,8.3,6.52,7.25,00:00:00,2024-02-14
HCM02,Cát Lái,58.0,28.3,-0.014,12.41,6.62,6.81,00:30:00,2024-02-14
HCM02,Cát Lái,58.0,28.43,-0.03,8.3,6.31,7.18,01:00:00,2024-02-14
HCM02,Cát Lái,58.0,28.34,0.022,8.45,6.46,7.51,01:30:00,2024-02-14
HCM02,Cát Lái,58.0,27.19,0.114,10.15,6.05,8.35,02:00:00,2024-02-14
HCM02,Cát Lái,58.0,29.3,0.014,8.49,6.2,6.73,02:30:00,2024-02-14
HCM02,Cát Lái,58.0,29.45,0.066,10.11,7.53,6.82,03:00:00,2024-02-14
HCM02,Cát Lái,58.0,28.02,0.035,10.42,6.7,7.46,03:30:00,2024-02-14
HCM02,Cát Lái,58.0,30.04,0.019,7.69,5.24,7.44,04:00:00,2024-02-14
HCM02,Cát Lái,58.0,29.77,0.011,11.36,7.05,6.64,04:30:00,2024-02-14
HCM02,Cát Lái,58.0,29.08,0.078,11.86,6.99,7.78,05:00:00,2024-02-14
HCM02,Cát Lái,58.0,29.54,0.007,10.08,6.9,6.64,05:30:00,2024-02-14
HCM02,Cát Lái,58.0,28.43,0.068,14.57,6.46,7.2,06:00:00,2024-02-14
HCM02,Cát Lái,58.0,27.75,0.093,11.13,7.4,7.44,06:30:00,2024-02-14
HCM02,Cát Lái,58.0,26.67,0.025,7.97,6.93,7.68,07:00:00,2024-02-14
HCM02,Cát Lái,58.0,28.65,0.023,10.53,6.62,7.67,07:30:00,2024-02-14
HCM02,Cát Lái,58.0,29.35,0.077,9.11,6.38,7.29,08:00:00,2024-02-14
HCM02,Cát Lái,58.0,29.97,0.09,8.82,6.23,7.25,08:30:00,2024-02-14
HCM02,Cát Lái,58.0,28.1,0.083,7.43,6.21,7.19,09:00:00,2024-02-14
HCM02,Cát Lái,58.0,29.44,-0.057,10.12,6.32,7.91,09:30:00,2024-02-14
HCM02,Cát Lái,58.0,30.4,0.048,10.31,6.42,7.17,10:00:00,2024-02-14
HCM02,Cát Lái,58.0,28.65,-0.036,10.33,6.78,7.15,10:30:00,2024-02-14
HCM02,Cát Lái,58.0,27.97,0.013,7.55,4.98,7.68,11:00:00,2024-02-14
HCM02,Cát Lái,58.0,29.04,-0.007,8.09,5.87,7.05,11:30:00,2024-02-14
HCM02,Cát Lái,58.0,30.53,-0.012,6.5,6.16,7.96,12:00:00,2024-02-14
HCM02,Cát Lái,58.0,29.97,-0.008,9.6,5.51,8.1,12:30:00,2024-02-14
HCM02,Cát Lái,58.0,28.55,0.024,10.07,6.45,6.69,13:00:00,2024-02-14
HCM02,Cát Lái,58.0,27.43,-0.04,7.96,5.56,6.79,13:30:00,2024-02-14
HCM02,Cát Lái,58.0,28.65,-0.021,7.65,6.29,7.15,14:00:00,2024-02-14
HCM02,Cát Lái,58.0,28.79,-0.054,6.59,5.17,6.91,14:30:00,2024-02-14
HCM02,Cát Lái,58.0,30.08,-0.063,8.56,5.42,8.5,15:00:00,2024-02-14
HCM02,Cát Lái,58.0,29.25,-0.035,8.22,5.06,7.34,15:30:00,2024-02-14
HCM02,Cát Lái,58.0,28.82,-0.028,8.4,5.3,7.44,16:00:00,2024-02-14
HCM02,Cát Lái,58.0,31.69,-0.028,11.91,5.72,7.41,16:30:00,2024-02-14
HCM02,Cát Lái,58.0,28.53,-0.048,7.27,5.34,6.96,17:00:00,2024-02-14
HCM02,Cát Lái,58.0,29.59,-0.08,9.24,5.03,6.95,17:30:00,2024-02-14
HCM02,Cát Lái,58.0,28.9,-0.046,7.76,4.76,6.88,18:00:00,2024-02-14
HCM02,Cát Lái,58.0,29.15,-0.044,7.65,5.36,7.17,18:30:00,2024-02-14
HCM02,Cát Lái,58.0,29.87,-0.113,8.97,5.58,6.98,19:00:00,2024-02-14
HCM02,Cát Lái,58.0,29.57,-0.002,9.35,5.2,7.29,19:30:00,2024-02-14
HCM02,Cát Lái,58.0,29.44,-0.078,6.46,5.52,7.52,20:00:00,2024-02-14
HCM02,Cát Lái,58.0,28.6,-0.062,8.76,5.79,7.16,20:30:00,2024-02-14
HCM02,Cát Lái,58.0,28.53,-0.034,9.9,5.63,6.48,21:00:00,2024-02-14
HCM02,Cát Lái,58.0,31.27,-0.063,7.51,4.52,7.51,21:30:00,2024-02-14
HCM02,Cát Lái,58.0,31.03,-0.055,10.35,5.29,6.94,22:00:00,2024-02-14
HCM02,Cát Lái,58.0,28.65,-0.051,10.0,5.8,7.19,22:30:00,2024-02-14
HCM02,Cát Lái,58.0,29.16,-0.017,12.39,7.38,8.04,23:00:00,2024-02-14
HCM02,Cát Lái,58.0,28.24,-0.053,8.03,6.12,7.64,23:30:00,2024-02-14
HCM04,Long Đại,80.0,29.42,-0.041,2.13,1.42,7.94,00:00:00,2024-02-14
HCM04,Long Đại,80.0,29.48,-0.026,3.01,1.92,7.43,00:30:00,2024-02-14
HCM04,Long Đại,80.0,29.99,-0.001,2.03,1.55,7.66,01:00:00,2024-02-14
HCM04,Long Đại,80.0,30.28,0.045,2.52,1.21,7.29,01:30:00,2024-02-14
HCM04,Long Đại,80.0,27.34,0.058,2.31,1.34,7.2,02:00:00,2024-02-14
HCM04,Long Đại,80.0,30.29,-0.005,3.3,1.99,7.49,02:30:00,2024-02-14
HCM04,Long Đại,80.0,29.6,0.042,2.62,1.49,7.69,03:00:00,2024-02-14
HCM04,Long Đại,80.0,28.87,0.055,2.97,2.21,6.98,03:30:00,2024-02-14
HCM04,Long Đại,80.0,28.98,0.039,3.53,2.02,6.86,04:00:00,2024-02-14
HCM04,Long Đại,80.0,28.1,0.033,3.88,2.12,6.46,04:30:00,2024-02-14
HCM04,Long Đại,80.0,28.69,0.039,3.42,2.05,6.99,05:00:00,2024-02-14
HCM04,Long Đại,80.0,29.11,0.023,3.62,2.17,7.59,05:30:00,2024-02-14
HCM04,Long Đại,80.0,27.9,0.003,3.45,1.95,7.7,06:00:00,2024-02-14
HCM04,Long Đại,80.0,28.59,0.048,3.8,1.78,7.55,06:30:00,2024-02-14
HCM04,Long Đại,80.0,29.8,0.086,2.81,2.03,7.22,07:00:00,2024-02-14
HCM04,Long Đại,80.0,29.56,0.005,2.19,2.03,8.33,07:30:00,2024-02-14
HCM04,Long Đại,80.0,29.22,0.059,3.17,1.98,7.18,08:00:00,2024-02-14
HCM04,Long Đại,80.0,29.42,0.053,2.71,1.79,7.31,08:30:00,2024-02-14
HCM04,Long Đại,80.0,30.27,0.028,2.04,1.64,7.96,09:00:00,2024-02-14
HCM04,Long Đại,80.0,28.45,0.031,3.21,1.66,7.05,09:30:00,2024-02-14
HCM04,Long Đại,80.0,28.35,-0.0,3.95,1.99,7.23,10:00:00,2024-02-14
HCM04,Long Đại,80.0,28.54,-0.012,3.35,2.0,7.61,10:30:00,2024-02-14
HCM04,Long Đại,80.0,27.08,0.013,2.79,1.45,6.99,11:00:00,2024-02-14
HCM04,Long Đại,80.0,29.21,0.038,1.71,1.07,7.83,11:30:00,2024-02-14
HCM04,Long Đại,80.0,28.66,0.034,3.95,2.01,6.79,12:00:00,2024-02-14
HCM04,Long Đại,80.0,29.69,-0.021,1.83,1.37,7.29,12:30:00,2024-02-14
HCM04,Long Đại,80.0,28.83,-0.053,2.85,1.66,7.67,13:00:00,2024-02-14
HCM04,Long Đại,80.0,28.37,-0.007,2.74,1.6,7.75,13:30:00,2024-02-14
HCM04,Long Đại,80.0,28.72,0.003,1.29,0.92,7.43,14:00:00,2024-02-14
HCM04,Long Đại,80.0,30.64,-0.002,1.17,0.96,7.73,14:30:00,2024-02-14
HCM04,Long Đại,80.0,30.21,-0.027,2.76,1.5,7.57,15:00:00,2024-02-14
HCM04,Long Đại,80.0,28.36,0.031,2.62,1.85,6.9,15:30:00,2024-02-14
HCM04,Long Đại,80.0,30.28,-0.06,2.57,1.6,7.78,16:00:00,2024-02-14
HCM04,Long Đại,80.0,28.05,-0.029,2.73,1.68,7.95,16:30:00,2024-02-14
HCM04,Long Đại,80.0,28.77,-0.072,2.35,1.6,8.1,17:00:00,2024-02-14
HCM04,Long Đại,80.0,29.99,-0.091,3.23,1.52,7.14,17:30:00,2024-02-14
HCM04,Long Đại,80.0,28.04,-0.073,2.26,1.43,6.8,18:00:00,2024-02-14
HCM04,Long Đại,80.0,28.28,-0.036,1.88,1.57,7.03,18:30:00,2024-02-14
HCM04,Long Đại,80.0,30.21,-0.045,2.73,1.91,7.88,19:00:00,2024-02-14
HCM04,Long Đại,80.0,29.02,-0.099,2.12,1.3,6.87,19:30:00,2024-02-14
HCM04,Long Đại,80.0,29.24,-0.125,2.4,1.32,7.98,20:00:00,2024-02-14
HCM04,Long Đại,80.0,29.61,-0.066,1.11,1.09,7.15,20:30:00,2024-02-14
HCM04,Long Đại,80.0,29.48,-0.049,1.69,0.8,7.14,21:00:00,2024-02-14
HCM04,Long Đại,80.0,28.07,-0.027,2.57,1.54,7.91,21:30:00,2024-02-14
HCM04,Long Đại,80.0,30.25,-0.055,2.81,1.54,7.44,22:00:00,2024-02-14
HCM04,Long Đại,80.0,29.51,0.022,2.3,1.45,6.95,22:30:00,2024-02-14
HCM04,Long Đại,80.0,28.31,0.003,2.04,1.32,7.32,23:00:00,2024-02-14
HCM04,Long Đại,80.0,28.83,0.001,3.62,1.91,7.69,23:30:00,2024-02-14
HCM03,Lý Nhơn,7.0,29.09,-0.027,27.12,18.62,6.66,00:00:00,2024-02-14
HCM03,Lý Nhơn,7.0,28.97,0.006,39.82,17.04,6.71,00:30:00,2024-02-14
HCM03,Lý Nhơn,7.0,29.43,0.028,34.38,20.12,7.08,01:00:00,2024-02-14
HCM03,Lý Nhơn,7.0,28.4,0.05,34.06,20.35,5.81,01:30:00,2024-02-14
HCM03,Lý Nhơn,7.0,28.92,0.002,33.33,22.2,6.21,02:00:00,2024-02-14
HCM03,Lý Nhơn,7.0,29.62,0.082,35.46,21.45,7.2,02:30:00,2024-02-14
HCM03,Lý Nhơn,7.0,29.23,0.091,39.56,23.5,6.43,03:00:00,2024-02-14
HCM03,Lý Nhơn,7.0,28.81,0.067,36.15,21.4,6.5,03:30:00,2024-02-14
HCM03,Lý Nhơn,7.0,29.59,0.074,34.57,21.45,6.98,04:00:00,2024-02-14
HCM03,Lý Nhơn,7.0,28.1,0.105,31.02,19.22,6.53,04:30:00,2024-02-14
HCM03,Lý Nhơn,7.0,28.46,0.015,18.79,20.98,6.91,05:00:00,2024-02-14
HCM03,Lý Nhơn,7.0,28.85,-0.002,38.01,23.37,6.59,05:30:00,2024-02-14
HCM03,Lý Nhơn,7.0,30.66,0.005,40.12,22.72,6.48,06:00:00,2024-02-14
HCM03,Lý Nhơn,7.0,28.61,0.052,41.09,20.68,6.39,06:30:00,2024-02-14
HCM03,Lý Nhơn,7.0,28.99,0.049,40.38,23.66,6.19,07:00:00,2024-02-14
HCM03,Lý Nhơn,7.0,29.05,0.018,36.2,26.39,5.68,07:30:00,2024-02-14
HCM03,Lý Nhơn,7.0,28.75,0.072,37.41,21.47,6.83,08:00:00,2024-02-14
HCM03,Lý Nhơn,7.0,29.79,0.007,33.92,26.01,5.79,08:30:00,2024-02-14
HCM03,Lý Nhơn,7.0,28.72,-0.006,27.03,19.25,6.31,09:00:00,2024-02-14
HCM03,Lý Nhơn,7.0,29.52,0.077,30.3,19.3,6.57,09:30:00,2024-02-14
HCM03,Lý Nhơn,7.0,29.51,0.056,34.14,21.13,7.4,10:00:00,2024-02-14
HCM03,Lý Nhơn,7.0,28.02,0.058,36.85,19.84,6.3,10:30:00,2024-02-14
HCM03,Lý Nhơn,7.0,29.28,-0.014,50.93,24.42,6.64,11:00:00,2024-02-14
HCM03,Lý Nhơn,7.0,28.73,0.025,30.25,17.17,5.83,11:30:00,2024-02-14
HCM03,Lý Nhơn,7.0,28.97,0.016,29.15,22.09,6.57,12:00:00,2024-02-14
HCM03,Lý Nhơn,7.0,29.3,0.016,30.17,18.8,6.15,12:30:00,2024-02-14
HCM03,Lý Nhơn,7.0,29.86,0.04,28.98,20.41,6.09,13:00:00,2024-02-14
HCM03,Lý Nhơn,7.0,28.46,-0.048,20.44,20.78,6.76,13:30:00,2024-02-14
HCM03,Lý Nhơn,7.0,29.34,-0.005,29.37,15.92,6.24,14:00:00,2024-02-14
HCM03,Lý Nhơn,7.0,30.59,-0.008,24.21,16.92,5.91,14:30:00,2024-02-14
HCM03,Lý Nhơn,7.0,29.39,-0.048,35.61,18.44,6.73,15:00:00,2024-02-14
HCM03,Lý Nhơn,7.0,29.15,-0.048,33.02,17.46,6.31,15:30:00,2024-02-14
HCM03,Lý Nhơn,7.0,28.31,-0.082,29.52,18.1,7.46,16:00:00,2024-02-14
HCM03,Lý Nhơn,7.0,30.47,-0.093,37.36,20.36,6.15,16:30:00,2024-02-14
HCM03,Lý Nhơn,7.0,30.2,-0.115,21.27,16.73,6.31,17:00:00,2024-02-14
HCM03,Lý Nhơn,7.0,29.19,-0.007,24.91,14.42,6.69,17:30:00,2024-02-14
HCM03,Lý Nhơn,7.0,30.27,-0.078,28.73,20.56,6.75,18:00:00,2024-02-14
HCM03,Lý Nhơn,7.0,29.65,-0.033,29.79,18.84,6.95,18:30:00,2024-02-14
HCM03,Lý Nhơn,7.0,28.31,-0.093,19.38,15.38,6.36,19:00:00,2024-02-14
HCM03,Lý Nhơn,7.0,28.6,-0.066,21.22,17.28,7.32,19:30:00,2024-02-14
HCM03,Lý Nhơn,7.0,29.5,-0.038,24.01,16.3,7.68,20:00:00,2024-02-14
HCM03,Lý Nhơn,7.0,29.2,-0.075,31.58,19.05,5.92,20:30:00,2024-02-14
HCM03,Lý Nhơn,7.0,27.83,0.007,22.82,17.79,7.53,21:00:00,2024-02-14
HCM03,Lý Nhơn,7.0,29.93,0.018,35.67,18.41,6.74,21:30:00,2024-02-14
HCM03,Lý Nhơn,7.0,29.02,-0.028,21.88,16.72,7.03,22:00:00,2024-02-14
HCM03,Lý Nhơn,7.0,29.42,-0.009,41.07,20.15,6.91,22:30:00,2024-02-14
HCM03,Lý Nhơn,7.0,28.79,-0.004,38.75,20.47,6.81,23:00:00,2024-02-14
HCM03,Lý Nhơn,7.0,29.75,-0.077,36.45,22.63,5.6,23:30:00,2024-02-14
HCM01,Nhà Bè,38.0,28.91,0.022,16.35,11.17,7.05,00:00:00,2024-02-14
HCM01,Nhà Bè,38.0,28.31,0.025,18.33,11.04,6.91,00:30:00,2024-02-14
HCM01,Nhà Bè,38.0,29.83,-0.048,13.3,10.25,7.38,01:00:00,2024-02-14
HCM01,Nhà Bè,38.0,30.11,0.005,21.24,12.29,7.86,01:30:00,2024-02-14
HCM01,Nhà Bè,38.0,29.22,0.026,19.77,13.55,7.05,02:00:00,2024-02-14
HCM01,Nhà Bè,38.0,29.44,0.023,22.16,13.99,7.44,02:30:00,2024-02-14
HCM01,Nhà Bè,38.0,27.12,0.019,18.42,10.25,7.28,03:00:00,2024-02-14
HCM01,Nhà Bè,38.0,28.58,0.048,26.29,14.93,6.39,03:30:00,2024-02-14
HCM01,Nhà Bè,38.0,29.11,0.077,23.81,14.84,7.25,04:00:00,2024-02-14
HCM01,Nhà Bè,38.0,28.72,0.075,21.93,11.87,7.41,04:30:00,2024-02-14
HCM01,Nhà Bè,38.0,28.84,0.077,19.7,12.25,7.12,05:00:00,2024-02-14
HCM01,Nhà Bè,38.0,30.04,0.072,26.19,14.38,5.91,05:30:00,2024-02-14
HCM01,Nhà Bè,38.0,29.63,0.011,19.99,12.5,8.01,06:00:00,2024-02-14
HCM01,Nhà Bè,38.0,28.57,0.05,27.2,14.39,6.92,06:30:00,2024-02-14
HCM01,Nhà Bè,38.0,27.75,0.018,24.36,13.93,7.0,07:00:00,2024-02-14
HCM01,Nhà Bè,38.0,29.06,-0.009,17.05,14.4,7.06,07:30:00,2024-02-14
HCM01,Nhà Bè,38.0,30.64,0.012,16.02,11.47,6.88,08:00:00,2024-02-14
HCM01,Nhà Bè,38.0,28.38,0.038,17.07,14.73,6.37,08:30:00,2024-02-14
HCM01,Nhà Bè,38.0,29.51,0.038,21.16,11.23,6.75,09:00:00,2024-02-14
HCM01,Nhà Bè,38.0,29.77,0.11,27.53,13.48,7.19,09:30:00,2024-02-14
HCM01,Nhà Bè,38.0,30.39,0.032,18.9,11.65,7.0,10:00:00,2024-02-14
HCM01,Nhà Bè,38.0,28.24,-0.03,19.87,12.31,6.55,10:30:00,2024-02-14
HCM01,Nhà Bè,38.0,29.87,0.061,24.69,12.85,7.21,11:00:00,2024-02-14
HCM01,Nhà Bè,38.0,27.25,0.008,20.51,10.76,7.79,11:30:00,2024-02-14
HCM01,Nhà Bè,38.0,29.05,0.016,15.91,12.89,6.26,12:00:00,2024-02-14
HCM01,Nhà Bè,38.0,28.69,-0.008,17.79,10.0,6.9,12:30:00,2024-02-14
HCM01,Nhà Bè,38.0,29.8,-0.019,22.52,12.75,6.61,13:00:00,2024-02-14
HCM01,Nhà Bè,38.0,29.61,-0.017,21.8,10.62,7.22,13:30:00,2024-02-14
HCM01,Nhà Bè,38.0,28.02,-0.018,22.85,10.71,6.87,14:00:00,2024-02-14
HCM01,Nhà Bè,38.0,28.1,0.002,15.8,10.43,6.89,14:30:00,2024-02-14
HCM01,Nhà Bè,38.0,28.68,-0.018,12.85,9.88,7.55,15:00:00,2024-02-14
HCM01,Nhà Bè,38.0,29.59,-0.049,10.37,8.39,7.42,15:30:00,2024-02-14
HCM01,Nhà Bè,38.0,29.52,-0.047,16.01,9.16,7.14,16:00:00,2024-02-14
HCM01,Nhà Bè,38.0,28.33,-0.075,21.74,10.79,7.68,16:30:00,2024-02-14
HCM01,Nhà Bè,38.0,28.49,-0.032,12.05,9.86,7.14,17:00:00,2024-02-14
HCM01,Nhà Bè,38.0,28.5,-0.032,13.97,8.92,6.67,17:30:00,2024-02-14
HCM01,Nhà Bè,38.0,28.88,-0.063,13.5,9.61,7.28,18:00:00,2024-02-14
HCM01,Nhà Bè,38.0,28.92,-0.031,18.4,11.24,6.73,18:30:00,2024-02-14
HCM01,Nhà Bè,38.0,29.25,-0.035,16.65,9.76,6.61,19:00:00,2024-02-14
HCM01,Nhà Bè,38.0,29.7,-0.079,14.42,9.38,7.59,19:30:00,2024-02-14
HCM01,Nhà Bè,38.0,29.39,-0.061,20.56,11.7,7.31,20:00:00,2024-02-14
HCM01,Nhà Bè,38.0,29.58,-0.082,20.36,10.56,7.02,20:30:00,2024-02-14
HCM01,Nhà Bè,38.0,28.15,-0.007,17.95,10.49,6.91,21:00:00,2024-02-14
HCM01,Nhà Bè,38.0,28.57,0.053,17.77,11.85,7.65,21:30:00,2024-02-14
HCM01,Nhà Bè,38.0,28.82,-0.011,22.64,10.24,6.59,22:00:00,2024-02-14
HCM01,Nhà Bè,38.0,28.51,-0.009,13.31,9.76,7.42,22:30:00,2024-02-14
HCM01,Nhà Bè,38.0,28.44,-0.019,13.66,9.21,6.35,23:00:00,2024-02-14
HCM01,Nhà Bè,38.0,28.31,0.021,21.96,11.94,7.04,23:30:00,2024-02-14
HCM02,Cát Lái,58.0,29.1,0.04,9.44,5.81,7.45,00:00:00,2024-02-15
HCM02,Cát Lái,58.0,27.48,0.041,12.19,7.07,6.97,00:30:00,2024-02-15
HCM02,Cát Lái,58.0,29.1,0.034,12.26,6.69,7.01,01:00:00,2024-02-15
HCM02,Cát Lái,58.0,30.29,0.016,8.62,5.58,7.6,01:30:00,2024-02-15
HCM02,Cát Lái,58.0,29.12,-0.028,11.57,8.49,6.89,02:00:00,2024-02-15
HCM02,Cát Lái,58.0,28.46,0.043,14.34,7.19,7.39,02:30:00,2024-02-15
HCM02,Cát Lái,58.0,27.7,0.025,13.77,7.27,7.55,03:00:00,2024-02-15
HCM02,Cát Lái,58.0,29.35,0.04,8.15,7.59,7.54,03:30:00,2024-02-15
HCM02,Cát Lái,58.0,29.81,0.006,9.7,6.15,6.76,04:00:00,2024-02-15
HCM02,Cát Lái,58.0,27.72,0.031,10.86,6.9,7.46,04:30:00,2024-02-15
HCM02,Cát Lái,58.0,30.03,0.024,11.86,7.1,7.02,05:00:00,2024-02-15
HCM02,Cát Lái,58.0,30.47,0.012,10.5,7.55,6.9,05:30:00,2024-02-15
HCM02,Cát Lái,58.0,28.87,0.021,16.01,8.8,6.57,06:00:00,2024-02-15
HCM02,Cát Lái,58.0,28.01,0.073,12.76,7.46,7.57,06:30:00,2024-02-15
HCM02,Cát Lái,58.0,28.25,0.035,7.9,7.18,7.18,07:00:00,2024-02-15
HCM02,Cát Lái,58.0,28.4,0.025,10.75,7.13,7.97,07:30:00,2024-02-15
HCM02,Cát Lái,58.0,30.36,0.114,11.67,8.24,7.51,08:00:00,2024-02-15
HCM02,Cát Lái,58.0,29.26,0.068,11.84,7.03,6.55,08:30:00,2024-02-15
HCM02,Cát Lái,58.0,29.52,0.044,12.9,5.75,6.37,09:00:00,2024-02-15
HCM02,Cát Lái,58.0,30.69,0.081,10.0,7.43,7.42,09:30:00,2024-02-15
HCM02,Cát Lái,58.0,29.77,0.015,7.05,5.85,7.18,10:00:00,2024-02-15
HCM02,Cát Lái,58.0,27.46,0.049,11.21,6.88,7.17,10:30:00,2024-02-15
HCM02,Cát Lái,58.0,29.37,-0.001,13.01,7.36,6.79,11:00:00,2024-02-15
HCM02,Cát Lái,58.0,28.18,0.012,8.55,6.18,7.12,11:30:00,2024-02-15
HCM02,Cát Lái,58.0,29.84,-0.008,7.23,5.34,7.07,12:00:00,2024-02-15
HCM02,Cát Lái,58.0,28.15,-0.017,10.3,5.93,6.96,12:30:00,2024-02-15
HCM02,Cát Lái,58.0,28.0,-0.003,9.67,6.29,7.26,13:00:00,2024-02-15
HCM02,Cát Lái,58.0,29.03,0.006,9.09,6.33,7.97,13:30:00,2024-02-15
HCM02,Cát Lái,58.0,28.49,-0.027,9.29,5.56,7.28,14:00:00,2024-02-15
HCM02,Cát Lái,58.0,29.81,-0.058,6.54,5.83,6.43,14:30:00,2024-02-15
HCM02,Cát Lái,58.0,29.67,-0.071,9.89,6.2,7.26,15:00:00,2024-02-15
HCM02,Cát Lái,58.0,29.12,-0.03,9.73,5.56,7.89,15:30:00,2024-02-15
HCM02,Cát Lái,58.0,30.67,0.001,8.71,6.13,7.27,16:00:00,2024-02-15
HCM02,Cát Lái,58.0,29.62,-0.046,6.74,5.09,7.47,16:30:00,2024-02-15
HCM02,Cát Lái,58.0,29.82,-0.07,8.03,5.86,6.35,17:00:00,2024-02-15
HCM02,Cát Lái,58.0,29.01,-0.066,8.56,5.64,7.48,17:30:00,2024-02-15
HCM02,Cát Lái,58.0,29.28,0.023,9.96,5.02,7.29,18:00:00,2024-02-15
HCM02,Cát Lái,58.0,28.29,-0.068,9.9,5.25,7.06,18:30:00,2024-02-15
HCM02,Cát Lái,58.0,29.69,-0.032,7.68,5.26,7.03,19:00:00,2024-02-15
HCM02,Cát Lái,58.0,28.77,-0.081,9.29,5.04,7.29,19:30:00,2024-02-15
HCM02,Cát Lái,58.0,29.48,0.015,7.91,5.18,7.5,20:00:00,2024-02-15
HCM02,Cát Lái,58.0,28.61,-0.033,11.11,7.06,8.07,20:30:00,2024-02-15
HCM02,Cát Lái,58.0,30.52,0.051,11.13,5.59,7.7,21:00:00,2024-02-15
HCM02,Cát Lái,58.0,29.43,0.031,9.73,5.63,7.65,21:30:00,2024-02-15
HCM02,Cát Lái,58.0,29.72,-0.017,11.34,6.02,7.04,22:00:00,2024-02-15
HCM02,Cát Lái,58.0,29.57,-0.07,7.54,4.87,7.22,22:30:00,2024-02-15
HCM02,Cát Lái,58.0,28.06,0.013,9.0,5.88,7.68,23:00:00,2024-02-15
HCM02,Cát Lái,58.0,29.23,-0.012,11.38,6.8,7.52,23:30:00,2024-02-15
HCM04,Long Đại,80.0,29.46,-0.057,2.57,1.66,7.58,00:00:00,2024-02-15
HCM04,Long Đại,80.0,29.51,-0.014,2.04,1.76,7.27,00:30:00,2024-02-15
HCM04,Long Đại,80.0,29.2,0.057,2.23,1.74,7.36,01:00:00,2024-02-15
HCM04,Long Đại,80.0,29.33,-0.002,2.88,1.92,8.41,01:30:00,2024-02-15
HCM04,Long Đại,80.0,29.71,0.039,2.3,1.82,7.56,02:00:00,2024-02-15
HCM04,Long Đại,80.0,30.19,-0.013,2.75,2.05,7.81,02:30:00,2024-02-15
HCM04,Long Đại,80.0,29.63,0.017,2.75,2.23,7.48,03:00:00,2024-02-15
HCM04,Long Đại,80.0,28.08,0.025,1.95,1.66,7.56,03:30:00,2024-02-15
HCM04,Long Đại,80.0,28.58,0.076,3.15,2.11,7.69,04:00:00,2024-02-15
HCM04,Long Đại,80.0,29.74,0.037,3.28,2.0,7.22,04:30:00,2024-02-15
HCM04,Long Đại,80.0,28.37,0.066,2.81,1.83,7.83,05:00:00,2024-02-15
HCM04,Long Đại,80.0,29.23,0.051,2.39,1.71,6.85,05:30:00,2024-02-15
HCM04,Long Đại,80.0,28.87,0.09,2.48,1.98,7.69,06:00:00,2024-02-15
HCM04,Long Đại,80.0,29.17,0.002,3.09,1.84,7.48,06:30:00,2024-02-15
HCM04,Long Đại,80.0,29.9,0.024,3.33,2.42,8.01,07:00:00,2024-02-15
HCM04,Long Đại,80.0,28.87,0.069,2.42,1.68,7.95,07:30:00,2024-02-15
HCM04,Long Đại,80.0,28.36,0.082,3.13,1.77,7.76,08:00:00,2024-02-15
HCM04,Long Đại,80.0,29.51,0.044,2.51,1.81,8.2,08:30:00,2024-02-15
HCM04,Long Đại,80.0,28.26,0.118,3.34,1.84,6.75,09:00:00,2024-02-15
HCM04,Long Đại,80.0,28.74,0.031,2.33,1.59,7.13,09:30:00,2024-02-15
HCM04,Long Đại,80.0,29.08,0.061,2.96,1.64,6.82,10:00:00,2024-02-15
HCM04,Long Đại,80.0,30.04,0.028,2.56,1.67,7.62,10:30:00,2024-02-15
HCM04,Long Đại,80.0,27.82,0.011,2.57,1.66,7.73,11:00:00,2024-02-15
HCM04,Long Đại,80.0,27.96,-0.003,2.0,1.25,7.7,11:30:00,2024-02-15
HCM04,Long Đại,80.0,29.64,-0.004,3.11,2.17,6.86,12:00:00,2024-02-15
HCM04,Long Đại,80.0,28.12,0.049,1.96,1.52,8.54,12:30:00,2024-02-15
HCM04,Long Đại,80.0,29.98,0.007,2.71,2.21,8.07,13:00:00,2024-02-15
HCM04,Long Đại,80.0,28.09,-0.03,2.16,1.69,6.86,13:30:00,2024-02-15
HCM04,Long Đại,80.0,29.6,0.003,2.47,1.5,7.26,14:00:00,2024-02-15
HCM04,Long Đại,80.0,29.14,-0.023,1.95,1.6,7.43,14:30:00,2024-02-15
HCM04,Long Đại,80.0,27.78,-0.011,2.3,1.68,7.22,15:00:00,2024-02-15
HCM04,Long Đại,80.0,29.65,-0.073,2.37,2.17,7.52,15:30:00,2024-02-15
HCM04,Long Đại,80.0,29.01,-0.066,1.82,1.51,6.62,16:00:00,2024-02-15
HCM04,Long Đại,80.0,29.2,-0.079,2.77,1.45,7.43,16:30:00,2024-02-15
HCM04,Long Đại,80.0,28.65,-0.048,2.21,1.11,7.45,17:00:00,2024-02-15
HCM04,Long Đại,80.0,29.11,-0.067,2.39,1.73,8.1,17:30:00,2024-02-15
HCM04,Long Đại,80.0,29.26,-0.025,2.26,1.6,6.98,18:00:00,2024-02-15
HCM04,Long Đại,80.0,28.8,-0.026,3.13,1.69,7.34,18:30:00,2024-02-15
HCM04,Long Đại,80.0,28.68,-0.094,1.96,1.42,7.49,19:00:00,2024-02-15
HCM04,Long Đại,80.0,28.35,-0.039,2.29,1.1,8.72,19:30:00,2024-02-15
HCM04,Long Đại,80.0,28.9,-0.064,1.76,1.14,7.89,20:00:00,2024-02-15
HCM04,Long Đại,80.0,29.85,-0.05,1.84,1.61,7.27,20:30:00,2024-02-15
HCM04,Long Đại,80.0,30.11,-0.069,2.32,1.34,7.31,21:00:00,2024-02-15
HCM04,Long Đại,80.0,27.16,-0.058,2.98,1.72,7.19,21:30:00,2024-02-15
HCM04,Long Đại,80.0,29.97,-0.014,2.78,1.76,7.88,22:00:00,2024-02-15
HCM04,Long Đại,80.0,29.26,-0.0,2.75,1.52,7.47,22:30:00,2024-02-15
HCM04,Long Đại,80.0,28.05,0.024,3.02,1.53,6.68,23:00:00,2024-02-15
HCM04,Long Đại,80.0,29.29,-0.021,2.1,1.15,7.42,23:30:00,2024-02-15
HCM03,Lý Nhơn,7.0,28.24,0.012,28.2,17.73,7.29,00:00:00,2024-02-15
HCM03,Lý Nhơn,7.0,29.05,-0.036,30.06,17.18,6.78,00:30:00,2024-02-15
HCM03,Lý Nhơn,7.0,27.96,0.048,25.94,16.54,6.65,01:00:00,2024-02-15
HCM03,Lý Nhơn,7.0,28.74,0.028,31.24,19.09,7.03,01:30:00,2024-02-15
HCM03,Lý Nhơn,7.0,28.99,-0.027,39.34,20.95,6.38,02:00:00,2024-02-15
HCM03,Lý Nhơn,7.0,28.65,0.08,30.68,20.46,6.76,02:30:00,2024-02-15
HCM03,Lý Nhơn,7.0,29.76,0.027,38.54,21.97,6.57,03:00:00,2024-02-15
HCM03,Lý Nhơn,7.0,29.19,0.036,28.61,22.07,6.63,03:30:00,2024-02-15
HCM03,Lý Nhơn,7.0,29.05,0.033,32.58,20.32,6.62,04:00:00,2024-02-15
HCM03,Lý Nhơn,7.0,28.89,0.077,25.55,19.05,6.14,04:30:00,2024-02-15
HCM03,Lý Nhơn,7.0,29.12,0.096,27.42,18.67,7.1,05:00:00,2024-02-15
HCM03,Lý Nhơn,7.0,28.09,0.022,35.94,17.71,6.68,05:30:00,2024-02-15
HCM03,Lý Nhơn,7.0,28.24,0.071,27.57,20.19,6.61,06:00:00,2024-02-15
HCM03,Lý Nhơn,7.0,27.99,0.083,42.8,23.1,6.42,06:30:00,2024-02-15
HCM03,Lý Nhơn,7.0,27.08,0.029,34.77,22.06,5.92,07:00:00,2024-02-15
HCM03,Lý Nhơn,7.0,28.24,0.065,48.64,24.57,6.6,07:30:00,2024-02-15
HCM03,Lý Nhơn,7.0,30.29,0.019,41.17,23.68,6.12,08:00:00,2024-02-15
HCM03,Lý Nhơn,7.0,29.18,0.061,31.12,20.81,6.43,08:30:00,2024-02-15
HCM03,Lý Nhơn,7.0,29.03,0.012,31.43,19.35,6.92,09:00:00,2024-02-15
HCM03,Lý Nhơn,7.0,27.7,-0.047,31.38,18.3,7.29,09:30:00,2024-02-15
HCM03,Lý Nhơn,7.0,28.24,0.02,36.98,23.1,7.0,10:00:00,2024-02-15
HCM03,Lý Nhơn,7.0,27.1,0.031,35.16,20.37,6.49,10:30:00,2024-02-15
HCM03,Lý Nhơn,7.0,29.65,-0.055,23.13,16.02,6.27,11:00:00,2024-02-15
HCM03,Lý Nhơn,7.0,28.19,0.023,46.0,23.51,6.74,11:30:00,2024-02-15
HCM03,Lý Nhơn,7.0,28.43,0.029,34.41,20.51,6.45,12:00:00,2024-02-15
HCM03,Lý Nhơn,7.0,28.07,-0.008,26.69,20.24,6.82,12:30:00,2024-02-15
HCM03,Lý Nhơn,7.0,29.26,0.015,31.69,17.07,7.33,13:00:00,2024-02-15
HCM03,Lý Nhơn,7.0,30.12,-0.054,36.24,18.87,6.39,13:30:00,2024-02-15
HCM03,Lý Nhơn,7.0,29.28,-0.058,29.65,17.37,5.91,14:00:00,2024-02-15
HCM03,Lý Nhơn,7.0,29.3,-0.055,25.66,16.81,6.73,14:30:00,2024-02-15
HCM03,Lý Nhơn,7.0,29.51,-0.076,27.14,14.92,7.44,15:00:00,2024-02-15
HCM03,Lý Nhơn,7.0,28.57,-0.025,26.3,15.88,6.94,15:30:00,2024-02-15
HCM03,Lý Nhơn,7.0,28.24,-0.045,32.08,16.82,7.67,16:00:00,2024-02-15
HCM03,Lý Nhơn,7.0,28.24,-0.095,28.38,17.28,6.85,16:30:00,2024-02-15
HCM03,Lý Nhơn,7.0,27.71,-0.05,30.89,16.04,6.93,17:00:00,2024-02-15
HCM03,Lý Nhơn,7.0,28.47,0.01,26.75,15.83,6.94,17:30:00,2024-02-15
HCM03,Lý Nhơn,7.0,30.0,-0.029,19.58,14.23,6.82,18:00:00,2024-02-15
HCM03,Lý Nhơn,7.0,28.83,-0.095,31.28,17.11,5.59,18:30:00,2024-02-15
HCM03,Lý Nhơn,7.0,28.56,-0.062,30.03,17.41,6.75,19:00:00,2024-02-15
HCM03,Lý Nhơn,7.0,30.55,-0.085,30.1,17.4,6.93,19:30:00,2024-02-15
HCM03,Lý Nhơn,7.0,28.22,-0.018,24.23,14.57,6.42,20:00:00,2024-02-15
HCM03,Lý Nhơn,7.0,29.12,0.002,28.81,17.54,6.75,20:30:00,2024-02-15
HCM03,Lý Nhơn,7.0,28.53,-0.081,24.85,20.14,6.23,21:00:00,2024-02-15
HCM03,Lý Nhơn,7.0,29.94,0.013,20.54,14.92,7.21,21:30:00,2024-02-15
HCM03,Lý Nhơn,7.0,29.29,-0.029,21.74,15.93,7.33,22:00:00,2024-02-15
HCM03,Lý Nhơn,7.0,28.75,0.01,30.72,19.69,5.91,22:30:00,2024-02-15
HCM03,Lý Nhơn,7.0,28.37,0.019,28.49,17.56,7.16,23:00:00,2024-02-15
HCM03,Lý Nhơn,7.0,29.46,-0.004,33.68,19.82,6.24,23:30:00,2024-02-15
HCM01,Nhà Bè,38.0,28.5,0.053,17.57,10.54,5.75,00:00:00,2024-02-15
HCM01,Nhà Bè,38.0,28.18,0.004,14.88,11.99,6.51,00:30:00,2024-02-15
HCM01,Nhà Bè,38.0,29.8,0.035,13.81,10.87,7.65,01:00:00,2024-02-15
HCM01,Nhà Bè,38.0,28.9,0.081,16.52,9.87,7.02,01:30:00,2024-02-15
HCM01,Nhà Bè,38.0,29.55,0.065,22.4,13.64,7.25,02:00:00,2024-02-15
HCM01,Nhà Bè,38.0,29.09,0.039,14.18,10.99,8.22,02:30:00,2024-02-15
HCM01,Nhà Bè,38.0,28.57,0.025,16.39,13.07,6.54,03:00:00,2024-02-15
HCM01,Nhà Bè,38.0,28.65,0.05,16.77,12.32,7.12,03:30:00,2024-02-15
HCM01,Nhà Bè,38.0,29.89,0.044,18.1,12.94,7.51,04:00:00,2024-02-15
HCM01,Nhà Bè,38.0,28.69,0.007,24.36,12.04,6.98,04:30:00,2024-02-15
HCM01,Nhà Bè,38.0,28.79,0.002,19.19,11.22,7.79,05:00:00,2024-02-15
HCM01,Nhà Bè,38.0,28.94,0.056,11.68,10.03,7.47,05:30:00,2024-02-15
HCM01,Nhà Bè,38.0,27.97,0.077,16.31,13.3,6.96,06:00:00,2024-02-15
HCM01,Nhà Bè,38.0,30.41,0.049,18.95,13.91,6.73,06:30:00,2024-02-15
HCM01,Nhà Bè,38.0,29.04,0.066,23.31,13.18,7.03,07:00:00,2024-02-15
HCM01,Nhà Bè,38.0,29.36,0.103,16.27,15.04,6.39,07:30:00,2024-02-15
HCM01,Nhà Bè,38.0,27.72,0.059,23.27,12.63,7.49,08:00:00,2024-02-15
HCM01,Nhà Bè,38.0,28.73,0.059,19.81,13.16,7.56,08:30:00,2024-02-15
HCM01,Nhà Bè,38.0,29.49,-0.016,26.59,14.94,6.96,09:00:00,2024-02-15
HCM01,Nhà Bè,38.0,29.2,0.043,17.8,11.58,7.83,09:30:00,2024-02-15
HCM01,Nhà Bè,38.0,29.62,0.03,18.39,11.31,6.6,10:00:00,2024-02-15
HCM01,Nhà Bè,38.0,28.96,0.061,16.34,11.17,6.53,10:30:00,2024-02-15
HCM01,Nhà Bè,38.0,30.27,0.032,13.4,11.19,7.18,11:00:00,2024-02-15
HCM01,Nhà Bè,38.0,28.99,0.054,14.4,10.24,7.48,11:30:00,2024-02-15
HCM01,Nhà Bè,38.0,27.01,-0.007,15.78,10.47,6.57,12:00:00,2024-02-15
HCM01,Nhà Bè,38.0,28.99,-0.017,17.59,11.62,7.03,12:30:00,2024-02-15
HCM01,Nhà Bè,38.0,28.92,0.002,14.66,9.9,7.28,13:00:00,2024-02-15
HCM01,Nhà Bè,38.0,27.87,-0.026,14.73,9.76,7.12,13:30:00,2024-02-15
HCM01,Nhà Bè,38.0,28.94,-0.012,19.07,11.17,6.71,14:00:00,2024-02-15
HCM01,Nhà Bè,38.0,29.15,-0.001,15.53,9.09,8.04,14:30:00,2024-02-15
HCM01,Nhà Bè,38.0,27.88,-0.039,14.4,8.19,6.74,15:00:00,2024-02-15
HCM01,Nhà Bè,38.0,29.09,-0.027,17.46,10.26,6.69,15:30:00,2024-02-15
HCM01,Nhà Bè,38.0,29.31,-0.026,13.45,8.77,7.22,16:00:00,2024-02-15
HCM01,Nhà Bè,38.0,29.35,-0.06,12.07,8.5,6.98,16:30:00,2024-02-15
HCM01,Nhà Bè,38.0,29.21,-0.097,14.53,8.98,7.77,17:00:00,2024-02-15
HCM01,Nhà Bè,38.0,28.63,-0.032,20.98,10.75,7.99,17:30:00,2024-02-15
HCM01,Nhà Bè,38.0,29.96,-0.095,20.96,10.56,7.39,18:00:00,2024-02-15
HCM01,Nhà Bè,38.0,30.22,-0.065,17.91,9.75,6.79,18:30:00,2024-02-15
HCM01,Nhà Bè,38.0,29.17,-0.09,18.15,9.62,7.2,19:00:00,2024-02-15
HCM01,Nhà Bè,38.0,29.26,-0.038,14.49,8.18,7.11,19:30:00,2024-02-15
HCM01,Nhà Bè,38.0,28.51,-0.053,12.57,8.76,7.21,20:00:00,2024-02-15
HCM01,Nhà Bè,38.0,28.09,-0.036,18.67,11.25,7.18,20:30:00,2024-02-15
HCM01,Nhà Bè,38.0,28.52,-0.087,11.76,10.78,6.5,21:00:00,2024-02-15
HCM01,Nhà Bè,38.0,28.65,-0.037,15.53,10.03,7.15,21:30:00,2024-02-15
HCM01,Nhà Bè,38.0,29.71,0.009,15.72,9.79,7.1,22:00:00,2024-02-15
HCM01,Nhà Bè,38.0,28.62,-0.021,14.66,10.34,7.2,22:30:00,2024-02-15
HCM01,Nhà Bè,38.0,28.93,-0.059,14.73,10.57,7.09,23:00:00,2024-02-15
HCM01,Nhà Bè,38.0,29.67,-0.009,21.44,11.24,7.24,23:30:00,2024-02-15
HCM02,Cát Lái,58.0,28.27,-0.044,11.36,7.65,7.71,00:00:00,2024-02-16
HCM02,Cát Lái,58.0,30.42,0.021,9.7,7.37,7.63,00:30:00,2024-02-16
HCM02,Cát Lái,58.0,30.23,-0.05,10.55,7.04,6.71,01:00:00,2024-02-16
HCM02,Cát Lái,58.0,28.68,0.011,13.12,6.84,6.79,01:30:00,2024-02-16
HCM02,Cát Lái,58.0,29.06,0.056,9.97,7.8,6.56,02:00:00,2024-02-16
HCM02,Cát Lái,58.0,29.16,0.043,7.85,9.08,6.79,02:30:00,2024-02-16
HCM02,Cát Lái,58.0,29.76,0.066,14.74,10.2,6.57,03:00:00,2024-02-16
HCM02,Cát Lái,58.0,29.66,0.061,10.42,7.17,7.04,03:30:00,2024-02-16
HCM02,Cát Lái,58.0,29.79,0.067,11.53,8.94,7.78,04:00:00,2024-02-16
HCM02,Cát Lái,58.0,28.88,0.091,12.0,7.13,6.82,04:30:00,2024-02-16
HCM02,Cát Lái,58.0,30.93,0.047,14.11,8.3,7.18,05:00:00,2024-02-16
HCM02,Cát Lái,58.0,29.4,0.06,15.04,8.47,6.29,05:30:00,2024-02-16
HCM02,Cát Lái,58.0,27.8,0.058,12.55,7.54,6.76,06:00:00,2024-02-16
HCM02,Cát Lái,58.0,27.0,-0.005,12.37,9.66,7.33,06:30:00,2024-02-16
HCM02,Cát Lái,58.0,29.57,0.043,11.94,7.9,6.89,07:00:00,2024-02-16
HCM02,Cát Lái,58.0,30.46,0.061,12.82,7.64,7.45,07:30:00,2024-02-16
HCM02,Cát Lái,58.0,29.57,0.033,8.12,7.08,6.91,08:00:00,2024-02-16
HCM02,Cát Lái,58.0,28.82,0.081,9.33,6.21,7.78,08:30:00,2024-02-16
HCM02,Cát Lái,58.0,27.68,0.048,12.92,8.43,6.56,09:00:00,2024-02-16
HCM02,Cát Lái,58.0,28.71,-0.017,12.43,7.38,6.56,09:30:00,2024-02-16
HCM02,Cát Lái,58.0,29.32,0.032,12.7,7.15,7.1,10:00:00,2024-02-16
HCM02,Cát Lái,58.0,27.59,0.039,11.7,6.1,7.09,10:30:00,2024-02-16
HCM02,Cát Lái,58.0,29.51,-0.013,12.38,8.0,7.25,11:00:00,2024-02-16
HCM02,Cát Lái,58.0,29.51,-0.038,12.33,7.44,6.6,11:30:00,2024-02-16
HCM02,Cát Lái,58.0,29.22,0.01,14.95,8.15,7.32,12:00:00,2024-02-16
HCM02,Cát Lái,58.0,29.11,-0.051,11.55,7.66,7.74,12:30:00,2024-02-16
HCM02,Cát Lái,58.0,28.34,0.045,12.99,6.46,8.12,13:00:00,2024-02-16
HCM02,Cát Lái,58.0,28.42,-0.002,10.33,6.82,6.61,13:30:00,2024-02-16
HCM02,Cát Lái,58.0,29.15,0.017,9.85,5.74,6.76,14:00:00,2024-02-16
HCM02,Cát Lái,58.0,29.13,-0.002,11.28,6.55,7.5,14:30:00,2024-02-16
HCM02,Cát Lái,58.0,29.28,-0.051,7.19,6.15,7.75,15:00:00,2024-02-16
HCM02,Cát Lái,58.0,29.12,-0.047,9.41,5.65,7.63,15:30:00,2024-02-16
HCM02,Cát Lái,58.0,29.77,0.005,7.68,6.03,6.76,16:00:00,2024-02-16
HCM02,Cát Lái,58.0,28.82,-0.057,6.22,5.72,7.72,16:30:00,2024-02-16
HCM02,Cát Lái,58.0,28.35,0.0,10.85,6.74,6.98,17:00:00,2024-02-16
HCM02,Cát Lái,58.0,29.47,-0.028,9.28,6.3,7.26,17:30:00,2024-02-16
HCM02,Cát Lái,58.0,28.96,-0.029,12.49,6.3,6.86,18:00:00,2024-02-16
HCM02,Cát Lái,58.0,29.97,-0.032,11.57,7.44,6.69,18:30:00,2024-02-16
HCM02,Cát Lái,58.0,29.03,-0.031,8.74,6.15,7.66,19:00:00,2024-02-16
HCM02,Cát Lái,58.0,29.79,-0.048,8.24,6.22,7.98,19:30:00,2024-02-16
HCM02,Cát Lái,58.0,29.37,0.003,10.34,6.16,6.11,20:00:00,2024-02-16
HCM02,Cát Lái,58.0,28.67,-0.025,7.81,6.44,7.2,20:30:00,2024-02-16
HCM02,Cát Lái,58.0,28.96,-0.007,9.21,6.2,7.02,21:00:00,2024-02-16
HCM02,Cát Lái,58.0,29.35,-0.026,10.53,6.33,7.53,21:30:00,2024-02-16
HCM02,Cát Lái,58.0,27.76,0.049,9.54,6.06,7.22,22:00:00,2024-02-16
HCM02,Cát Lái,58.0,31.38,0.005,9.87,7.6,6.85,22:30:00,2024-02-16
HCM02,Cát Lái,58.0,30.75,-0.011,12.4,6.32,6.74,23:00:00,2024-02-16
HCM02,Cát Lái,58.0,28.75,-0.055,10.43,6.84,7.58,23:30:00,2024-02-16
HCM04,Long Đại,80.0,29.51,0.025,2.13,1.69,7.2,00:00:00,2024-02-16
HCM04,Long Đại,80.0,30.11,0.025,2.97,1.42,7.32,00:30:00,2024-02-16
HCM04,Long Đại,80.0,29.68,0.039,2.87,2.03,7.46,01:00:00,2024-02-16
HCM04,Long Đại,80.0,29.62,0.016,2.85,1.48,6.82,01:30:00,2024-02-16
HCM04,Long Đại,80.0,29.79,0.1,4.67,2.27,7.34,02:00:00,2024-02-16
HCM04,Long Đại,80.0,28.97,0.043,2.73,2.06,7.69,02:30:00,2024-02-16
HCM04,Long Đại,80.0,29.36,0.088,2.5,1.65,6.92,03:00:00,2024-02-16
HCM04,Long Đại,80.0,29.02,0.046,2.42,1.51,7.63,03:30:00,2024-02-16
HCM04,Long Đại,80.0,29.86,-0.005,3.84,2.17,7.27,04:00:00,2024-02-16
HCM04,Long Đại,80.0,30.61,0.05,3.93,2.07,7.38,04:30:00,2024-02-16
HCM04,Long Đại,80.0,29.69,-0.001,4.12,2.16,7.18,05:00:00,2024-02-16
HCM04,Long Đại,80.0,31.21,0.021,4.4,2.41,8.37,05:30:00,2024-02-16
HCM04,Long Đại,80.0,30.12,0.074,2.59,1.94,7.3,06:00:00,2024-02-16
HCM04,Long Đại,80.0,28.61,0.037,3.37,2.23,7.0,06:30:00,2024-02-16
HCM04,Long Đại,80.0,29.8,0.04,3.42,2.17,6.48,07:00:00,2024-02-16
HCM04,Long Đại,80.0,28.31,0.054,3.17,1.98,7.14,07:30:00,2024-02-16
HCM04,Long Đại,80.0,29.71,0.011,2.94,1.97,7.98,08:00:00,2024-02-16
HCM04,Long Đại,80.0,28.84,0.068,4.08,2.83,7.98,08:30:00,2024-02-16
HCM04,Long Đại,80.0,28.76,-0.019,3.9,2.56,6.6,09:00:00,2024-02-16
HCM04,Long Đại,80.0,29.39,0.03,6.21,2.87,7.93,09:30:00,2024-02-16
HCM04,Long Đại,80.0,30.07,0.049,1.86,1.39,7.75,10:00:00,2024-02-16
HCM04,Long Đại,80.0,29.87,0.054,3.15,2.25,7.15,10:30:00,2024-02-16
HCM04,Long Đại,80.0,28.45,0.004,3.38,1.96,7.09,11:00:00,2024-02-16
HCM04,Long Đại,80.0,27.25,0.014,1.9,1.26,8.45,11:30:00,2024-02-16
HCM04,Long Đại,80.0,31.12,0.017,3.49,2.33,7.66,12:00:00,2024-02-16
HCM04,Long Đại,80.0,29.55,-0.057,3.26,1.88,6.83,12:30:00,2024-02-16
HCM04,Long Đại,80.0,28.87,-0.033,2.59,1.87,7.33,13:00:00,2024-02-16
HCM04,Long Đại,80.0,30.26,-0.073,2.04,1.49,7.57,13:30:00,2024-02-16
HCM04,Long Đại,80.0,27.67,-0.059,2.32,1.76,6.54,14:00:00,2024-02-16
HCM04,Long Đại,80.0,28.91,-0.076,2.34,1.76,7.34,14:30:00,2024-02-16
HCM04,Long Đại,80.0,29.16,0.017,1.76,1.3,8.22,15:00:00,2024-02-16
HCM04,Long Đại,80.0,29.28,-0.11,2.22,1.54,7.12,15:30:00,2024-02-16
HCM04,Long Đại,80.0,28.37,-0.069,2.89,1.71,7.86,16:00:00,2024-02-16
HCM04,Long Đại,80.0,29.1,-0.015,1.81,1.16,8.21,16:30:00,2024-02-16
HCM04,Long Đại,80.0,28.45,-0.059,1.92,1.52,7.33,17:00:00,2024-02-16
HCM04,Long Đại,80.0,29.07,-0.097,2.94,1.66,6.94,17:30:00,2024-02-16
HCM04,Long Đại,80.0,28.69,-0.056,2.57,1.54,8.24,18:00:00,2024-02-16
HCM04,Long Đại,80.0,28.6,-0.047,1.65,1.6,8.23,18:30:00,2024-02-16
HCM04,Long Đại,80.0,29.73,-0.041,2.81,1.58,7.53,19:00:00,2024-02-16
HCM04,Long Đại,80.0,29.44,-0.049,1.75,1.32,7.62,19:30:00,2024-02-16
HCM04,Long Đại,80.0,28.43,-0.087,2.56,1.7,7.19,20:00:00,2024-02-16
HCM04,Long Đại,80.0,28.45,-0.047,3.19,1.74,6.86,20:30:00,2024-02-16
HCM04,Long Đại,80.0,28.71,-0.052,2.69,1.81,7.13,21:00:00,2024-02-16
HCM04,Long Đại,80.0,28.69,-0.012,1.78,1.5,7.41,21:30:00,2024-02-16
HCM04,Long Đại,80.0,28.16,-0.044,2.22,1.49,8.37,22:00:00,2024-02-16
HCM04,Long Đại,80.0,29.69,0.003,2.75,1.39,6.94,22:30:00,2024-02-16
HCM04,Long Đại,80.0,29.32,0.041,1.84,1.53,7.49,23:00:00,2024-02-16
HCM04,Long Đại,80.0,29.53,-0.035,3.78,2.29,7.03,23:30:00,2024-02-16
HCM03,Lý Nhơn,7.0,28.66,0.041,30.84,19.36,6.83,00:00:00,2024-02-16
HCM03,Lý Nhơn,7.0,29.77,0.017,37.64,21.74,5.75,00:30:00,2024-02-16
HCM03,Lý Nhơn,7.0,30.28,0.112,26.21,19.83,6.9,01:00:00,2024-02-16
HCM03,Lý Nhơn,7.0,27.33,0.039,38.66,24.52,6.55,01:30:00,2024-02-16
HCM03,Lý Nhơn,7.0,28.66,0.009,33.67,21.98,7.9,02:00:00,2024-02-16
HCM03,Lý Nhơn,7.0,28.36,-0.002,31.87,23.13,7.15,02:30:00,2024-02-16
HCM03,Lý Nhơn,7.0,29.47,0.056,52.63,28.37,6.72,03:00:00,2024-02-16
HCM03,Lý Nhơn,7.0,28.8,0.042,35.16,20.86,6.8,03:30:00,2024-02-16
HCM03,Lý Nhơn,7.0,28.63,0.098,36.94,23.31,6.27,04:00:00,2024-02-16
HCM03,Lý Nhơn,7.0,29.18,0.043,39.26,20.47,7.31,04:30:00,2024-02-16
HCM03,Lý Nhơn,7.0,28.89,0.062,35.8,25.15,6.55,05:00:00,2024-02-16
HCM03,Lý Nhơn,7.0,28.81,0.027,40.42,25.27,6.3,05:30:00,2024-02-16
HCM03,Lý Nhơn,7.0,30.08,0.123,33.68,23.38,7.79,06:00:00,2024-02-16
HCM03,Lý Nhơn,7.0,29.01,0.091,44.65,25.42,6.34,06:30:00,2024-02-16
HCM03,Lý Nhơn,7.0,29.48,0.053,43.08,27.5,6.23,07:00:00,2024-02-16
HCM03,Lý Nhơn,7.0,29.35,0.025,38.66,20.87,7.92,07:30:00,2024-02-16
HCM03,Lý Nhơn,7.0,29.63,0.031,35.38,21.1,7.19,08:00:00,2024-02-16
HCM03,Lý Nhơn,7.0,29.46,0.026,44.23,24.31,6.58,08:30:00,2024-02-16
HCM03,Lý Nhơn,7.0,30.88,0.008,40.91,21.94,6.83,09:00:00,2024-02-16
HCM03,Lý Nhơn,7.0,29.15,0.014,40.74,25.03,7.0,09:30:00,2024-02-16
HCM03,Lý Nhơn,7.0,28.89,-0.002,32.4,21.08,6.71,10:00:00,2024-02-16
HCM03,Lý Nhơn,7.0,29.97,-0.03,41.46,24.08,6.96,10:30:00,2024-02-16
HCM03,Lý Nhơn,7.0,29.12,0.033,22.85,19.94,6.35,11:00:00,2024-02-16
HCM03,Lý Nhơn,7.0,27.51,0.051,30.1,22.49,6.75,11:30:00,2024-02-16
HCM03,Lý Nhơn,7.0,29.67,0.038,40.24,23.07,6.8,12:00:00,2024-02-16
HCM03,Lý Nhơn,7.0,29.31,0.03,35.84,20.0,7.07,12:30:00,2024-02-16
HCM03,Lý Nhơn,7.0,30.34,-0.056,28.11,18.67,7.16,13:00:00,2024-02-16
HCM03,Lý Nhơn,7.0,29.99,-0.026,44.38,25.15,5.93,13:30:00,2024-02-16
HCM03,Lý Nhơn,7.0,29.03,-0.018,33.0,20.67,6.63,14:00:00,2024-02-16
HCM03,Lý Nhơn,7.0,27.49,-0.022,25.1,20.9,7.08,14:30:00,2024-02-16
HCM03,Lý Nhơn,7.0,28.17,0.043,29.45,20.53,6.71,15:00:00,2024-02-16
HCM03,Lý Nhơn,7.0,29.93,-0.006,31.09,22.09,5.96,15:30:00,2024-02-16
HCM03,Lý Nhơn,7.0,29.83,-0.014,32.29,20.43,6.5,16:00:00,2024-02-16
HCM03,Lý Nhơn,7.0,29.93,-0.048,26.49,18.75,8.04,16:30:00,2024-02-16
HCM03,Lý Nhơn,7.0,28.9,-0.058,21.45,17.27,7.15,17:00:00,2024-02-16
HCM03,Lý Nhơn,7.0,29.09,-0.033,31.1,20.22,6.87,17:30:00,2024-02-16
HCM03,Lý Nhơn,7.0,29.59,-0.067,28.21,17.85,7.33,18:00:00,2024-02-16
HCM03,Lý Nhơn,7.0,29.4,-0.057,25.57,18.75,6.23,18:30:00,2024-02-16
HCM03,Lý Nhơn,7.0,26.99,-0.042,34.43,19.4,7.17,19:00:00,2024-02-16
HCM03,Lý Nhơn,7.0,27.98,-0.042,29.08,17.61,6.53,19:30:00,2024-02-16
HCM03,Lý Nhơn,7.0,28.53,-0.093,38.25,22.66,6.54,20:00:00,2024-02-16
HCM03,Lý Nhơn,7.0,29.3,-0.048,37.59,19.15,6.1,20:30:00,2024-02-16
HCM03,Lý Nhơn,7.0,29.59,-0.037,29.4,18.61,6.93,21:00:00,2024-02-16
HCM03,Lý Nhơn,7.0,28.41,-0.052,25.23,19.03,6.39,21:30:00,2024-02-16
HCM03,Lý Nhơn,7.0,28.81,-0.034,43.31,23.19,6.34,22:00:00,2024-02-16
HCM03,Lý Nhơn,7.0,28.82,-0.013,36.17,18.38,6.62,22:30:00,2024-02-16
HCM03,Lý Nhơn,7.0,28.03,-0.008,35.64,22.65,6.55,23:00:00,2024-02-16
HCM03,Lý Nhơn,7.0,28.68,0.011,42.25,21.64,7.47,23:30:00,2024-02-16
HCM01,Nhà Bè,38.0,29.05,-0.02,17.73,12.81,5.83,00:00:00,2024-02-16
HCM01,Nhà Bè,38.0,29.75,0.014,25.18,13.75,6.62,00:30:00,2024-02-16
HCM01,Nhà Bè,38.0,29.18,0.079,15.54,10.48,6.79,01:00:00,2024-02-16
HCM01,Nhà Bè,38.0,28.89,0.025,19.77,11.23,7.06,01:30:00,2024-02-16
HCM01,Nhà Bè,38.0,27.73,0.014,24.78,14.44,7.35,02:00:00,2024-02-16
HCM01,Nhà Bè,38.0,28.19,0.096,22.88,13.48,7.64,02:30:00,2024-02-16
HCM01,Nhà Bè,38.0,29.1,0.07,17.86,13.7,6.75,03:00:00,2024-02-16
HCM01,Nhà Bè,38.0,28.82,0.098,17.74,12.57,7.27,03:30:00,2024-02-16
HCM01,Nhà Bè,38.0,28.6,0.041,14.84,13.71,6.67,04:00:00,2024-02-16
HCM01,Nhà Bè,38.0,28.69,0.093,17.71,14.13,7.59,04:30:00,2024-02-16
HCM01,Nhà Bè,38.0,27.92,0.014,21.37,17.11,6.51,05:00:00,2024-02-16
HCM01,Nhà Bè,38.0,28.87,-0.001,15.78,12.25,6.58,05:30:00,2024-02-16
HCM01,Nhà Bè,38.0,28.31,0.046,15.51,9.62,6.99,06:00:00,2024-02-16
HCM01,Nhà Bè,38.0,29.4,0.094,24.98,13.8,6.64,06:30:00,2024-02-16
HCM01,Nhà Bè,38.0,29.92,0.018,18.64,11.41,7.31,07:00:00,2024-02-16
HCM01,Nhà Bè,38.0,28.87,0.06,25.7,13.64,7.16,07:30:00,2024-02-16
HCM01,Nhà Bè,38.0,30.46,0.032,26.08,15.54,7.02,08:00:00,2024-02-16
HCM01,Nhà Bè,38.0,28.03,0.008,24.12,15.32,7.74,08:30:00,2024-02-16
HCM01,Nhà Bè,38.0,27.92,0.044,20.44,15.23,7.13,09:00:00,2024-02-16
HCM01,Nhà Bè,38.0,28.13,0.061,22.77,16.24,6.56,09:30:00,2024-02-16
HCM01,Nhà Bè,38.0,28.93,0.005,18.08,12.65,6.81,10:00:00,2024-02-16
HCM01,Nhà Bè,38.0,29.12,0.017,12.81,10.61,7.41,10:30:00,2024-02-16
HCM01,Nhà Bè,38.0,28.47,-0.005,22.63,11.62,7.63,11:00:00,2024-02-16
HCM01,Nhà Bè,38.0,28.76,0.017,19.63,11.04,7.3,11:30:00,2024-02-16
HCM01,Nhà Bè,38.0,29.45,-0.065,22.64,12.85,7.08,12:00:00,2024-02-16
HCM01,Nhà Bè,38.0,28.68,-0.01,18.85,10.63,6.61,12:30:00,2024-02-16
HCM01,Nhà Bè,38.0,28.02,-0.032,19.07,12.01,7.34,13:00:00,2024-02-16
HCM01,Nhà Bè,38.0,29.91,-0.006,17.8,10.34,6.64,13:30:00,2024-02-16
HCM01,Nhà Bè,38.0,28.23,-0.004,25.12,13.15,7.51,14:00:00,2024-02-16
HCM01,Nhà Bè,38.0,28.41,-0.057,16.5,11.62,7.09,14:30:00,2024-02-16
HCM01,Nhà Bè,38.0,27.99,-0.039,19.14,10.27,7.0,15:00:00,2024-02-16
HCM01,Nhà Bè,38.0,29.22,-0.074,22.41,11.93,7.77,15:30:00,2024-02-16
HCM01,Nhà Bè,38.0,28.61,-0.023,18.14,10.34,6.55,16:00:00,2024-02-16
HCM01,Nhà Bè,38.0,29.59,-0.027,14.41,10.01,7.73,16:30:00,2024-02-16
HCM01,Nhà Bè,38.0,29.63,-0.017,14.78,10.35,6.95,17:00:00,2024-02-16
HCM01,Nhà Bè,38.0,29.6,-0.072,18.9,9.34,7.47,17:30:00,2024-02-16
HCM01,Nhà Bè,38.0,29.69,-0.061,13.67,8.44,7.18,18:00:00,2024-02-16
HCM01,Nhà Bè,38.0,29.37,-0.039,13.16,10.83,6.8,18:30:00,2024-02-16
HCM01,Nhà Bè,38.0,30.86,-0.086,15.45,11.17,6.88,19:00:00,2024-02-16
HCM01,Nhà Bè,38.0,28.86,0.005,17.39,10.79,6.92,19:30:00,2024-02-16
HCM01,Nhà Bè,38.0,28.53,-0.035,21.05,12.0,6.6,20:00:00,2024-02-16
HCM01,Nhà Bè,38.0,28.06,-0.029,14.15,10.61,6.65,20:30:00,2024-02-16
HCM01,Nhà Bè,38.0,29.02,-0.026,13.33,11.48,6.73,21:00:00,2024-02-16
HCM01,Nhà Bè,38.0,28.77,0.01,23.75,11.69,6.77,21:30:00,2024-02-16
HCM01,Nhà Bè,38.0,29.02,0.0,17.54,11.12,7.63,22:00:00,2024-02-16
HCM01,Nhà Bè,38.0,28.32,-0.073,16.85,9.54,7.13,22:30:00,2024-02-16
HCM01,Nhà Bè,38.0,29.55,-0.029,23.96,12.43,7.39,23:00:00,2024-02-16
HCM01,Nhà Bè,38.0,28.83,-0.011,20.8,12.67,6.84,23:30:00,2024-02-16
HCM02,Cát Lái,58.0,28.77,-0.005,12.87,8.79,6.49,00:00:00,2024-02-17
HCM02,Cát Lái,58.0,29.35,-0.016,15.62,8.0,6.54,00:30:00,2024-02-17
HCM02,Cát Lái,58.0,28.27,0.038,11.43,7.42,7.78,01:00:00,2024-02-17
HCM02,Cát Lái,58.0,29.53,0.102,17.01,8.51,6.86,01:30:00,2024-02-17
HCM02,Cát Lái,58.0,29.06,0.025,14.24,8.88,7.17,02:00:00,2024-02-17
HCM02,Cát Lái,58.0,28.64,-0.027,13.94,6.79,6.38,02:30:00,2024-02-17
HCM02,Cát Lái,58.0,30.09,0.055,13.12,7.36,7.31,03:00:00,2024-02-17
HCM02,Cát Lái,58.0,29.21,0.041,12.91,9.36,6.54,03:30:00,2024-02-17
HCM02,Cát Lái,58.0,28.57,0.071,11.56,7.61,6.79,04:00:00,2024-02-17
HCM02,Cát Lái,58.0,29.32,0.036,12.95,8.7,7.44,04:30:00,2024-02-17
HCM02,Cát Lái,58.0,30.21,0.06,15.11,8.84,6.62,05:00:00,2024-02-17
HCM02,Cát Lái,58.0,29.12,0.105,14.42,9.03,7.53,05:30:00,2024-02-17
HCM02,Cát Lái,58.0,29.74,0.06,14.21,8.91,7.33,06:00:00,2024-02-17
HCM02,Cát Lái,58.0,29.09,0.068,14.98,8.92,6.71,06:30:00,2024-02-17
HCM02,Cát Lái,58.0,28.48,0.022,16.5,9.43,7.66,07:00:00,2024-02-17
HCM02,Cát Lái,58.0,29.26,0.021,17.37,8.98,8.0,07:30:00,2024-02-17
HCM02,Cát Lái,58.0,27.42,0.049,11.61,7.51,7.1,08:00:00,2024-02-17
HCM02,Cát Lái,58.0,28.9,0.052,13.04,7.96,6.53,08:30:00,2024-02-17
HCM02,Cát Lái,58.0,28.73,0.005,17.53,9.65,7.05,09:00:00,2024-02-17
HCM02,Cát Lái,58.0,29.68,0.023,15.44,9.57,7.4,09:30:00,2024-02-17
HCM02,Cát Lái,58.0,29.03,0.013,11.9,7.21,6.39,10:00:00,2024-02-17
HCM02,Cát Lái,58.0,28.34,0.085,13.54,8.99,7.1,10:30:00,2024-02-17
HCM02,Cát Lái,58.0,31.02,-0.031,12.46,7.47,7.18,11:00:00,2024-02-17
HCM02,Cát Lái,58.0,29.26,-0.014,12.98,7.58,7.53,11:30:00,2024-02-17
HCM02,Cát Lái,58.0,27.84,-0.035,13.13,7.18,7.58,12:00:00,2024-02-17
HCM02,Cát Lái,58.0,27.78,0.029,10.94,7.8,6.94,12:30:00,2024-02-17
HCM02,Cát Lái,58.0,28.43,0.014,12.92,7.84,7.57,13:00:00,2024-02-17
HCM02,Cát Lái,58.0,30.27,-0.01,14.35,8.33,7.72,13:30:00,2024-02-17
HCM02,Cát Lái,58.0,28.39,-0.055,12.54,7.11,7.2,14:00:00,2024-02-17
HCM02,Cát Lái,58.0,29.34,-0.026,11.51,6.56,6.73,14:30:00,2024-02-17
HCM02,Cát Lái,58.0,28.87,-0.027,8.53,6.65,6.71,15:00:00,2024-02-17
HCM02,Cát Lái,58.0,29.15,-0.007,11.11,6.1,6.97,15:30:00,2024-02-17
HCM02,Cát Lái,58.0,29.72,-0.08,11.57,7.64,7.24,16:00:00,2024-02-17
HCM02,Cát Lái,58.0,29.44,-0.04,11.45,6.32,7.58,16:30:00,2024-02-17
HCM02,Cát Lái,58.0,27.88,-0.028,12.58,6.54,7.2,17:00:00,2024-02-17
HCM02,Cát Lái,58.0,29.74,-0.055,9.95,6.2,7.61,17:30:00,2024-02-17
HCM02,Cát Lái,58.0,28.35,-0.043,10.76,7.37,7.02,18:00:00,2024-02-17
HCM02,Cát Lái,58.0,27.85,-0.081,10.45,6.62,6.95,18:30:00,2024-02-17
HCM02,Cát Lái,58.0,29.53,-0.081,10.2,6.45,7.78,19:00:00,2024-02-17
HCM02,Cát Lái,58.0,27.61,-0.085,9.28,6.38,7.49,19:30:00,2024-02-17
HCM02,Cát Lái,58.0,29.43,-0.059,9.43,6.3,6.92,20:00:00,2024-02-17
HCM02,Cát Lái,58.0,29.79,-0.093,11.19,6.28,6.63,20:30:00,2024-02-17
HCM02,Cát Lái,58.0,29.28,0.007,12.05,7.79,5.87,21:00:00,2024-02-17
HCM02,Cát Lái,58.0,28.49,-0.016,11.63,7.23,7.27,21:30:00,2024-02-17
HCM02,Cát Lái,58.0,28.26,-0.059,6.53,5.22,7.36,22:00:00,2024-02-17
HCM02,Cát Lái,58.0,28.18,0.0,12.43,7.67,7.4,22:30:00,2024-02-17
HCM02,Cát Lái,58.0,30.47,-0.041,8.62,7.01,6.88,23:00:00,2024-02-17
HCM02,Cát Lái,58.0,29.38,-0.013,12.11,7.38,6.99,23:30:00,2024-02-17
HCM04,Long Đại,80.0,28.92,-0.001,3.49,1.99,7.37,00:00:00,2024-02-17
HCM04,Long Đại,80.0,28.7,-0.055,2.11,1.75,8.33,00:30:00,2024-02-17
HCM04,Long Đại,80.0,28.96,0.074,2.71,1.8,7.7,01:00:00,2024-02-17
HCM04,Long Đại,80.0,28.27,0.07,2.47,1.44,7.26,01:30:00,2024-02-17
HCM04,Long Đại,80.0,28.37,0.026,2.45,1.37,7.44,02:00:00,2024-02-17
HCM04,Long Đại,80.0,28.87,0.028,2.19,1.67,8.08,02:30:00,2024-02-17
HCM04,Long Đại,80.0,28.41,0.076,3.75,2.15,7.17,03:00:00,2024-02-17
HCM04,Long Đại,80.0,28.81,0.063,1.92,1.45,7.36,03:30:00,2024-02-17
HCM04,Long Đại,80.0,29.46,0.053,2.85,1.51,7.41,04:00:00,2024-02-17
HCM04,Long Đại,80.0,28.03,0.071,3.35,2.39,6.88,04:30:00,2024-02-17
HCM04,Long Đại,80.0,29.32,0.029,2.92,1.61,7.05,05:00:00,2024-02-17
HCM04,Long Đại,80.0,28.0,0.018,1.98,1.52,7.39,05:30:00,2024-02-17
HCM04,Long Đại,80.0,28.1,0.072,3.05,2.18,7.47,06:00:00,2024-02-17
HCM04,Long Đại,80.0,28.0,0.049,2.63,1.77,6.89,06:30:00,2024-02-17
HCM04,Long Đại,80.0,27.86,0.065,2.53,1.62,6.78,07:00:00,2024-02-17
HCM04,Long Đại,80.0,27.09,0.032,3.13,1.85,7.37,07:30:00,2024-02-17
HCM04,Long Đại,80.0,29.59,0.059,3.12,1.71,7.4,08:00:00,2024-02-17
HCM04,Long Đại,80.0,29.91,0.025,3.56,2.22,8.28,08:30:00,2024-02-17
HCM04,Long Đại,80.0,30.2,0.075,3.47,2.23,6.67,09:00:00,2024-02-17
HCM04,Long Đại,80.0,29.29,0.042,2.94,1.7,7.38,09:30:00,2024-02-17
HCM04,Long Đại,80.0,28.7,0.036,3.71,2.21,7.73,10:00:00,2024-02-17
HCM04,Long Đại,80.0,29.59,-0.015,3.13,1.78,8.41,10:30:00,2024-02-17
HCM04,Long Đại,80.0,29.22,-0.007,2.59,1.62,7.48,11:00:00,2024-02-17
HCM04,Long Đại,80.0,29.51,-0.005,2.66,1.36,7.61,11:30:00,2024-02-17
HCM04,Long Đại,80.0,28.19,0.022,3.34,1.73,7.27,12:00:00,2024-02-17
HCM04,Long Đại,80.0,29.65,0.025,1.49,1.2,7.46,12:30:00,2024-02-17
HCM04,Long Đại,80.0,30.07,-0.023,1.99,1.22,7.65,13:00:00,2024-02-17
HCM04,Long Đại,80.0,28.61,-0.039,2.61,1.59,6.77,13:30:00,2024-02-17
HCM04,Long Đại,80.0,29.52,-0.018,2.55,1.65,6.98,14:00:00,2024-02-17
HCM04,Long Đại,80.0,28.82,-0.005,2.1,1.39,7.31,14:30:00,2024-02-17
HCM04,Long Đại,80.0,27.2,-0.055,3.34,1.85,6.68,15:00:00,2024-02-17
HCM04,Long Đại,80.0,28.7,-0.056,1.71,1.08,8.08,15:30:00,2024-02-17
HCM04,Long Đại,80.0,30.37,-0.058,3.05,1.7,7.28,16:00:00,2024-02-17
HCM04,Long Đại,80.0,27.46,-0.038,2.95,1.85,7.44,16:30:00,2024-02-17
HCM04,Long Đại,80.0,29.41,-0.098,1.77,1.4,7.72,17:00:00,2024-02-17
HCM04,Long Đại,80.0,29.21,0.007,2.17,1.4,7.32,17:30:00,2024-02-17
HCM04,Long Đại,80.0,28.56,-0.077,1.95,1.28,6.95,18:00:00,2024-02-17
HCM04,Long Đại,80.0,30.1,-0.057,2.4,1.37,6.83,18:30:00,2024-02-17
HCM04,Long Đại,80.0,31.32,-0.052,2.56,1.57,8.2,19:00:00,2024-02-17
HCM04,Long Đại,80.0,29.21,-0.048,1.99,1.22,7.54,19:30:00,2024-02-17
HCM04,Long Đại,80.0,28.62,0.013,1.79,1.09,8.12,20:00:00,2024-02-17
HCM04,Long Đại,80.0,28.23,-0.034,1.68,1.14,6.8,20:30:00,2024-02-17
HCM04,Long Đại,80.0,29.04,0.006,3.98,2.05,6.85,21:00:00,2024-02-17
HCM04,Long Đại,80.0,29.18,-0.004,2.09,1.34,7.56,21:30:00,2024-02-17
HCM04,Long Đại,80.0,29.32,-0.056,2.72,2.35,8.17,22:00:00,2024-02-17
HCM04,Long Đại,80.0,30.29,-0.048,2.48,1.44,7.76,22:30:00,2024-02-17
HCM04,Long Đại,80.0,29.49,-0.026,2.42,1.52,7.74,23:00:00,2024-02-17
HCM04,Long Đại,80.0,29.06,-0.023,2.75,1.67,8.77,23:30:00,2024-02-17
HCM03,Lý Nhơn,7.0,28.43,-0.027,30.49,20.87,6.93,00:00:00,2024-02-17
HCM03,Lý Nhơn,7.0,28.47,0.036,27.66,21.17,6.86,00:30:00,2024-02-17
HCM03,Lý Nhơn,7.0,27.7,0.011,30.3,21.8,6.45,01:00:00,2024-02-17
HCM03,Lý Nhơn,7.0,28.67,0.108,29.57,18.9,7.41,01:30:00,2024-02-17
HCM03,Lý Nhơn,7.0,29.16,-0.0,47.9,27.38,5.61,02:00:00,2024-02-17
HCM03,Lý Nhơn,7.0,28.52,0.042,49.26,26.72,6.15,02:30:00,2024-02-17
HCM03,Lý Nhơn,7.0,29.8,0.031,41.95,23.42,6.11,03:00:00,2024-02-17
HCM03,Lý Nhơn,7.0,27.83,-0.004,32.77,22.78,7.09,03:30:00,2024-02-17
HCM03,Lý Nhơn,7.0,29.14,0.072,26.53,27.34,6.37,04:00:00,2024-02-17
HCM03,Lý Nhơn,7.0,30.25,0.03,54.25,28.33,6.36,04:30:00,2024-02-17
HCM03,Lý Nhơn,7.0,29.74,0.029,46.98,26.64,5.94,05:00:00,2024-02-17
HCM03,Lý Nhơn,7.0,28.98,0.055,43.2,26.37,6.73,05:30:00,2024-02-17
HCM03,Lý Nhơn,7.0,30.67,0.01,44.64,24.57,6.44,06:00:00,2024-02-17
HCM03,Lý Nhơn,7.0,29.63,0.055,42.8,27.5,7.46,06:30:00,2024-02-17
HCM03,Lý Nhơn,7.0,27.55,0.07,46.9,25.56,7.33,07:00:00,2024-02-17
HCM03,Lý Nhơn,7.0,28.55,0.064,39.46,25.63,7.19,07:30:00,2024-02-17
HCM03,Lý Nhơn,7.0,28.46,0.067,41.9,23.57,7.18,08:00:00,2024-02-17
HCM03,Lý Nhơn,7.0,30.76,0.052,53.17,28.03,5.26,08:30:00,2024-02-17
HCM03,Lý Nhơn,7.0,27.67,0.034,38.76,22.18,7.2,09:00:00,2024-02-17
HCM03,Lý Nhơn,7.0,30.6,0.093,34.4,23.28,7.89,09:30:00,2024-02-17
HCM03,Lý Nhơn,7.0,27.11,0.014,50.47,25.62,7.33,10:00:00,2024-02-17
HCM03,Lý Nhơn,7.0,31.01,0.022,40.61,22.83,6.99,10:30:00,2024-02-17
HCM03,Lý Nhơn,7.0,27.68,0.021,28.95,19.99,6.68,11:00:00,2024-02-17
HCM03,Lý Nhơn,7.0,28.8,0.009,54.72,26.9,6.0,11:30:00,2024-02-17
HCM03,Lý Nhơn,7.0,28.39,0.003,34.86,22.69,5.78,12:00:00,2024-02-17
HCM03,Lý Nhơn,7.0,30.27,-0.003,28.48,25.2,6.6,12:30:00,2024-02-17
HCM03,Lý Nhơn,7.0,27.71,-0.039,28.31,19.3,7.25,13:00:00,2024-02-17
HCM03,Lý Nhơn,7.0,28.12,-0.056,21.31,19.57,7.03,13:30:00,2024-02-17
HCM03,Lý Nhơn,7.0,29.19,-0.028,42.67,21.78,6.4,14:00:00,2024-02-17
HCM03,Lý Nhơn,7.0,29.51,0.04,22.26,17.42,6.19,14:30:00,2024-02-17
HCM03,Lý Nhơn,7.0,27.98,-0.039,36.81,19.65,6.73,15:00:00,2024-02-17
HCM03,Lý Nhơn,7.0,27.85,-0.065,21.53,16.97,7.73,15:30:00,2024-02-17
HCM03,Lý Nhơn,7.0,28.64,-0.021,32.32,17.78,7.2,16:00:00,2024-02-17
HCM03,Lý Nhơn,7.0,27.99,-0.095,31.42,18.27,7.02,16:30:00,2024-02-17
HCM03,Lý Nhơn,7.0,28.07,-0.009,35.75,21.7,6.65,17:00:00,2024-02-17
HCM03,Lý Nhơn,7.0,29.02,-0.065,25.88,17.5,6.13,17:30:00,2024-02-17
HCM03,Lý Nhơn,7.0,29.32,-0.091,24.16,17.22,6.63,18:00:00,2024-02-17
HCM03,Lý Nhơn,7.0,30.22,-0.068,18.43,17.03,7.34,18:30:00,2024-02-17
HCM03,Lý Nhơn,7.0,28.79,-0.067,23.65,19.26,6.63,19:00:00,2024-02-17
HCM03,Lý Nhơn,7.0,30.33,-0.042,36.48,25.65,6.55,19:30:00,2024-02-17
HCM03,Lý Nhơn,7.0,30.69,-0.048,27.93,16.27,6.88,20:00:00,2024-02-17
HCM03,Lý Nhơn,7.0,28.67,-0.002,31.82,20.77,7.39,20:30:00,2024-02-17
HCM03,Lý Nhơn,7.0,28.19,-0.035,38.93,23.88,6.41,21:00:00,2024-02-17
HCM03,Lý Nhơn,7.0,30.68,-0.046,29.94,18.47,6.81,21:30:00,2024-02-17
HCM03,Lý Nhơn,7.0,28.74,-0.02,37.47,17.0,6.37,22:00:00,2024-02-17
HCM03,Lý Nhơn,7.0,28.58,-0.052,32.95,22.54,6.14,22:30:00,2024-02-17
HCM03,Lý Nhơn,7.0,28.7,0.01,29.08,20.09,5.94,23:00:00,2024-02-17
HCM03,Lý Nhơn,7.0,29.63,0.028,34.23,21.42,7.45,23:30:00,2024-02-17
HCM01,Nhà Bè,38.0,30.34,-0.001,18.34,12.98,7.51,00:00:00,2024-02-17
HCM01,Nhà Bè,38.0,27.56,-0.002,23.26,14.77,7.51,00:30:00,2024-02-17
HCM01,Nhà Bè,38.0,30.12,0.036,18.34,12.52,6.51,01:00:00,2024-02-17
HCM01,Nhà Bè,38.0,28.65,0.043,20.36,13.02,7.34,01:30:00,2024-02-17
HCM01,Nhà Bè,38.0,29.24,0.013,24.59,14.5,6.88,02:00:00,2024-02-17
HCM01,Nhà Bè,38.0,28.66,0.058,22.98,13.9,6.47,02:30:00,2024-02-17
HCM01,Nhà Bè,38.0,29.35,0.06,23.76,14.32,7.31,03:00:00,2024-02-17
HCM01,Nhà Bè,38.0,28.93,0.011,22.94,14.52,5.81,03:30:00,2024-02-17
HCM01,Nhà Bè,38.0,29.33,-0.003,22.89,15.24,6.8,04:00:00,2024-02-17
HCM01,Nhà Bè,38.0,29.72,0.046,27.44,14.68,7.39,04:30:00,2024-02-17
HCM01,Nhà Bè,38.0,30.04,0.102,32.54,17.61,6.45,05:00:00,2024-02-17
HCM01,Nhà Bè,38.0,29.86,0.031,33.78,16.42,7.21,05:30:00,2024-02-17
HCM01,Nhà Bè,38.0,29.08,-0.006,24.32,14.57,7.55,06:00:00,2024-02-17
HCM01,Nhà Bè,38.0,26.81,0.056,23.69,14.56,8.21,06:30:00,2024-02-17
HCM01,Nhà Bè,38.0,28.76,-0.003,23.64,14.9,6.87,07:00:00,2024-02-17
HCM01,Nhà Bè,38.0,29.21,0.086,20.67,14.27,7.3,07:30:00,2024-02-17
HCM01,Nhà Bè,38.0,28.88,0.046,22.18,14.03,6.45,08:00:00,2024-02-17
HCM01,Nhà Bè,38.0,29.31,0.093,22.58,13.61,6.58,08:30:00,2024-02-17
HCM01,Nhà Bè,38.0,29.34,0.071,19.62,13.35,7.63,09:00:00,2024-02-17
HCM01,Nhà Bè,38.0,29.38,0.084,24.67,14.25,6.94,09:30:00,2024-02-17
HCM01,Nhà Bè,38.0,30.37,0.043,18.49,14.15,6.84,10:00:00,2024-02-17
HCM01,Nhà Bè,38.0,29.16,0.011,14.12,12.82,7.64,10:30:00,2024-02-17
HCM01,Nhà Bè,38.0,29.47,0.035,19.77,13.02,7.92,11:00:00,2024-02-17
HCM01,Nhà Bè,38.0,28.4,-0.063,21.09,13.84,6.89,11:30:00,2024-02-17
HCM01,Nhà Bè,38.0,28.72,0.026,23.14,15.4,7.64,12:00:00,2024-02-17
HCM01,Nhà Bè,38.0,30.1,-0.01,15.68,11.87,7.06,12:30:00,2024-02-17
HCM01,Nhà Bè,38.0,28.93,-0.019,17.98,12.51,7.03,13:00:00,2024-02-17
HCM01,Nhà Bè,38.0,29.26,0.001,17.05,10.1,6.6,13:30:00,2024-02-17
HCM01,Nhà Bè,38.0,29.72,-0.052,14.9,9.94,7.19,14:00:00,2024-02-17
HCM01,Nhà Bè,38.0,29.62,-0.033,14.32,10.39,6.81,14:30:00,2024-02-17
HCM01,Nhà Bè,38.0,28.32,-0.039,17.86,12.75,6.57,15:00:00,2024-02-17
HCM01,Nhà Bè,38.0,30.22,0.005,15.23,12.74,6.88,15:30:00,2024-02-17
HCM01,Nhà Bè,38.0,29.53,-0.025,20.22,12.42,6.64,16:00:00,2024-02-17
HCM01,Nhà Bè,38.0,28.83,-0.053,18.58,13.2,7.66,16:30:00,2024-02-17
HCM01,Nhà Bè,38.0,29.6,-0.061,22.45,11.6,7.32,17:00:00,2024-02-17
HCM01,Nhà Bè,38.0,29.33,-0.101,26.77,11.82,6.81,17:30:00,2024-02-17
HCM01,Nhà Bè,38.0,29.53,-0.114,25.48,12.31,7.54,18:00:00,2024-02-17
HCM01,Nhà Bè,38.0,29.45,-0.031,18.55,13.07,7.28,18:30:00,2024-02-17
HCM01,Nhà Bè,38.0,28.76,-0.117,21.33,10.17,6.84,19:00:00,2024-02-17
HCM01,Nhà Bè,38.0,28.45,0.023,11.93,8.55,7.4,19:30:00,2024-02-17
HCM01,Nhà Bè,38.0,28.82,-0.071,12.78,10.68,7.05,20:00:00,2024-02-17
HCM01,Nhà Bè,38.0,29.56,-0.033,14.98,10.52,6.16,20:30:00,2024-02-17
HCM01,Nhà Bè,38.0,28.84,0.002,17.01,11.2,8.24,21:00:00,2024-02-17
HCM01,Nhà Bè,38.0,29.34,-0.054,16.95,11.51,7.26,21:30:00,2024-02-17
HCM01,Nhà Bè,38.0,29.55,-0.044,17.66,14.06,7.61,22:00:00,2024-02-17
HCM01,Nhà Bè,38.0,28.19,0.019,16.85,10.66,7.35,22:30:00,2024-02-17
HCM01,Nhà Bè,38.0,29.65,0.022,16.81,10.56,6.48,23:00:00,2024-02-17
HCM01,Nhà Bè,38.0,29.96,0.062,16.22,11.74,7.29,23:30:00,2024-02-17
HCM02,Cát Lái,58.0,30.76,-0.018,12.03,7.77,6.95,00:00:00,2024-02-18
HCM02,Cát Lái,58.0,30.21,-0.075,10.18,8.24,6.15,00:30:00,2024-02-18
HCM02,Cát Lái,58.0,27.42,0.054,9.07,6.39,7.14,01:00:00,2024-02-18
HCM02,Cát Lái,58.0,27.41,0.016,15.59,6.87,6.47,01:30:00,2024-02-18
HCM02,Cát Lái,58.0,28.99,-0.01,13.3,8.68,6.8,02:00:00,2024-02-18
HCM02,Cát Lái,58.0,29.63,0.053,11.7,8.03,7.48,02:30:00,2024-02-18
HCM02,Cát Lái,58.0,28.82,0.054,15.94,9.27,7.05,03:00:00,2024-02-18
HCM02,Cát Lái,58.0,27.19,0.063,18.33,9.35,7.06,03:30:00,2024-02-18
HCM02,Cát Lái,58.0,29.02,0.075,9.42,7.06,6.08,04:00:00,2024-02-18
HCM02,Cát Lái,58.0,28.8,0.06,13.11,7.39,7.23,04:30:00,2024-02-18
HCM02,Cát Lái,58.0,28.63,-0.006,10.32,8.06,7.17,05:00:00,2024-02-18
HCM02,Cát Lái,58.0,28.82,0.065,12.56,8.29,7.16,05:30:00,2024-02-18
HCM02,Cát Lái,58.0,29.08,0.026,11.94,8.44,7.17,06:00:00,2024-02-18
HCM02,Cát Lái,58.0,27.95,0.076,16.43,8.62,8.02,06:30:00,2024-02-18
HCM02,Cát Lái,58.0,28.27,0.025,12.16,8.87,7.61,07:00:00,2024-02-18
HCM02,Cát Lái,58.0,27.41,-0.006,10.98,7.5,7.33,07:30:00,2024-02-18
HCM02,Cát Lái,58.0,29.56,-0.002,14.28,8.59,6.51,08:00:00,2024-02-18
HCM02,Cát Lái,58.0,28.85,0.046,14.98,9.36,6.39,08:30:00,2024-02-18
HCM02,Cát Lái,58.0,29.35,0.065,12.72,8.89,7.69,09:00:00,2024-02-18
HCM02,Cát Lái,58.0,29.08,0.079,15.06,9.16,6.72,09:30:00,2024-02-18
HCM02,Cát Lái,58.0,28.8,0.075,12.91,8.25,7.3,10:00:00,2024-02-18
HCM02,Cát Lái,58.0,28.57,-0.013,17.62,8.22,7.58,10:30:00,2024-02-18
HCM02,Cát Lái,58.0,28.87,0.026,14.14,9.13,6.4,11:00:00,2024-02-18
HCM02,Cát Lái,58.0,28.26,0.013,13.18,8.11,6.5,11:30:00,2024-02-18
HCM02,Cát Lái,58.0,29.92,0.012,12.86,7.78,7.07,12:00:00,2024-02-18
HCM02,Cát Lái,58.0,28.3,0.015,10.44,6.65,7.89,12:30:00,2024-02-18
HCM02,Cát Lái,58.0,30.2,0.044,13.97,6.75,7.65,13:00:00,2024-02-18
HCM02,Cát Lái,58.0,27.77,-0.057,10.38,6.45,7.57,13:30:00,2024-02-18
HCM02,Cát Lái,58.0,29.52,-0.015,10.17,6.98,7.03,14:00:00,2024-02-18
HCM02,Cát Lái,58.0,28.57,-0.006,11.58,7.04,6.64,14:30:00,2024-02-18
HCM02,Cát Lái,58.0,29.62,0.026,9.8,7.7,7.76,15:00:00,2024-02-18
HCM02,Cát Lái,58.0,28.27,-0.044,10.39,7.4,7.55,15:30:00,2024-02-18
HCM02,Cát Lái,58.0,30.29,-0.031,8.72,5.71,7.22,16:00:00,2024-02-18
HCM02,Cát Lái,58.0,27.6,-0.003,8.06,6.31,6.58,16:30:00,2024-02-18
HCM02,Cát Lái,58.0,28.54,-0.057,9.99,7.11,8.14,17:00:00,2024-02-18
HCM02,Cát Lái,58.0,27.74,-0.056,12.6,7.85,7.05,17:30:00,2024-02-18
HCM02,Cát Lái,58.0,29.91,-0.052,6.39,6.25,7.05,18:00:00,2024-02-18
HCM02,Cát Lái,58.0,29.99,-0.096,8.69,6.5,7.85,18:30:00,2024-02-18
HCM02,Cát Lái,58.0,29.65,-0.058,11.25,6.17,5.82,19:00:00,2024-02-18
HCM02,Cát Lái,58.0,29.88,-0.076,12.28,6.46,6.68,19:30:00,2024-02-18
HCM02,Cát Lái,58.0,27.99,-0.027,13.06,7.09,7.66,20:00:00,2024-02-18
HCM02,Cát Lái,58.0,29.49,-0.063,9.35,7.19,6.9,20:30:00,2024-02-18
HCM02,Cát Lái,58.0,28.96,-0.02,10.99,6.9,7.74,21:00:00,2024-02-18
HCM02,Cát Lái,58.0,30.1,-0.055,11.32,7.54,7.09,21:30:00,2024-02-18
HCM02,Cát Lái,58.0,28.31,0.053,10.5,6.19,8.02,22:00:00,2024-02-18
HCM02,Cát Lái,58.0,28.98,-0.036,9.52,6.83,6.81,22:30:00,2024-02-18
HCM02,Cát Lái,58.0,28.22,-0.032,11.96,6.95,7.0,23:00:00,2024-02-18
HCM02,Cát Lái,58.0,28.56,0.042,13.89,7.65,6.6,23:30:00,2024-02-18
HCM04,Long Đại,80.0,29.51,-0.034,3.06,1.77,7.63,00:00:00,2024-02-18
HCM04,Long Đại,80.0,29.4,0.001,2.69,2.44,8.45,00:30:00,2024-02-18
HCM04,Long Đại,80.0,29.02,0.059,2.66,1.86,7.29,01:00:00,2024-02-18
HCM04,Long Đại,80.0,29.08,-0.015,4.0,2.2,7.23,01:30:00,2024-02-18
HCM04,Long Đại,80.0,27.15,0.022,2.42,1.89,7.97,02:00:00,2024-02-18
HCM04,Long Đại,80.0,28.46,0.079,4.01,2.31,7.31,02:30:00,2024-02-18
HCM04,Long Đại,80.0,28.83,0.058,3.24,1.94,7.32,03:00:00,2024-02-18
HCM04,Long Đại,80.0,28.4,-0.001,2.21,1.77,7.48,03:30:00,2024-02-18
HCM04,Long Đại,80.0,29.78,0.037,3.05,2.19,7.0,04:00:00,2024-02-18
HCM04,Long Đại,80.0,29.09,0.024,1.93,1.22,7.33,04:30:00,2024-02-18
HCM04,Long Đại,80.0,29.03,0.061,2.65,1.68,8.23,05:00:00,2024-02-18
HCM04,Long Đại,80.0,29.21,0.061,2.03,1.75,7.18,05:30:00,2024-02-18
HCM04,Long Đại,80.0,29.17,0.04,2.88,2.05,6.8,06:00:00,2024-02-18
HCM04,Long Đại,80.0,28.52,0.045,3.62,2.23,7.41,06:30:00,2024-02-18
HCM04,Long Đại,80.0,28.63,0.031,3.46,2.6,7.16,07:00:00,2024-02-18
HCM04,Long Đại,80.0,28.86,0.061,2.4,1.55,7.22,07:30:00,2024-02-18
HCM04,Long Đại,80.0,29.03,0.082,4.16,2.61,7.56,08:00:00,2024-02-18
HCM04,Long Đại,80.0,29.8,0.12,3.02,2.42,8.3,08:30:00,2024-02-18
HCM04,Long Đại,80.0,28.17,0.009,4.43,2.41,7.96,09:00:00,2024-02-18
HCM04,Long Đại,80.0,29.13,0.017,3.3,2.32,7.58,09:30:00,2024-02-18
HCM04,Long Đại,80.0,28.28,0.053,2.72,2.1,7.24,10:00:00,2024-02-18
HCM04,Long Đại,80.0,28.57,0.04,2.17,1.44,7.51,10:30:00,2024-02-18
HCM04,Long Đại,80.0,28.49,-0.006,3.36,2.02,7.36,11:00:00,2024-02-18
HCM04,Long Đại,80.0,28.91,0.02,4.2,1.92,7.16,11:30:00,2024-02-18
HCM04,Long Đại,80.0,29.01,-0.014,3.36,1.95,6.96,12:00:00,2024-02-18
HCM04,Long Đại,80.0,28.01,0.003,3.19,1.74,7.58,12:30:00,2024-02-18
HCM04,Long Đại,80.0,27.4,-0.039,2.81,1.84,6.85,13:00:00,2024-02-18
HCM04,Long Đại,80.0,29.03,-0.043,2.73,1.97,7.6,13:30:00,2024-02-18
HCM04,Long Đại,80.0,29.97,-0.028,3.75,1.97,7.48,14:00:00,2024-02-18
HCM04,Long Đại,80.0,28.69,0.01,2.74,1.76,7.96,14:30:00,2024-02-18
HCM04,Long Đại,80.0,29.52,-0.088,2.18,1.88,7.44,15:00:00,2024-02-18
HCM04,Long Đại,80.0,29.93,-0.044,3.42,2.1,7.14,15:30:00,2024-02-18
HCM04,Long Đại,80.0,28.92,-0.013,2.09,1.42,6.02,16:00:00,2024-02-18
HCM04,Long Đại,80.0,29.54,-0.047,2.19,1.58,8.58,16:30:00,2024-02-18
HCM04,Long Đại,80.0,29.69,-0.065,2.99,1.68,7.74,17:00:00,2024-02-18
HCM04,Long Đại,80.0,27.83,-0.028,2.86,1.9,6.9,17:30:00,2024-02-18
HCM04,Long Đại,80.0,28.61,-0.048,2.54,1.66,7.34,18:00:00,2024-02-18
HCM04,Long Đại,80.0,28.26,-0.003,1.47,0.92,7.23,18:30:00,2024-02-18
HCM04,Long Đại,80.0,28.38,-0.035,2.1,1.46,7.33,19:00:00,2024-02-18
HCM04,Long Đại,80.0,27.63,-0.017,2.4,1.51,6.94,19:30:00,2024-02-18
HCM04,Long Đại,80.0,27.65,-0.043,3.67,1.87,7.91,20:00:00,2024-02-18
HCM04,Long Đại,80.0,29.09,-0.054,3.19,1.89,7.64,20:30:00,2024-02-18
HCM04,Long Đại,80.0,28.52,-0.05,3.56,2.03,7.17,21:00:00,2024-02-18
HCM04,Long Đại,80.0,28.53,-0.038,3.32,1.84,8.14,21:30:00,2024-02-18
HCM04,Long Đại,80.0,29.43,-0.032,2.22,1.57,8.46,22:00:00,2024-02-18
HCM04,Long Đại,80.0,28.4,-0.034,1.93,1.86,6.95,22:30:00,2024-02-18
HCM04,Long Đại,80.0,29.57,-0.069,1.97,1.47,7.38,23:00:00,2024-02-18
HCM04,Long Đại,80.0,28.76,-0.033,3.65,2.02,7.28,23:30:00,2024-02-18
HCM03,Lý Nhơn,7.0,29.43,0.014,33.14,22.76,5.14,00:00:00,2024-02-18
HCM03,Lý Nhơn,7.0,29.26,0.002,48.28,25.81,6.01,00:30:00,2024-02-18
HCM03,Lý Nhơn,7.0,29.09,0.032,41.16,24.28,5.86,01:00:00,2024-02-18
HCM03,Lý Nhơn,7.0,28.56,0.057,32.6,24.33,6.66,01:30:00,2024-02-18
HCM03,Lý Nhơn,7.0,29.94,0.058,30.42,23.86,6.5,02:00:00,2024-02-18
HCM03,Lý Nhơn,7.0,30.61,0.045,28.01,21.07,6.69,02:30:00,2024-02-18
HCM03,Lý Nhơn,7.0,28.31,0.023,45.07,20.42,6.8,03:00:00,2024-02-18
HCM03,Lý Nhơn,7.0,29.13,0.061,38.6,26.64,6.61,03:30:00,2024-02-18
HCM03,Lý Nhơn,7.0,28.54,0.004,31.28,24.06,7.19,04:00:00,2024-02-18
HCM03,Lý Nhơn,7.0,28.93,0.028,49.58,24.6,6.66,04:30:00,2024-02-18
HCM03,Lý Nhơn,7.0,28.4,0.079,47.1,23.49,6.54,05:00:00,2024-02-18
HCM03,Lý Nhơn,7.0,28.44,0.01,44.7,24.28,7.1,05:30:00,2024-02-18
HCM03,Lý Nhơn,7.0,28.79,0.049,46.89,28.0,6.38,06:00:00,2024-02-18
HCM03,Lý Nhơn,7.0,29.17,0.05,29.37,22.08,6.06,06:30:00,2024-02-18
HCM03,Lý Nhơn,7.0,28.56,0.031,35.4,26.14,5.95,07:00:00,2024-02-18
HCM03,Lý Nhơn,7.0,30.72,0.068,43.3,23.41,6.4,07:30:00,2024-02-18
HCM03,Lý Nhơn,7.0,27.6,0.057,45.39,25.35,6.4,08:00:00,2024-02-18
HCM03,Lý Nhơn,7.0,29.03,0.031,31.43,26.06,6.78,08:30:00,2024-02-18
HCM03,Lý Nhơn,7.0,28.56,0.064,35.72,24.81,6.8,09:00:00,2024-02-18
HCM03,Lý Nhơn,7.0,29.12,0.021,37.25,23.11,5.94,09:30:00,2024-02-18
HCM03,Lý Nhơn,7.0,29.24,0.082,37.95,21.12,6.71,10:00:00,2024-02-18
HCM03,Lý Nhơn,7.0,28.24,0.025,41.59,23.71,6.83,10:30:00,2024-02-18
HCM03,Lý Nhơn,7.0,28.56,0.017,39.6,22.76,6.11,11:00:00,2024-02-18
HCM03,Lý Nhơn,7.0,28.9,-0.076,21.55,17.76,6.98,11:30:00,2024-02-18
HCM03,Lý Nhơn,7.0,27.74,-0.039,32.7,23.06,5.97,12:00:00,2024-02-18
HCM03,Lý Nhơn,7.0,29.85,-0.004,43.18,26.55,6.94,12:30:00,2024-02-18
HCM03,Lý Nhơn,7.0,29.03,-0.012,33.25,23.45,6.23,13:00:00,2024-02-18
HCM03,Lý Nhơn,7.0,28.39,-0.056,32.69,20.74,7.61,13:30:00,2024-02-18
HCM03,Lý Nhơn,7.0,28.44,-0.025,35.31,23.16,6.58,14:00:00,2024-02-18
HCM03,Lý Nhơn,7.0,29.03,-0.055,29.22,18.4,6.72,14:30:00,2024-02-18
HCM03,Lý Nhơn,7.0,28.89,-0.082,26.43,18.48,6.6,15:00:00,2024-02-18
HCM03,Lý Nhơn,7.0,28.97,-0.024,37.59,19.05,7.19,15:30:00,2024-02-18
HCM03,Lý Nhơn,7.0,30.3,-0.064,29.4,20.05,7.11,16:00:00,2024-02-18
HCM03,Lý Nhơn,7.0,28.28,-0.034,33.74,19.41,7.05,16:30:00,2024-02-18
HCM03,Lý Nhơn,7.0,28.82,0.003,24.92,20.43,6.19,17:00:00,2024-02-18
HCM03,Lý Nhơn,7.0,28.96,-0.093,28.73,19.29,6.51,17:30:00,2024-02-18
HCM03,Lý Nhơn,7.0,27.92,-0.06,20.34,16.1,6.18,18:00:00,2024-02-18
HCM03,Lý Nhơn,7.0,29.03,-0.017,32.39,20.08,6.3,18:30:00,2024-02-18
HCM03,Lý Nhơn,7.0,28.67,-0.078,26.58,19.31,6.56,19:00:00,2024-02-18
HCM03,Lý Nhơn,7.0,28.66,-0.041,27.79,19.68,6.33,19:30:00,2024-02-18
HCM03,Lý Nhơn,7.0,28.68,-0.062,28.02,18.58,6.69,20:00:00,2024-02-18
HCM03,Lý Nhơn,7.0,27.12,-0.028,41.03,19.3,5.88,20:30:00,2024-02-18
HCM03,Lý Nhơn,7.0,28.55,0.023,27.16,19.89,6.57,21:00:00,2024-02-18
HCM03,Lý Nhơn,7.0,28.04,-0.021,18.89,14.39,7.51,21:30:00,2024-02-18
HCM03,Lý Nhơn,7.0,28.59,0.007,41.49,21.99,6.82,22:00:00,2024-02-18
HCM03,Lý Nhơn,7.0,29.51,-0.04,44.94,21.02,7.0,22:30:00,2024-02-18
HCM03,Lý Nhơn,7.0,28.77,-0.027,27.74,20.72,7.32,23:00:00,2024-02-18
HCM03,Lý Nhơn,7.0,28.2,-0.0,29.13,20.36,6.37,23:30:00,2024-02-18
HCM01,Nhà Bè,38.0,28.63,0.022,21.44,12.63,6.28,00:00:00,2024-02-18
HCM01,Nhà Bè,38.0,28.64,0.023,18.45,13.47,7.68,00:30:00,2024-02-18
HCM01,Nhà Bè,38.0,27.5,-0.052,19.41,12.59,7.11,01:00:00,2024-02-18
HCM01,Nhà Bè,38.0,29.9,0.039,14.18,11.92,6.28,01:30:00,2024-02-18
HCM01,Nhà Bè,38.0,28.7,0.014,23.27,13.06,6.95,02:00:00,2024-02-18
HCM01,Nhà Bè,38.0,28.7,-0.059,21.17,13.01,7.85,02:30:00,2024-02-18
HCM01,Nhà Bè,38.0,28.84,0.048,21.05,14.79,7.19,03:00:00,2024-02-18
HCM01,Nhà Bè,38.0,29.83,0.022,33.13,16.64,7.24,03:30:00,2024-02-18
HCM01,Nhà Bè,38.0,29.68,-0.023,23.68,15.51,6.58,04:00:00,2024-02-18
HCM01,Nhà Bè,38.0,28.28,0.073,23.13,14.27,5.76,04:30:00,2024-02-18
HCM01,Nhà Bè,38.0,29.0,0.085,24.36,15.72,7.08,05:00:00,2024-02-18
HCM01,Nhà Bè,38.0,28.36,0.027,24.76,13.58,6.83,05:30:00,2024-02-18
HCM01,Nhà Bè,38.0,28.36,0.049,20.29,16.15,6.98,06:00:00,2024-02-18
HCM01,Nhà Bè,38.0,28.48,0.062,24.48,17.79,6.38,06:30:00,2024-02-18
HCM01,Nhà Bè,38.0,28.52,0.016,24.94,14.55,6.66,07:00:00,2024-02-18
HCM01,Nhà Bè,38.0,30.44,0.078,17.67,14.26,7.89,07:30:00,2024-02-18
HCM01,Nhà Bè,38.0,28.31,0.106,32.45,17.36,6.31,08:00:00,2024-02-18
HCM01,Nhà Bè,38.0,27.75,0.063,29.83,15.7,6.85,08:30:00,2024-02-18
HCM01,Nhà Bè,38.0,29.76,0.008,23.61,14.66,6.83,09:00:00,2024-02-18
HCM01,Nhà Bè,38.0,29.91,0.053,20.25,14.08,6.31,09:30:00,2024-02-18
HCM01,Nhà Bè,38.0,29.85,0.045,28.8,15.58,7.42,10:00:00,2024-02-18
HCM01,Nhà Bè,38.0,28.81,0.016,23.46,13.73,6.51,10:30:00,2024-02-18
HCM01,Nhà Bè,38.0,28.86,-0.024,28.21,13.92,7.62,11:00:00,2024-02-18
HCM01,Nhà Bè,38.0,29.87,0.043,17.69,9.75,7.08,11:30:00,2024-02-18
HCM01,Nhà Bè,38.0,29.15,0.035,21.52,12.45,7.51,12:00:00,2024-02-18
HCM01,Nhà Bè,38.0,28.84,-0.028,20.04,12.97,7.49,12:30:00,2024-02-18
HCM01,Nhà Bè,38.0,28.49,0.031,20.65,13.99,7.06,13:00:00,2024-02-18
HCM01,Nhà Bè,38.0,28.03,-0.091,21.46,12.69,7.07,13:30:00,2024-02-18
HCM01,Nhà Bè,38.0,30.06,-0.021,13.21,12.13,7.52,14:00:00,2024-02-18
HCM01,Nhà Bè,38.0,29.0,-0.065,20.52,11.19,6.71,14:30:00,2024-02-18
HCM01,Nhà Bè,38.0,27.23,-0.069,14.97,11.91,7.16,15:00:00,2024-02-18
HCM01,Nhà Bè,38.0,28.11,-0.063,17.6,10.88,6.38,15:30:00,2024-02-18
HCM01,Nhà Bè,38.0,28.88,-0.03,22.49,14.89,6.34,16:00:00,2024-02-18
HCM01,Nhà Bè,38.0,29.24,-0.029,22.35,12.91,7.7,16:30:00,2024-02-18
HCM01,Nhà Bè,38.0,30.67,-0.059,20.72,12.89,7.2,17:00:00,2024-02-18
HCM01,Nhà Bè,38.0,27.86,-0.032,20.07,12.44,6.11,17:30:00,2024-02-18
HCM01,Nhà Bè,38.0,29.49,-0.058,18.88,10.22,7.38,18:00:00,2024-02-18
HCM01,Nhà Bè,38.0,28.95,0.0,16.74,10.2,6.59,18:30:00,2024-02-18
HCM01,Nhà Bè,38.0,29.8,-0.025,16.89,10.73,7.13,19:00:00,2024-02-18
HCM01,Nhà Bè,38.0,28.91,-0.045,12.79,9.61,7.21,19:30:00,2024-02-18
HCM01,Nhà Bè,38.0,28.67,-0.084,19.07,10.71,6.44,20:00:00,2024-02-18
HCM01,Nhà Bè,38.0,28.33,-0.017,15.79,10.71,6.88,20:30:00,2024-02-18
HCM01,Nhà Bè,38.0,28.04,-0.033,12.88,10.82,6.87,21:00:00,2024-02-18
HCM01,Nhà Bè,38.0,29.82,0.03,19.46,11.17,7.78,21:30:00,2024-02-18
HCM01,Nhà Bè,38.0,30.4,0.028,21.72,12.67,7.47,22:00:00,2024-02-18
HCM01,Nhà Bè,38.0,28.74,-0.043,23.87,13.89,6.16,22:30:00,2024-02-18
HCM01,Nhà Bè,38.0,29.3,-0.004,18.83,12.53,6.5,23:00:00,2024-02-18
HCM01,Nhà Bè,38.0,28.32,0.029,20.89,14.28,6.56,23:30:00,2024-02-18
HCM02,Cát Lái,58.0,30.5,-0.031,9.17,6.58,7.03,00:00:00,2024-02-19
HCM02,Cát Lái,58.0,29.33,-0.0,11.02,7.09,7.29,00:30:00,2024-02-19
HCM02,Cát Lái,58.0,29.28,-0.001,8.2,7.17,7.03,01:00:00,2024-02-19
HCM02,Cát Lái,58.0,29.71,-0.008,12.75,8.04,7.57,01:30:00,2024-02-19
HCM02,Cát Lái,58.0,28.27,0.032,15.85,9.78,5.92,02:00:00,2024-02-19
HCM02,Cát Lái,58.0,28.49,0.056,17.57,9.36,7.23,02:30:00,2024-02-19
HCM02,Cát Lái,58.0,28.38,0.096,11.54,9.47,6.31,03:00:00,2024-02-19
HCM02,Cát Lái,58.0,30.17,0.044,12.66,8.41,6.7,03:30:00,2024-02-19
HCM02,Cát Lái,58.0,27.4,0.037,10.46,8.81,7.05,04:00:00,2024-02-19
HCM02,Cát Lái,58.0,27.77,0.051,13.83,9.32,6.88,04:30:00,2024-02-19
HCM02,Cát Lái,58.0,29.43,0.06,14.23,9.78,7.03,05:00:00,2024-02-19
HCM02,Cát Lái,58.0,27.51,0.047,15.66,10.28,6.16,05:30:00,2024-02-19
HCM02,Cát Lái,58.0,29.47,0.049,14.05,9.73,6.46,06:00:00,2024-02-19
HCM02,Cát Lái,58.0,28.66,0.061,13.22,8.86,7.61,06:30:00,2024-02-19
HCM02,Cát Lái,58.0,29.14,0.019,10.13,7.44,7.86,07:00:00,2024-02-19
HCM02,Cát Lái,58.0,28.56,0.053,13.87,8.13,8.27,07:30:00,2024-02-19
HCM02,Cát Lái,58.0,29.46,0.08,17.33,11.01,7.93,08:00:00,2024-02-19
HCM02,Cát Lái,58.0,29.01,-0.011,11.8,9.26,6.53,08:30:00,2024-02-19
HCM02,Cát Lái,58.0,28.72,0.016,15.53,8.85,7.01,09:00:00,2024-02-19
HCM02,Cát Lái,58.0,28.56,0.035,17.29,9.69,6.68,09:30:00,2024-02-19
HCM02,Cát Lái,58.0,29.88,0.106,13.76,8.84,7.77,10:00:00,2024-02-19
HCM02,Cát Lái,58.0,27.94,-0.027,16.6,8.92,6.88,10:30:00,2024-02-19
HCM02,Cát Lái,58.0,27.63,-0.006,10.76,7.73,7.17,11:00:00,2024-02-19
HCM02,Cát Lái,58.0,30.21,-0.035,11.75,8.71,7.03,11:30:00,2024-02-19
HCM02,Cát Lái,58.0,28.47,-0.007,12.33,7.61,7.3,12:00:00,2024-02-19
HCM02,Cát Lái,58.0,29.16,0.016,12.5,9.14,5.93,12:30:00,2024-02-19
HCM02,Cát Lái,58.0,29.76,0.002,13.74,7.79,7.85,13:00:00,2024-02-19
HCM02,Cát Lái,58.0,29.32,-0.011,10.76,6.73,6.43,13:30:00,2024-02-19
HCM02,Cát Lái,58.0,29.19,-0.003,12.81,6.36,6.91,14:00:00,2024-02-19
HCM02,Cát Lái,58.0,28.54,-0.041,15.54,8.14,6.88,14:30:00,2024-02-19
HCM02,Cát Lái,58.0,29.23,-0.024,7.55,6.42,6.82,15:00:00,2024-02-19
HCM02,Cát Lái,58.0,28.54,-0.022,8.31,6.28,6.81,15:30:00,2024-02-19
HCM02,Cát Lái,58.0,28.5,-0.054,15.83,7.21,7.11,16:00:00,2024-02-19
HCM02,Cát Lái,58.0,29.11,-0.071,9.46,5.98,6.77,16:30:00,2024-02-19
HCM02,Cát Lái,58.0,28.17,-0.054,9.75,5.83,6.19,17:00:00,2024-02-19
HCM02,Cát Lái,58.0,28.74,-0.033,10.07,6.35,8.11,17:30:00,2024-02-19
HCM02,Cát Lái,58.0,28.05,-0.054,10.21,6.58,6.64,18:00:00,2024-02-19
HCM02,Cát Lái,58.0,29.32,-0.059,12.26,7.35,7.73,18:30:00,2024-02-19
HCM02,Cát Lái,58.0,29.03,-0.009,11.34,7.18,7.29,19:00:00,2024-02-19
HCM02,Cát Lái,58.0,29.74,-0.011,10.09,5.5,7.7,19:30:00,2024-02-19
HCM02,Cát Lái,58.0,29.62,-0.089,9.02,6.93,6.58,20:00:00,2024-02-19
HCM02,Cát Lái,58.0,28.19,-0.068,8.14,6.32,7.43,20:30:00,2024-02-19
HCM02,Cát Lái,58.0,28.75,-0.035,14.42,7.05,7.0,21:00:00,2024-02-19
HCM02,Cát Lái,58.0,28.6,-0.073,9.5,7.34,6.24,21:30:00,2024-02-19
HCM02,Cát Lái,58.0,28.98,0.005,13.38,7.06,6.24,22:00:00,2024-02-19
HCM02,Cát Lái,58.0,28.39,-0.004,11.67,7.99,7.37,22:30:00,2024-02-19
HCM02,Cát Lái,58.0,27.29,-0.009,12.77,8.7,7.13,23:00:00,2024-02-19
HCM02,Cát Lái,58.0,28.19,-0.006,10.93,8.9,7.42,23:30:00,2024-02-19
HCM04,Long Đại,80.0,30.56,0.036,2.3,1.61,7.53,00:00:00,2024-02-19
HCM04,Long Đại,80.0,28.25,0.031,3.23,2.04,6.37,00:30:00,2024-02-19
HCM04,Long Đại,80.0,28.42,0.001,5.25,2.49,7.67,01:00:00,2024-02-19
HCM04,Long Đại,80.0,28.65,0.033,2.51,1.55,7.37,01:30:00,2024-02-19
HCM04,Long Đại,80.0,29.72,0.042,3.58,2.19,8.02,02:00:00,2024-02-19
HCM04,Long Đại,80.0,28.77,0.041,3.96,2.68,7.47,02:30:00,2024-02-19
HCM04,Long Đại,80.0,29.49,0.016,4.86,2.62,6.68,03:00:00,2024-02-19
HCM04,Long Đại,80.0,28.44,0.04,4.85,2.52,7.74,03:30:00,2024-02-19
HCM04,Long Đại,80.0,29.04,-0.006,3.88,2.32,7.9,04:00:00,2024-02-19
HCM04,Long Đại,80.0,28.11,0.053,4.24,3.01,6.32,04:30:00,2024-02-19
HCM04,Long Đại,80.0,28.78,0.153,3.71,2.4,7.77,05:00:00,2024-02-19
HCM04,Long Đại,80.0,28.15,0.078,3.06,1.9,7.45,05:30:00,2024-02-19
HCM04,Long Đại,80.0,29.69,0.049,3.64,2.04,6.0,06:00:00,2024-02-19
HCM04,Long Đại,80.0,30.03,0.078,2.57,1.87,8.06,06:30:00,2024-02-19
HCM04,Long Đại,80.0,29.12,0.085,3.5,1.79,7.48,07:00:00,2024-02-19
HCM04,Long Đại,80.0,29.15,0.018,3.59,2.28,7.57,07:30:00,2024-02-19
HCM04,Long Đại,80.0,28.42,0.056,2.78,2.4,7.46,08:00:00,2024-02-19
HCM04,Long Đại,80.0,30.29,0.011,2.28,1.67,7.62,08:30:00,2024-02-19
HCM04,Long Đại,80.0,30.46,0.069,3.22,2.14,7.99,09:00:00,2024-02-19
HCM04,Long Đại,80.0,27.58,0.013,3.32,2.27,7.55,09:30:00,2024-02-19
HCM04,Long Đại,80.0,31.2,0.048,3.1,2.6,7.04,10:00:00,2024-02-19
HCM04,Long Đại,80.0,29.82,-0.017,3.17,1.53,7.63,10:30:00,2024-02-19
HCM04,Long Đại,80.0,30.37,-0.025,3.44,2.0,7.5,11:00:00,2024-02-19
HCM04,Long Đại,80.0,28.93,0.027,2.52,1.71,7.44,11:30:00,2024-02-19
HCM04,Long Đại,80.0,29.32,0.026,3.55,2.43,7.94,12:00:00,2024-02-19
HCM04,Long Đại,80.0,29.45,-0.012,3.37,2.1,7.97,12:30:00,2024-02-19
HCM04,Long Đại,80.0,29.39,-0.018,3.64,2.08,7.54,13:00:00,2024-02-19
HCM04,Long Đại,80.0,29.1,-0.031,3.41,2.05,6.79,13:30:00,2024-02-19
HCM04,Long Đại,80.0,29.77,-0.021,2.57,1.86,6.9,14:00:00,2024-02-19
HCM04,Long Đại,80.0,28.2,-0.036,2.78,1.53,7.6,14:30:00,2024-02-19
HCM04,Long Đại,80.0,29.39,-0.04,3.45,2.03,6.95,15:00:00,2024-02-19
HCM04,Long Đại,80.0,28.67,-0.037,1.88,1.4,8.1,15:30:00,2024-02-19
HCM04,Long Đại,80.0,29.37,-0.071,3.45,2.11,6.09,16:00:00,2024-02-19
HCM04,Long Đại,80.0,29.54,-0.091,3.19,2.07,8.09,16:30:00,2024-02-19
HCM04,Long Đại,80.0,29.38,-0.018,1.94,1.46,7.6,17:00:00,2024-02-19
HCM04,Long Đại,80.0,29.1,-0.061,2.97,1.66,6.4,17:30:00,2024-02-19
HCM04,Long Đại,80.0,28.47,-0.036,2.32,1.44,8.11,18:00:00,2024-02-19
HCM04,Long Đại,80.0,28.57,-0.038,3.26,1.98,7.35,18:30:00,2024-02-19
HCM04,Long Đại,80.0,29.34,-0.006,3.39,1.77,7.93,19:00:00,2024-02-19
HCM04,Long Đại,80.0,29.02,-0.059,3.18,1.6,7.11,19:30:00,2024-02-19
HCM04,Long Đại,80.0,29.35,-0.027,3.33,1.84,7.89,20:00:00,2024-02-19
HCM04,Long Đại,80.0,29.83,-0.033,3.26,2.05,7.06,20:30:00,2024-02-19
HCM04,Long Đại,80.0,29.8,-0.071,3.78,2.24,6.96,21:00:00,2024-02-19
HCM04,Long Đại,80.0,30.37,-0.033,3.24,1.78,7.36,21:30:00,2024-02-19
HCM04,Long Đại,80.0,29.16,-0.053,3.98,2.25,7.97,22:00:00,2024-02-19
HCM04,Long Đại,80.0,27.4,-0.043,1.61,1.02,7.44,22:30:00,2024-02-19
HCM04,Long Đại,80.0,30.11,-0.067,3.03,2.05,7.46,23:00:00,2024-02-19
HCM04,Long Đại,80.0,29.31,0.01,2.56,1.96,7.03,23:30:00,2024-02-19
HCM03,Lý Nhơn,7.0,28.67,-0.033,49.87,28.07,6.15,00:00:00,2024-02-19
HCM03,Lý Nhơn,7.0,29.12,0.029,31.58,22.05,7.62,00:30:00,2024-02-19
HCM03,Lý Nhơn,7.0,28.72,0.008,51.38,24.85,6.48,01:00:00,2024-02-19
HCM03,Lý Nhơn,7.0,29.35,0.047,26.95,24.74,6.77,01:30:00,2024-02-19
HCM03,Lý Nhơn,7.0,29.16,-0.007,35.5,21.19,7.61,02:00:00,2024-02-19
HCM03,Lý Nhơn,7.0,29.25,-0.001,37.0,24.29,7.46,02:30:00,2024-02-19
HCM03,Lý Nhơn,7.0,28.12,0.057,52.34,25.67,6.89,03:00:00,2024-02-19
HCM03,Lý Nhơn,7.0,28.9,0.076,52.39,28.36,5.64,03:30:00,2024-02-19
HCM03,Lý Nhơn,7.0,30.27,0.024,55.98,28.98,7.0,04:00:00,2024-02-19
HCM03,Lý Nhơn,7.0,27.21,0.055,43.55,25.85,6.11,04:30:00,2024-02-19
HCM03,Lý Nhơn,7.0,29.15,0.027,44.9,24.44,6.49,05:00:00,2024-02-19
HCM03,Lý Nhơn,7.0,29.08,0.067,48.5,28.18,6.26,05:30:00,2024-02-19
HCM03,Lý Nhơn,7.0,28.9,0.07,47.95,30.74,6.19,06:00:00,2024-02-19
HCM03,Lý Nhơn,7.0,29.09,0.101,37.17,26.66,6.67,06:30:00,2024-02-19
HCM03,Lý Nhơn,7.0,29.78,0.088,50.54,31.36,6.03,07:00:00,2024-02-19
HCM03,Lý Nhơn,7.0,28.81,0.009,37.49,26.56,6.83,07:30:00,2024-02-19
HCM03,Lý Nhơn,7.0,29.74,0.021,46.92,29.37,5.99,08:00:00,2024-02-19
HCM03,Lý Nhơn,7.0,29.12,0.046,37.36,28.22,5.8,08:30:00,2024-02-19
HCM03,Lý Nhơn,7.0,28.87,0.01,51.05,26.58,7.1,09:00:00,2024-02-19
HCM03,Lý Nhơn,7.0,30.59,0.02,41.78,25.72,6.79,09:30:00,2024-02-19
HCM03,Lý Nhơn,7.0,29.07,0.022,40.32,24.52,6.57,10:00:00,2024-02-19
HCM03,Lý Nhơn,7.0,28.96,0.052,50.75,26.67,5.81,10:30:00,2024-02-19
HCM03,Lý Nhơn,7.0,28.86,0.004,35.24,23.94,6.69,11:00:00,2024-02-19
HCM03,Lý Nhơn,7.0,30.33,-0.027,33.99,22.42,5.79,11:30:00,2024-02-19
HCM03,Lý Nhơn,7.0,29.12,-0.022,35.44,24.98,6.52,12:00:00,2024-02-19
HCM03,Lý Nhơn,7.0,27.26,-0.057,45.45,28.54,6.01,12:30:00,2024-02-19
HCM03,Lý Nhơn,7.0,29.24,0.02,36.88,22.42,6.91,13:00:00,2024-02-19
HCM03,Lý Nhơn,7.0,29.48,0.004,39.1,25.41,6.94,13:30:00,2024-02-19
HCM03,Lý Nhơn,7.0,27.92,0.044,32.67,21.28,6.02,14:00:00,2024-02-19
HCM03,Lý Nhơn,7.0,29.43,0.026,46.37,25.19,7.0,14:30:00,2024-02-19
HCM03,Lý Nhơn,7.0,28.33,-0.066,46.46,26.55,6.87,15:00:00,2024-02-19
HCM03,Lý Nhơn,7.0,28.97,0.001,35.26,22.12,7.48,15:30:00,2024-02-19
HCM03,Lý Nhơn,7.0,29.78,-0.031,31.96,18.88,6.68,16:00:00,2024-02-19
HCM03,Lý Nhơn,7.0,29.6,-0.064,38.31,21.67,6.46,16:30:00,2024-02-19
HCM03,Lý Nhơn,7.0,29.28,-0.042,23.03,18.23,7.0,17:00:00,2024-02-19
HCM03,Lý Nhơn,7.0,28.54,-0.059,29.77,22.14,6.1,17:30:00,2024-02-19
HCM03,Lý Nhơn,7.0,29.06,-0.058,57.45,23.62,6.56,18:00:00,2024-02-19
HCM03,Lý Nhơn,7.0,29.48,-0.022,28.9,19.8,6.8,18:30:00,2024-02-19
HCM03,Lý Nhơn,7.0,29.33,-0.12,31.81,20.81,6.5,19:00:00,2024-02-19
HCM03,Lý Nhơn,7.0,28.64,-0.081,32.62,20.3,7.15,19:30:00,2024-02-19
HCM03,Lý Nhơn,7.0,28.04,-0.063,28.17,22.14,6.39,20:00:00,2024-02-19
HCM03,Lý Nhơn,7.0,28.61,-0.044,35.43,23.11,6.57,20:30:00,2024-02-19
HCM03,Lý Nhơn,7.0,28.9,-0.011,42.03,21.35,6.63,21:00:00,2024-02-19
HCM03,Lý Nhơn,7.0,28.88,-0.056,49.64,26.73,5.57,21:30:00,2024-02-19
HCM03,Lý Nhơn,7.0,29.51,-0.023,41.58,22.13,7.19,22:00:00,2024-02-19
HCM03,Lý Nhơn,7.0,29.74,0.013,34.39,25.78,6.84,22:30:00,2024-02-19
HCM03,Lý Nhơn,7.0,29.3,-0.018,36.3,24.18,6.7,23:00:00,2024-02-19
HCM03,Lý Nhơn,7.0,29.37,0.006,39.88,23.55,5.88,23:30:00,2024-02-19
HCM01,Nhà Bè,38.0,29.83,-0.017,18.11,12.6,7.65,00:00:00,2024-02-19
HCM01,Nhà Bè,38.0,28.01,0.021,22.21,14.99,7.48,00:30:00,2024-02-19
HCM01,Nhà Bè,38.0,29.18,0.025,16.44,12.84,7.28,01:00:00,2024-02-19
HCM01,Nhà Bè,38.0,29.14,-0.0,21.15,12.87,7.1,01:30:00,2024-02-19
HCM01,Nhà Bè,38.0,29.34,0.034,24.58,15.19,6.79,02:00:00,2024-02-19
HCM01,Nhà Bè,38.0,27.72,0.095,26.78,15.24,6.72,02:30:00,2024-02-19
HCM01,Nhà Bè,38.0,28.69,0.021,28.36,18.07,6.88,03:00:00,2024-02-19
HCM01,Nhà Bè,38.0,29.01,0.039,32.25,16.11,6.83,03:30:00,2024-02-19
HCM01,Nhà Bè,38.0,28.91,0.052,25.67,13.53,7.13,04:00:00,2024-02-19
HCM01,Nhà Bè,38.0,28.33,0.071,30.2,15.29,7.64,04:30:00,2024-02-19
HCM01,Nhà Bè,38.0,29.6,-0.004,30.02,19.16,7.65,05:00:00,2024-02-19
HCM01,Nhà Bè,38.0,28.7,0.081,27.52,18.85,6.75,05:30:00,2024-02-19
HCM01,Nhà Bè,38.0,27.16,0.042,17.44,15.61,7.9,06:00:00,2024-02-19
HCM01,Nhà Bè,38.0,28.26,0.042,23.69,15.84,7.64,06:30:00,2024-02-19
HCM01,Nhà Bè,38.0,29.94,-0.011,18.15,12.22,7.27,07:00:00,2024-02-19
HCM01,Nhà Bè,38.0,27.97,0.039,24.61,14.99,6.4,07:30:00,2024-02-19
HCM01,Nhà Bè,38.0,30.5,-0.036,20.1,13.56,7.45,08:00:00,2024-02-19
HCM01,Nhà Bè,38.0,28.6,0.036,23.19,13.72,7.48,08:30:00,2024-02-19
HCM01,Nhà Bè,38.0,30.23,0.07,25.94,14.96,7.35,09:00:00,2024-02-19
HCM01,Nhà Bè,38.0,28.09,0.033,20.18,13.24,6.81,09:30:00,2024-02-19
HCM01,Nhà Bè,38.0,29.66,-0.022,23.87,12.12,7.38,10:00:00,2024-02-19
HCM01,Nhà Bè,38.0,30.66,0.029,22.62,16.89,7.15,10:30:00,2024-02-19
HCM01,Nhà Bè,38.0,29.59,0.03,22.36,14.87,6.41,11:00:00,2024-02-19
HCM01,Nhà Bè,38.0,28.5,0.011,14.91,11.86,7.14,11:30:00,2024-02-19
HCM01,Nhà Bè,38.0,30.08,-0.024,24.77,14.52,6.97,12:00:00,2024-02-19
HCM01,Nhà Bè,38.0,29.33,0.016,24.6,12.73,6.09,12:30:00,2024-02-19
HCM01,Nhà Bè,38.0,29.32,-0.009,16.23,13.48,6.5,13:00:00,2024-02-19
HCM01,Nhà Bè,38.0,28.58,0.02,19.03,12.73,7.71,13:30:00,2024-02-19
HCM01,Nhà Bè,38.0,29.8,-0.023,22.94,14.87,5.93,14:00:00,2024-02-19
HCM01,Nhà Bè,38.0,29.66,-0.092,20.26,12.73,7.21,14:30:00,2024-02-19
HCM01,Nhà Bè,38.0,28.99,-0.01,21.41,12.74,6.61,15:00:00,2024-02-19
HCM01,Nhà Bè,38.0,29.63,-0.083,20.38,11.58,6.72,15:30:00,2024-02-19
HCM01,Nhà Bè,38.0,27.81,-0.093,16.99,11.98,6.71,16:00:00,2024-02-19
HCM01,Nhà Bè,38.0,28.27,-0.002,17.49,11.39,6.71,16:30:00,2024-02-19
HCM01,Nhà Bè,38.0,29.12,-0.053,12.94,10.76,6.89,17:00:00,2024-02-19
HCM01,Nhà Bè,38.0,29.32,-0.083,22.64,12.32,6.88,17:30:00,2024-02-19
HCM01,Nhà Bè,38.0,29.49,-0.04,21.01,11.46,6.98,18:00:00,2024-02-19
HCM01,Nhà Bè,38.0,27.82,-0.095,22.52,11.77,7.51,18:30:00,2024-02-19
HCM01,Nhà Bè,38.0,28.21,-0.053,15.46,9.96,6.67,19:00:00,2024-02-19
HCM01,Nhà Bè,38.0,29.27,-0.003,21.92,11.56,6.83,19:30:00,2024-02-19
HCM01,Nhà Bè,38.0,29.51,-0.004,16.41,11.2,7.49,20:00:00,2024-02-19
HCM01,Nhà Bè,38.0,29.23,-0.064,14.66,10.21,6.51,20:30:00,2024-02-19
HCM01,Nhà Bè,38.0,30.69,-0.095,16.53,10.99,7.04,21:00:00,2024-02-19
HCM01,Nhà Bè,38.0,28.39,-0.004,20.91,12.83,7.75,21:30:00,2024-02-19
HCM01,Nhà Bè,38.0,27.68,0.014,23.21,12.38,7.17,22:00:00,2024-02-19
HCM01,Nhà Bè,38.0,27.39,-0.065,22.05,12.33,5.82,22:30:00,2024-02-19
HCM01,Nhà Bè,38.0,28.35,-0.019,26.47,13.46,7.26,23:00:00,2024-02-19
HCM01,Nhà Bè,38.0,27.63,0.057,17.28,12.27,6.8,23:30:00,2024-02-19
HCM02,Cát Lái,58.0,28.69,-0.054,12.43,6.82,7.82,00:00:00,2024-02-20
HCM02,Cát Lái,58.0,29.26,0.022,12.47,8.75,6.87,00:30:00,2024-02-20
HCM02,Cát Lái,58.0,28.5,-0.003,13.46,7.8,5.87,01:00:00,2024-02-20
HCM02,Cát Lái,58.0,29.0,0.029,16.04,9.31,7.6,01:30:00,2024-02-20
HCM02,Cát Lái,58.0,28.97,-0.011,12.99,7.61,6.85,02:00:00,2024-02-20
HCM02,Cát Lái,58.0,28.47,-0.006,12.1,8.73,7.44,02:30:00,2024-02-20
HCM02,Cát Lái,58.0,29.18,0.028,13.16,9.55,7.41,03:00:00,2024-02-20
HCM02,Cát Lái,58.0,30.67,0.023,11.76,9.5,7.21,03:30:00,2024-02-20
HCM02,Cát Lái,58.0,29.3,0.005,14.07,8.7,6.37,04:00:00,2024-02-20
HCM02,Cát Lái,58.0,29.43,-0.029,15.24,9.48,6.64,04:30:00,2024-02-20
HCM02,Cát Lái,58.0,28.47,0.066,18.2,9.79,6.91,05:00:00,2024-02-20
HCM02,Cát Lái,58.0,30.16,0.055,12.7,8.58,8.2,05:30:00,2024-02-20
HCM02,Cát Lái,58.0,28.34,0.0,17.83,9.73,6.77,06:00:00,2024-02-20
HCM02,Cát Lái,58.0,27.84,0.043,14.99,8.16,7.46,06:30:00,2024-02-20
HCM02,Cát Lái,58.0,29.54,0.032,13.86,8.59,7.11,07:00:00,2024-02-20
HCM02,Cát Lái,58.0,28.08,0.055,15.97,8.8,6.27,07:30:00,2024-02-20
HCM02,Cát Lái,58.0,29.24,0.085,12.77,8.74,7.49,08:00:00,2024-02-20
HCM02,Cát Lái,58.0,26.91,0.038,17.77,8.34,6.71,08:30:00,2024-02-20
HCM02,Cát Lái,58.0,28.63,0.028,12.7,8.15,7.28,09:00:00,2024-02-20
HCM02,Cát Lái,58.0,29.08,0.018,13.58,9.01,6.69,09:30:00,2024-02-20
HCM02,Cát Lái,58.0,27.49,0.033,15.41,10.22,7.3,10:00:00,2024-02-20
HCM02,Cát Lái,58.0,28.15,0.037,13.92,9.22,6.4,10:30:00,2024-02-20
HCM02,Cát Lái,58.0,28.26,0.014,13.32,9.25,6.31,11:00:00,2024-02-20
HCM02,Cát Lái,58.0,29.1,0.039,13.06,9.26,7.42,11:30:00,2024-02-20
HCM02,Cát Lái,58.0,26.51,0.021,8.6,7.83,7.17,12:00:00,2024-02-20
HCM02,Cát Lái,58.0,28.74,0.062,16.28,9.2,7.64,12:30:00,2024-02-20
HCM02,Cát Lái,58.0,29.36,-0.02,8.05,6.99,6.73,13:00:00,2024-02-20
HCM02,Cát Lái,58.0,28.46,-0.03,13.65,7.58,7.37,13:30:00,2024-02-20
HCM02,Cát Lái,58.0,29.42,-0.032,10.41,6.49,7.37,14:00:00,2024-02-20
HCM02,Cát Lái,58.0,29.2,-0.069,7.7,6.7,7.4,14:30:00,2024-02-20
HCM02,Cát Lái,58.0,30.08,-0.072,14.6,8.06,7.05,15:00:00,2024-02-20
HCM02,Cát Lái,58.0,28.53,-0.0,11.56,7.24,7.07,15:30:00,2024-02-20
HCM02,Cát Lái,58.0,28.04,-0.041,14.33,7.21,7.71,16:00:00,2024-02-20
HCM02,Cát Lái,58.0,30.88,-0.051,10.47,5.75,6.81,16:30:00,2024-02-20
HCM02,Cát Lái,58.0,28.86,-0.061,11.22,6.62,6.16,17:00:00,2024-02-20
HCM02,Cát Lái,58.0,29.82,-0.04,9.01,6.08,7.11,17:30:00,2024-02-20
HCM02,Cát Lái,58.0,29.05,-0.031,8.15,5.44,7.24,18:00:00,2024-02-20
HCM02,Cát Lái,58.0,29.29,-0.044,10.16,7.22,7.82,18:30:00,2024-02-20
HCM02,Cát Lái,58.0,29.12,-0.027,12.96,8.07,7.14,19:00:00,2024-02-20
HCM02,Cát Lái,58.0,27.12,-0.042,10.98,7.32,7.23,19:30:00,2024-02-20
HCM02,Cát Lái,58.0,29.04,-0.071,7.03,5.0,7.83,20:00:00,2024-02-20
HCM02,Cát Lái,58.0,29.76,0.024,9.57,7.62,8.88,20:30:00,2024-02-20
HCM02,Cát Lái,58.0,29.83,-0.018,11.41,7.41,6.97,21:00:00,2024-02-20
HCM02,Cát Lái,58.0,28.63,-0.039,12.63,7.33,7.49,21:30:00,2024-02-20
HCM02,Cát Lái,58.0,27.94,-0.04,12.13,7.73,7.16,22:00:00,2024-02-20
HCM02,Cát Lái,58.0,28.02,-0.003,13.51,7.95,7.05,22:30:00,2024-02-20
HCM02,Cát Lái,58.0,29.08,-0.045,8.96,5.87,7.4,23:00:00,2024-02-20
HCM02,Cát Lái,58.0,27.75,0.046,14.59,8.49,8.16,23:30:00,2024-02-20
HCM04,Long Đại,80.0,29.82,-0.032,3.86,2.13,7.31,00:00:00,2024-02-20
HCM04,Long Đại,80.0,30.29,-0.063,3.34,2.22,6.83,00:30:00,2024-02-20
HCM04,Long Đại,80.0,29.34,-0.024,4.06,2.41,7.26,01:00:00,2024-02-20
HCM04,Long Đại,80.0,30.05,0.038,3.14,2.08,7.01,01:30:00,2024-02-20
HCM04,Long Đại,80.0,29.32,0.0,3.02,1.97,5.88,02:00:00,2024-02-20
HCM04,Long Đại,80.0,28.26,0.025,3.08,1.78,7.26,02:30:00,2024-02-20
HCM04,Long Đại,80.0,29.2,0.059,3.66,2.03,6.93,03:00:00,2024-02-20
HCM04,Long Đại,80.0,28.28,0.078,2.63,2.1,7.62,03:30:00,2024-02-20
HCM04,Long Đại,80.0,29.06,0.036,3.89,2.32,8.3,04:00:00,2024-02-20
HCM04,Long Đại,80.0,28.4,0.024,4.19,2.83,7.35,04:30:00,2024-02-20
HCM04,Long Đại,80.0,29.36,0.045,3.31,1.9,6.14,05:00:00,2024-02-20
HCM04,Long Đại,80.0,29.03,0.049,4.01,2.31,7.27,05:30:00,2024-02-20
HCM04,Long Đại,80.0,29.74,0.03,1.68,1.46,7.72,06:00:00,2024-02-20
HCM04,Long Đại,80.0,29.73,0.034,2.97,2.27,7.65,06:30:00,2024-02-20
HCM04,Long Đại,80.0,29.16,0.034,4.69,2.78,7.05,07:00:00,2024-02-20
HCM04,Long Đại,80.0,29.28,0.007,3.91,2.43,8.16,07:30:00,2024-02-20
HCM04,Long Đại,80.0,28.52,0.098,3.41,2.55,7.3,08:00:00,2024-02-20
HCM04,Long Đại,80.0,29.44,0.008,3.92,2.45,7.16,08:30:00,2024-02-20
HCM04,Long Đại,80.0,28.7,0.088,2.78,1.67,8.34,09:00:00,2024-02-20
HCM04,Long Đại,80.0,28.38,-0.002,4.11,2.21,7.21,09:30:00,2024-02-20
HCM04,Long Đại,80.0,27.97,0.016,4.37,2.36,6.96,10:00:00,2024-02-20
HCM04,Long Đại,80.0,27.73,-0.005,4.06,2.36,6.79,10:30:00,2024-02-20
HCM04,Long Đại,80.0,28.91,0.039,2.97,1.67,7.87,11:00:00,2024-02-20
HCM04,Long Đại,80.0,29.43,-0.034,2.75,2.1,7.82,11:30:00,2024-02-20
HCM04,Long Đại,80.0,29.9,0.003,3.35,2.18,6.79,12:00:00,2024-02-20
HCM04,Long Đại,80.0,29.4,0.03,2.88,2.4,7.13,12:30:00,2024-02-20
HCM04,Long Đại,80.0,28.62,0.013,3.57,2.05,6.97,13:00:00,2024-02-20
HCM04,Long Đại,80.0,30.0,-0.05,3.15,2.09,6.56,13:30:00,2024-02-20
HCM04,Long Đại,80.0,27.74,0.004,3.04,2.1,6.95,14:00:00,2024-02-20
HCM04,Long Đại,80.0,30.93,-0.035,2.52,1.96,7.23,14:30:00,2024-02-20
HCM04,Long Đại,80.0,28.61,-0.019,2.24,1.62,7.35,15:00:00,2024-02-20
HCM04,Long Đại,80.0,30.2,-0.012,3.1,1.86,7.42,15:30:00,2024-02-20
HCM04,Long Đại,80.0,28.11,-0.048,4.69,2.12,7.78,16:00:00,2024-02-20
HCM04,Long Đại,80.0,28.44,-0.052,3.9,2.18,7.18,16:30:00,2024-02-20
HCM04,Long Đại,80.0,28.72,-0.026,3.27,1.9,7.47,17:00:00,2024-02-20
HCM04,Long Đại,80.0,28.63,-0.053,3.74,1.89,5.66,17:30:00,2024-02-20
HCM04,Long Đại,80.0,29.37,-0.079,2.37,1.59,7.78,18:00:00,2024-02-20
HCM04,Long Đại,80.0,28.22,-0.064,2.99,1.74,6.73,18:30:00,2024-02-20
HCM04,Long Đại,80.0,28.74,-0.024,3.85,2.03,7.09,19:00:00,2024-02-20
HCM04,Long Đại,80.0,28.5,-0.035,3.01,1.68,7.19,19:30:00,2024-02-20
HCM04,Long Đại,80.0,29.7,-0.086,2.86,1.61,7.24,20:00:00,2024-02-20
HCM04,Long Đại,80.0,29.69,-0.099,2.38,1.9,6.63,20:30:00,2024-02-20
HCM04,Long Đại,80.0,28.25,-0.07,3.34,1.7,7.98,21:00:00,2024-02-20
HCM04,Long Đại,80.0,29.75,-0.069,2.83,1.68,6.44,21:30:00,2024-02-20
HCM04,Long Đại,80.0,29.31,-0.028,3.64,2.06,7.21,22:00:00,2024-02-20
HCM04,Long Đại,80.0,28.97,0.012,3.43,1.86,6.54,22:30:00,2024-02-20
HCM04,Long Đại,80.0,29.53,-0.033,3.2,2.54,6.81,23:00:00,2024-02-20
HCM04,Long Đại,80.0,29.48,-0.024,2.1,1.6,7.58,23:30:00,2024-02-20
HCM03,Lý Nhơn,7.0,29.03,-0.002,33.83,25.24,6.42,00:00:00,2024-02-20
HCM03,Lý Nhơn,7.0,29.61,-0.011,35.09,25.56,6.35,00:30:00,2024-02-20
HCM03,Lý Nhơn,7.0,28.49,0.041,44.02,27.05,6.16,01:00:00,2024-02-20
HCM03,Lý Nhơn,7.0,29.78,0.018,44.02,26.55,6.18,01:30:00,2024-02-20
HCM03,Lý Nhơn,7.0,28.97,0.096,38.52,26.21,6.44,02:00:00,2024-02-20
HCM03,Lý Nhơn,7.0,29.95,0.019,35.18,26.98,7.1,02:30:00,2024-02-20
HCM03,Lý Nhơn,7.0,29.02,0.02,31.07,26.61,6.23,03:00:00,2024-02-20
HCM03,Lý Nhơn,7.0,28.99,0.1,38.1,28.19,6.25,03:30:00,2024-02-20
HCM03,Lý Nhơn,7.0,29.26,0.009,48.75,25.36,6.39,04:00:00,2024-02-20
HCM03,Lý Nhơn,7.0,29.21,0.091,41.76,27.2,6.3,04:30:00,2024-02-20
HCM03,Lý Nhơn,7.0,28.96,-0.006,50.25,29.83,7.12,05:00:00,2024-02-20
HCM03,Lý Nhơn,7.0,28.34,0.084,49.74,26.09,6.66,05:30:00,2024-02-20
HCM03,Lý Nhơn,7.0,28.69,0.042,37.54,24.39,6.5,06:00:00,2024-02-20
HCM03,Lý Nhơn,7.0,28.57,0.086,56.85,36.26,5.25,06:30:00,2024-02-20
HCM03,Lý Nhơn,7.0,29.07,0.051,53.3,28.38,5.44,07:00:00,2024-02-20
HCM03,Lý Nhơn,7.0,28.32,0.047,54.06,27.19,6.21,07:30:00,2024-02-20
HCM03,Lý Nhơn,7.0,28.56,0.075,39.0,24.98,6.2,08:00:00,2024-02-20
HCM03,Lý Nhơn,7.0,29.08,0.052,50.34,26.17,6.04,08:30:00,2024-02-20
HCM03,Lý Nhơn,7.0,29.21,0.105,38.76,25.2,5.42,09:00:00,2024-02-20
HCM03,Lý Nhơn,7.0,30.28,0.037,38.31,31.04,6.25,09:30:00,2024-02-20
HCM03,Lý Nhơn,7.0,29.02,0.05,47.18,28.17,5.47,10:00:00,2024-02-20
HCM03,Lý Nhơn,7.0,29.02,0.026,45.73,28.72,5.87,10:30:00,2024-02-20
HCM03,Lý Nhơn,7.0,28.98,-0.008,42.81,24.12,7.09,11:00:00,2024-02-20
HCM03,Lý Nhơn,7.0,27.78,0.006,41.93,25.61,6.49,11:30:00,2024-02-20
HCM03,Lý Nhơn,7.0,28.95,-0.037,43.98,27.42,6.12,12:00:00,2024-02-20
HCM03,Lý Nhơn,7.0,29.23,0.008,58.85,26.48,6.64,12:30:00,2024-02-20
HCM03,Lý Nhơn,7.0,29.32,-0.001,23.33,18.94,6.28,13:00:00,2024-02-20
HCM03,Lý Nhơn,7.0,29.36,-0.004,27.57,19.16,6.56,13:30:00,2024-02-20
HCM03,Lý Nhơn,7.0,28.91,-0.025,22.64,18.25,7.27,14:00:00,2024-02-20
HCM03,Lý Nhơn,7.0,29.01,-0.053,26.54,23.04,6.8,14:30:00,2024-02-20
HCM03,Lý Nhơn,7.0,28.92,-0.007,26.63,19.55,6.95,15:00:00,2024-02-20
HCM03,Lý Nhơn,7.0,28.73,-0.024,43.78,21.74,6.52,15:30:00,2024-02-20
HCM03,Lý Nhơn,7.0,29.28,-0.043,27.94,16.55,6.94,16:00:00,2024-02-20
HCM03,Lý Nhơn,7.0,28.52,-0.076,21.23,24.33,5.51,16:30:00,2024-02-20
HCM03,Lý Nhơn,7.0,28.97,-0.079,34.47,23.26,6.05,17:00:00,2024-02-20
HCM03,Lý Nhơn,7.0,29.14,-0.018,26.91,19.54,7.18,17:30:00,2024-02-20
HCM03,Lý Nhơn,7.0,29.96,-0.014,28.53,21.65,7.03,18:00:00,2024-02-20
HCM03,Lý Nhơn,7.0,28.8,-0.067,32.85,20.48,6.5,18:30:00,2024-02-20
HCM03,Lý Nhơn,7.0,29.26,-0.084,41.15,22.25,6.17,19:00:00,2024-02-20
HCM03,Lý Nhơn,7.0,29.29,-0.013,34.26,18.94,7.17,19:30:00,2024-02-20
HCM03,Lý Nhơn,7.0,27.94,-0.051,30.27,22.12,5.35,20:00:00,2024-02-20
HCM03,Lý Nhơn,7.0,28.99,-0.032,35.63,23.66,6.32,20:30:00,2024-02-20
HCM03,Lý Nhơn,7.0,28.85,-0.085,32.66,21.52,6.4,21:00:00,2024-02-20
HCM03,Lý Nhơn,7.0,30.42,-0.052,39.32,23.61,7.13,21:30:00,2024-02-20
HCM03,Lý Nhơn,7.0,29.92,-0.012,39.49,20.79,6.04,22:00:00,2024-02-20
HCM03,Lý Nhơn,7.0,29.28,-0.007,44.83,23.89,6.7,22:30:00,2024-02-20
HCM03,Lý Nhơn,7.0,30.12,-0.019,36.89,23.16,6.4,23:00:00,2024-02-20
HCM03,Lý Nhơn,7.0,27.32,-0.061,56.17,28.06,6.81,23:30:00,2024-02-20
HCM01,Nhà Bè,38.0,28.36,0.024,20.22,10.53,6.89,00:00:00,2024-02-20
HCM01,Nhà Bè,38.0,29.05,-0.007,23.92,13.57,7.63,00:30:00,2024-02-20
HCM01,Nhà Bè,38.0,28.12,-0.069,21.31,13.41,6.5,01:00:00,2024-02-20
HCM01,Nhà Bè,38.0,28.57,0.057,16.98,13.81,6.84,01:30:00,2024-02-20
HCM01,Nhà Bè,38.0,29.9,0.046,18.43,13.33,6.86,02:00:00,2024-02-20
HCM01,Nhà Bè,38.0,29.89,0.017,19.89,12.68,6.94,02:30:00,2024-02-20
HCM01,Nhà Bè,38.0,28.77,0.018,22.57,15.51,6.73,03:00:00,2024-02-20
HCM01,Nhà Bè,38.0,28.89,0.073,28.42,15.64,6.22,03:30:00,2024-02-20
HCM01,Nhà Bè,38.0,30.73,0.02,30.62,18.14,7.96,04:00:00,2024-02-20
HCM01,Nhà Bè,38.0,28.27,0.04,21.99,16.05,6.83,04:30:00,2024-02-20
HCM01,Nhà Bè,38.0,28.21,0.079,24.24,15.93,6.57,05:00:00,2024-02-20
HCM01,Nhà Bè,38.0,28.24,0.09,28.51,15.69,7.17,05:30:00,2024-02-20
HCM01,Nhà Bè,38.0,28.46,0.012,28.79,18.99,6.6,06:00:00,2024-02-20
HCM01,Nhà Bè,38.0,29.14,0.048,18.3,16.03,7.58,06:30:00,2024-02-20
HCM01,Nhà Bè,38.0,28.86,0.065,22.07,15.59,6.68,07:00:00,2024-02-20
HCM01,Nhà Bè,38.0,30.38,0.033,26.98,16.43,7.06,07:30:00,2024-02-20
HCM01,Nhà Bè,38.0,28.93,-0.029,30.38,16.63,6.89,08:00:00,2024-02-20
HCM01,Nhà Bè,38.0,29.36,0.053,24.74,15.29,6.71,08:30:00,2024-02-20
HCM01,Nhà Bè,38.0,27.88,0.039,24.67,15.43,7.38,09:00:00,2024-02-20
HCM01,Nhà Bè,38.0,27.83,-0.001,24.36,14.3,6.59,09:30:00,2024-02-20
HCM01,Nhà Bè,38.0,27.78,0.052,24.25,18.09,7.26,10:00:00,2024-02-20
HCM01,Nhà Bè,38.0,29.65,-0.028,24.49,15.45,7.58,10:30:00,2024-02-20
HCM01,Nhà Bè,38.0,28.14,0.01,21.73,15.99,5.64,11:00:00,2024-02-20
HCM01,Nhà Bè,38.0,31.19,0.014,20.15,13.31,6.77,11:30:00,2024-02-20
HCM01,Nhà Bè,38.0,30.23,0.01,30.15,15.28,7.48,12:00:00,2024-02-20
HCM01,Nhà Bè,38.0,30.16,0.032,27.66,13.54,6.89,12:30:00,2024-02-20
HCM01,Nhà Bè,38.0,28.46,0.031,19.99,14.5,7.55,13:00:00,2024-02-20
HCM01,Nhà Bè,38.0,29.87,-0.004,27.82,14.3,7.86,13:30:00,2024-02-20
HCM01,Nhà Bè,38.0,28.09,-0.042,24.64,13.51,7.87,14:00:00,2024-02-20
HCM01,Nhà Bè,38.0,29.51,-0.004,24.76,15.92,6.75,14:30:00,2024-02-20
HCM01,Nhà Bè,38.0,28.85,-0.082,18.56,12.12,7.72,15:00:00,2024-02-20
HCM01,Nhà Bè,38.0,28.79,0.009,14.25,10.74,7.39,15:30:00,2024-02-20
HCM01,Nhà Bè,38.0,29.69,-0.053,15.45,13.37,7.01,16:00:00,2024-02-20
HCM01,Nhà Bè,38.0,29.93,-0.093,16.12,12.66,7.52,16:30:00,2024-02-20
HCM01,Nhà Bè,38.0,29.95,-0.02,20.92,12.58,7.61,17:00:00,2024-02-20
HCM01,Nhà Bè,38.0,28.58,-0.035,24.41,12.5,7.17,17:30:00,2024-02-20
HCM01,Nhà Bè,38.0,29.24,-0.002,18.18,12.46,6.58,18:00:00,2024-02-20
HCM01,Nhà Bè,38.0,29.26,-0.059,17.44,11.72,7.39,18:30:00,2024-02-20
HCM01,Nhà Bè,38.0,28.53,-0.041,17.52,11.19,6.47,19:00:00,2024-02-20
HCM01,Nhà Bè,38.0,28.98,0.018,11.55,13.67,7.1,19:30:00,2024-02-20
HCM01,Nhà Bè,38.0,27.35,-0.082,18.09,11.88,6.9,20:00:00,2024-02-20
HCM01,Nhà Bè,38.0,29.48,-0.038,23.47,13.75,6.47,20:30:00,2024-02-20
HCM01,Nhà Bè,38.0,28.88,-0.1,26.22,14.18,6.85,21:00:00,2024-02-20
HCM01,Nhà Bè,38.0,28.54,-0.049,26.32,15.25,6.42,21:30:00,2024-02-20
HCM01,Nhà Bè,38.0,28.1,0.028,22.0,12.6,7.11,22:00:00,2024-02-20
HCM01,Nhà Bè,38.0,30.51,-0.033,23.2,13.44,8.33,22:30:00,2024-02-20
HCM01,Nhà Bè,38.0,29.24,0.028,20.82,12.98,6.46,23:00:00,2024-02-20
HCM01,Nhà Bè,38.0,28.52,-0.041,14.07,14.12,6.98,23:30:00,2024-02-20
HCM02,Cát Lái,58.0,29.91,-0.03,9.45,6.44,7.63,00:00:00,2024-03-01
HCM02,Cát Lái,58.0,29.55,-0.005,11.34,6.49,7.44,00:30:00,2024-03-01
HCM02,Cát Lái,58.0,29.56,0.009,8.72,6.67,7.8,01:00:00,2024-03-01
HCM02,Cát Lái,58.0,29.62,0.033,7.42,7.01,6.99,01:30:00,2024-03-01
HCM02,Cát Lái,58.0,29.1,-0.022,13.85,7.88,6.78,02:00:00,2024-03-01
HCM02,Cát Lái,58.0,31.07,-0.014,12.52,7.46,7.54,02:30:00,2024-03-01
HCM02,Cát Lái,58.0,29.56,0.044,14.3,7.66,7.23,03:00:00,2024-03-01
HCM02,Cát Lái,58.0,29.23,0.068,12.22,7.38,8.17,03:30:00,2024-03-01
HCM02,Cát Lái,58.0,30.18,0.08,11.65,6.75,6.56,04:00:00,2024-03-01
HCM02,Cát Lái,58.0,31.16,0.023,6.21,6.96,7.84,04:30:00,2024-03-01
HCM02,Cát Lái,58.0,30.07,-0.006,11.39,7.95,7.19,05:00:00,2024-03-01
HCM02,Cát Lái,58.0,28.59,0.091,10.55,6.94,7.4,05:30:00,2024-03-01
HCM02,Cát Lái,58.0,28.97,0.073,7.06,6.24,7.36,06:00:00,2024-03-01
HCM02,Cát Lái,58.0,31.57,-0.014,13.08,6.87,7.49,06:30:00,2024-03-01
HCM02,Cát Lái,58.0,30.29,0.04,13.52,7.12,7.18,07:00:00,2024-03-01
HCM02,Cát Lái,58.0,28.55,0.073,12.76,6.31,7.31,07:30:00,2024-03-01
HCM02,Cát Lái,58.0,31.58,0.049,8.65,7.05,6.96,08:00:00,2024-03-01
HCM02,Cát Lái,58.0,29.11,0.006,11.52,8.56,5.93,08:30:00,2024-03-01
HCM02,Cát Lái,58.0,30.25,0.039,8.75,7.43,7.1,09:00:00,2024-03-01
HCM02,Cát Lái,58.0,28.92,0.092,10.24,6.75,7.46,09:30:00,2024-03-01
HCM02,Cát Lái,58.0,30.66,0.033,10.97,7.75,6.49,10:00:00,2024-03-01
HCM02,Cát Lái,58.0,27.86,0.02,10.08,6.19,7.03,10:30:00,2024-03-01
HCM02,Cát Lái,58.0,30.41,0.015,12.37,7.23,7.35,11:00:00,2024-03-01
HCM02,Cát Lái,58.0,29.98,0.049,9.43,6.25,7.42,11:30:00,2024-03-01
HCM02,Cát Lái,58.0,29.74,0.011,12.01,6.19,7.61,12:00:00,2024-03-01
HCM02,Cát Lái,58.0,30.89,-0.027,8.19,5.46,6.7,12:30:00,2024-03-01
HCM02,Cát Lái,58.0,30.96,-0.019,9.44,6.28,7.07,13:00:00,2024-03-01
HCM02,Cát Lái,58.0,31.92,-0.007,11.61,6.5,7.1,13:30:00,2024-03-01
HCM02,Cát Lái,58.0,29.9,0.026,11.56,7.28,6.67,14:00:00,2024-03-01
HCM02,Cát Lái,58.0,31.33,-0.014,8.2,5.99,7.75,14:30:00,2024-03-01
HCM02,Cát Lái,58.0,30.51,-0.001,9.01,5.03,7.13,15:00:00,2024-03-01
HCM02,Cát Lái,58.0,29.67,-0.069,9.25,5.92,7.98,15:30:00,2024-03-01
HCM02,Cát Lái,58.0,29.21,-0.071,8.17,5.74,7.46,16:00:00,2024-03-01
HCM02,Cát Lái,58.0,28.99,-0.072,13.25,6.06,7.62,16:30:00,2024-03-01
HCM02,Cát Lái,58.0,30.85,-0.039,8.13,5.22,7.73,17:00:00,2024-03-01
HCM02,Cát Lái,58.0,29.43,-0.032,10.38,6.84,6.38,17:30:00,2024-03-01
HCM02,Cát Lái,58.0,30.7,-0.035,10.97,5.69,7.38,18:00:00,2024-03-01
HCM02,Cát Lái,58.0,29.52,-0.048,12.15,5.9,7.61,18:30:00,2024-03-01
HCM02,Cát Lái,58.0,30.38,-0.09,9.64,5.48,7.39,19:00:00,2024-03-01
HCM02,Cát Lái,58.0,30.46,-0.104,11.25,6.72,6.88,19:30:00,2024-03-01
HCM02,Cát Lái,58.0,28.92,-0.081,7.76,5.31,7.04,20:00:00,2024-03-01
HCM02,Cát Lái,58.0,29.63,-0.075,9.38,5.87,6.89,20:30:00,2024-03-01
HCM02,Cát Lái,58.0,28.83,-0.067,11.44,5.74,6.95,21:00:00,2024-03-01
HCM02,Cát Lái,58.0,29.04,-0.037,10.87,6.13,6.64,21:30:00,2024-03-01
HCM02,Cát Lái,58.0,30.84,-0.039,11.67,6.06,6.47,22:00:00,2024-03-01
HCM02,Cát Lái,58.0,29.05,-0.027,11.02,6.08,7.12,22:30:00,2024-03-01
HCM02,Cát Lái,58.0,29.82,-0.007,10.12,6.64,6.74,23:00:00,2024-03-01
HCM02,Cát Lái,58.0,29.21,0.026,8.62,5.09,6.99,23:30:00,2024-03-01
HCM04,Long Đại,80.0,29.05,-0.029,1.52,1.25,7.33,00:00:00,2024-03-01
HCM04,Long Đại,80.0,29.88,0.017,2.29,1.57,7.92,00:30:00,2024-03-01
HCM04,Long Đại,80.0,30.42,0.013,2.82,1.94,7.24,01:00:00,2024-03-01
HCM04,Long Đại,80.0,29.91,0.034,2.5,1.42,7.74,01:30:00,2024-03-01
HCM04,Long Đại,80.0,30.48,-0.008,2.0,1.47,6.57,02:00:00,2024-03-01
HCM04,Long Đại,80.0,30.5,0.057,2.53,1.76,6.86,02:30:00,2024-03-01
HCM04,Long Đại,80.0,29.12,0.004,3.67,2.02,6.94,03:00:00,2024-03-01
HCM04,Long Đại,80.0,30.7,0.032,2.71,1.43,7.86,03:30:00,2024-03-01
HCM04,Long Đại,80.0,28.31,0.091,2.55,1.69,7.17,04:00:00,2024-03-01
HCM04,Long Đại,80.0,30.16,-0.0,2.57,1.52,6.83,04:30:00,2024-03-01
HCM04,Long Đại,80.0,30.58,0.065,3.03,1.92,8.25,05:00:00,2024-03-01
HCM04,Long Đại,80.0,30.21,0.016,3.07,1.43,7.31,05:30:00,2024-03-01
HCM04,Long Đại,80.0,30.37,0.094,1.72,1.22,7.93,06:00:00,2024-03-01
HCM04,Long Đại,80.0,29.97,0.068,3.22,1.85,7.73,06:30:00,2024-03-01
HCM04,Long Đại,80.0,30.11,0.035,2.5,1.4,7.73,07:00:00,2024-03-01
HCM04,Long Đại,80.0,28.15,0.047,2.32,1.65,7.09,07:30:00,2024-03-01
HCM04,Long Đại,80.0,30.47,-0.011,3.79,1.85,7.94,08:00:00,2024-03-01
HCM04,Long Đại,80.0,29.55,0.017,2.29,1.7,7.3,08:30:00,2024-03-01
HCM04,Long Đại,80.0,29.89,0.079,3.75,2.1,6.55,09:00:00,2024-03-01
HCM04,Long Đại,80.0,28.94,0.07,2.45,1.83,6.81,09:30:00,2024-03-01
HCM04,Long Đại,80.0,30.15,0.004,3.37,2.04,7.58,10:00:00,2024-03-01
HCM04,Long Đại,80.0,29.98,-0.004,2.79,1.86,6.69,10:30:00,2024-03-01
HCM04,Long Đại,80.0,30.03,-0.0,2.41,1.57,6.87,11:00:00,2024-03-01
HCM04,Long Đại,80.0,29.12,0.064,1.8,1.19,7.14,11:30:00,2024-03-01
HCM04,Long Đại,80.0,31.04,-0.016,3.29,2.0,8.21,12:00:00,2024-03-01
HCM04,Long Đại,80.0,31.92,0.041,2.9,1.74,8.02,12:30:00,2024-03-01
HCM04,Long Đại,80.0,29.46,-0.038,2.69,1.33,8.3,13:00:00,2024-03-01
HCM04,Long Đại,80.0,30.42,0.042,2.69,1.55,7.04,13:30:00,2024-03-01
HCM04,Long Đại,80.0,30.31,0.011,3.97,1.68,7.45,14:00:00,2024-03-01
HCM04,Long Đại,80.0,29.72,-0.015,1.78,1.09,6.76,14:30:00,2024-03-01
HCM04,Long Đại,80.0,29.56,-0.065,2.22,1.35,8.19,15:00:00,2024-03-01
HCM04,Long Đại,80.0,29.03,-0.001,2.04,1.29,7.38,15:30:00,2024-03-01
HCM04,Long Đại,80.0,29.7,-0.041,1.87,1.34,6.54,16:00:00,2024-03-01
HCM04,Long Đại,80.0,29.43,-0.066,2.51,1.56,7.24,16:30:00,2024-03-01
HCM04,Long Đại,80.0,29.86,-0.009,2.88,1.36,7.12,17:00:00,2024-03-01
HCM04,Long Đại,80.0,29.64,-0.038,1.7,1.24,6.49,17:30:00,2024-03-01
HCM04,Long Đại,80.0,29.43,-0.064,2.11,1.36,7.3,18:00:00,2024-03-01
HCM04,Long Đại,80.0,29.14,-0.006,1.59,1.2,7.64,18:30:00,2024-03-01
HCM04,Long Đại,80.0,29.0,-0.052,2.13,1.6,6.96,19:00:00,2024-03-01
HCM04,Long Đại,80.0,30.5,-0.043,2.14,1.55,7.33,19:30:00,2024-03-01
HCM04,Long Đại,80.0,29.54,-0.006,1.83,1.13,7.79,20:00:00,2024-03-01
HCM04,Long Đại,80.0,30.75,0.019,1.86,1.14,7.25,20:30:00,2024-03-01
HCM04,Long Đại,80.0,29.98,-0.021,1.5,1.17,6.84,21:00:00,2024-03-01
HCM04,Long Đại,80.0,29.4,-0.065,1.59,1.16,7.7,21:30:00,2024-03-01
HCM04,Long Đại,80.0,28.83,0.007,2.53,1.51,7.25,22:00:00,2024-03-01
HCM04,Long Đại,80.0,31.34,-0.069,2.66,1.17,7.22,22:30:00,2024-03-01
HCM04,Long Đại,80.0,30.8,-0.022,1.61,1.08,7.16,23:00:00,2024-03-01
HCM04,Long Đại,80.0,30.02,-0.002,2.02,1.14,7.77,23:30:00,2024-03-01
HCM03,Lý Nhơn,7.0,30.57,-0.028,23.15,12.83,6.82,00:00:00,2024-03-01
HCM03,Lý Nhơn,7.0,30.53,-0.04,37.59,16.37,6.33,00:30:00,2024-03-01
HCM03,Lý Nhơn,7.0,30.84,0.044,35.77,18.35,7.61,01:00:00,2024-03-01
HCM03,Lý Nhơn,7.0,30.57,0.011,27.23,15.74,6.01,01:30:00,2024-03-01
HCM03,Lý Nhơn,7.0,29.15,0.019,24.98,17.0,8.05,02:00:00,2024-03-01
HCM03,Lý Nhơn,7.0,30.44,0.012,27.02,17.16,6.78,02:30:00,2024-03-01
HCM03,Lý Nhơn,7.0,31.62,0.053,28.29,15.75,7.52,03:00:00,2024-03-01
HCM03,Lý Nhơn,7.0,29.16,0.048,21.2,17.26,7.59,03:30:00,2024-03-01
HCM03,Lý Nhơn,7.0,29.79,0.011,23.62,17.55,7.0,04:00:00,2024-03-01
HCM03,Lý Nhơn,7.0,29.74,0.015,29.27,16.96,6.42,04:30:00,2024-03-01
HCM03,Lý Nhơn,7.0,30.26,0.077,23.45,16.11,7.1,05:00:00,2024-03-01
HCM03,Lý Nhơn,7.0,28.65,0.09,27.84,18.29,6.94,05:30:00,2024-03-01
HCM03,Lý Nhơn,7.0,29.93,0.031,30.32,15.47,7.25,06:00:00,2024-03-01
HCM03,Lý Nhơn,7.0,29.15,0.075,19.6,13.32,6.58,06:30:00,2024-03-01
HCM03,Lý Nhơn,7.0,29.23,0.021,24.75,18.35,6.37,07:00:00,2024-03-01
HCM03,Lý Nhơn,7.0,32.4,0.058,27.39,17.28,7.12,07:30:00,2024-03-01
HCM03,Lý Nhơn,7.0,31.41,0.066,28.27,15.85,6.8,08:00:00,2024-03-01
HCM03,Lý Nhơn,7.0,30.49,0.062,27.21,15.29,6.48,08:30:00,2024-03-01
HCM03,Lý Nhơn,7.0,28.9,0.044,23.99,15.13,5.84,09:00:00,2024-03-01
HCM03,Lý Nhơn,7.0,28.83,0.006,23.36,14.86,6.73,09:30:00,2024-03-01
HCM03,Lý Nhơn,7.0,30.62,0.064,32.26,16.38,6.85,10:00:00,2024-03-01
HCM03,Lý Nhơn,7.0,30.22,-0.027,23.52,13.92,6.8,10:30:00,2024-03-01
HCM03,Lý Nhơn,7.0,28.28,0.061,27.15,19.9,5.68,11:00:00,2024-03-01
HCM03,Lý Nhơn,7.0,29.76,0.045,18.67,15.81,6.99,11:30:00,2024-03-01
HCM03,Lý Nhơn,7.0,28.99,-0.022,23.17,12.59,7.35,12:00:00,2024-03-01
HCM03,Lý Nhơn,7.0,28.9,0.076,24.98,14.81,6.91,12:30:00,2024-03-01
HCM03,Lý Nhơn,7.0,29.53,-0.001,23.89,15.03,7.36,13:00:00,2024-03-01
HCM03,Lý Nhơn,7.0,29.46,-0.04,26.37,16.64,6.44,13:30:00,2024-03-01
HCM03,Lý Nhơn,7.0,29.54,0.033,26.11,14.17,6.38,14:00:00,2024-03-01
HCM03,Lý Nhơn,7.0,29.08,-0.008,22.16,13.9,6.21,14:30:00,2024-03-01
HCM03,Lý Nhơn,7.0,30.67,-0.059,23.11,14.25,7.3,15:00:00,2024-03-01
HCM03,Lý Nhơn,7.0,29.41,0.036,18.84,13.1,7.28,15:30:00,2024-03-01
HCM03,Lý Nhơn,7.0,31.56,-0.05,21.9,12.37,6.78,16:00:00,2024-03-01
HCM03,Lý Nhơn,7.0,30.98,-0.101,28.63,13.95,7.0,16:30:00,2024-03-01
HCM03,Lý Nhơn,7.0,29.09,-0.007,16.3,12.72,6.13,17:00:00,2024-03-01
HCM03,Lý Nhơn,7.0,29.26,-0.062,22.44,14.6,6.47,17:30:00,2024-03-01
HCM03,Lý Nhơn,7.0,28.28,-0.086,19.99,11.21,7.93,18:00:00,2024-03-01
HCM03,Lý Nhơn,7.0,29.41,-0.084,20.14,13.21,6.98,18:30:00,2024-03-01
HCM03,Lý Nhơn,7.0,30.61,-0.019,21.32,13.42,6.8,19:00:00,2024-03-01
HCM03,Lý Nhơn,7.0,30.47,-0.038,27.67,15.21,7.41,19:30:00,2024-03-01
HCM03,Lý Nhơn,7.0,30.3,-0.073,18.17,12.71,6.5,20:00:00,2024-03-01
HCM03,Lý Nhơn,7.0,30.09,-0.016,22.25,14.18,6.21,20:30:00,2024-03-01
HCM03,Lý Nhơn,7.0,30.3,0.014,20.56,12.8,6.37,21:00:00,2024-03-01
HCM03,Lý Nhơn,7.0,28.91,-0.017,20.72,12.81,7.71,21:30:00,2024-03-01
HCM03,Lý Nhơn,7.0,29.27,-0.022,26.86,17.38,6.16,22:00:00,2024-03-01
HCM03,Lý Nhơn,7.0,30.62,-0.026,21.07,14.68,7.04,22:30:00,2024-03-01
HCM03,Lý Nhơn,7.0,29.17,-0.032,25.43,15.46,7.05,23:00:00,2024-03-01
HCM03,Lý Nhơn,7.0,30.44,-0.015,23.77,13.63,7.01,23:30:00,2024-03-01
HCM01,Nhà Bè,38.0,29.82,0.017,19.27,10.65,6.92,00:00:00,2024-03-01
HCM01,Nhà Bè,38.0,31.27,0.031,18.58,11.37,6.96,00:30:00,2024-03-01
HCM01,Nhà Bè,38.0,32.19,0.019,14.79,9.51,6.76,01:00:00,2024-03-01
HCM01,Nhà Bè,38.0,30.3,0.002,20.15,10.48,6.4,01:30:00,2024-03-01
HCM01,Nhà Bè,38.0,29.94,0.039,19.77,12.13,7.28,02:00:00,2024-03-01
HCM01,Nhà Bè,38.0,30.02,0.044,21.36,9.41,7.91,02:30:00,2024-03-01
HCM01,Nhà Bè,38.0,30.26,0.037,17.57,10.69,6.72,03:00:00,2024-03-01
HCM01,Nhà Bè,38.0,30.66,0.043,23.08,12.68,7.26,03:30:00,2024-03-01
HCM01,Nhà Bè,38.0,31.21,0.085,14.9,12.7,6.64,04:00:00,2024-03-01
HCM01,Nhà Bè,38.0,30.7,-0.008,15.16,14.13,6.42,04:30:00,2024-03-01
HCM01,Nhà Bè,38.0,31.27,0.079,21.69,12.71,7.35,05:00:00,2024-03-01
HCM01,Nhà Bè,38.0,30.75,0.034,16.62,10.91,6.77,05:30:00,2024-03-01
HCM01,Nhà Bè,38.0,31.31,0.06,23.71,12.35,7.88,06:00:00,2024-03-01
HCM01,Nhà Bè,38.0,30.81,0.033,17.85,10.26,7.49,06:30:00,2024-03-01
HCM01,Nhà Bè,38.0,28.92,0.023,15.99,12.29,7.03,07:00:00,2024-03-01
HCM01,Nhà Bè,38.0,29.26,0.088,25.22,11.24,6.53,07:30:00,2024-03-01
HCM01,Nhà Bè,38.0,30.77,0.042,16.69,12.18,7.48,08:00:00,2024-03-01
HCM01,Nhà Bè,38.0,30.48,0.038,17.27,10.5,7.47,08:30:00,2024-03-01
HCM01,Nhà Bè,38.0,29.85,0.023,19.75,12.53,7.32,09:00:00,2024-03-01
HCM01,Nhà Bè,38.0,29.45,0.037,24.95,14.71,6.53,09:30:00,2024-03-01
HCM01,Nhà Bè,38.0,29.37,0.003,21.99,12.68,6.54,10:00:00,2024-03-01
HCM01,Nhà Bè,38.0,28.92,-0.062,19.23,11.67,7.82,10:30:00,2024-03-01
HCM01,Nhà Bè,38.0,30.65,0.015,18.54,11.76,7.26,11:00:00,2024-03-01
HCM01,Nhà Bè,38.0,29.07,-0.022,13.98,9.41,7.38,11:30:00,2024-03-01
HCM01,Nhà Bè,38.0,30.85,0.014,16.72,10.45,7.47,12:00:00,2024-03-01
HCM01,Nhà Bè,38.0,29.76,0.014,12.44,9.98,6.24,12:30:00,2024-03-01
HCM01,Nhà Bè,38.0,29.29,-0.031,16.43,10.26,7.52,13:00:00,2024-03-01
HCM01,Nhà Bè,38.0,30.34,-0.031,11.62,10.36,6.59,13:30:00,2024-03-01
HCM01,Nhà Bè,38.0,28.31,-0.088,16.39,10.25,7.27,14:00:00,2024-03-01
HCM01,Nhà Bè,38.0,28.8,-0.084,15.74,9.31,6.97,14:30:00,2024-03-01
HCM01,Nhà Bè,38.0,30.61,-0.023,17.61,9.31,7.1,15:00:00,2024-03-01
HCM01,Nhà Bè,38.0,29.64,-0.092,15.34,8.72,7.18,15:30:00,2024-03-01
HCM01,Nhà Bè,38.0,28.85,-0.047,9.36,8.71,6.31,16:00:00,2024-03-01
HCM01,Nhà Bè,38.0,31.19,-0.071,12.14,9.4,6.87,16:30:00,2024-03-01
HCM01,Nhà Bè,38.0,30.06,-0.068,10.38,7.02,8.09,17:00:00,2024-03-01
HCM01,Nhà Bè,38.0,28.89,-0.036,13.27,10.08,6.47,17:30:00,2024-03-01
HCM01,Nhà Bè,38.0,29.75,0.005,13.71,8.12,7.23,18:00:00,2024-03-01
HCM01,Nhà Bè,38.0,31.62,-0.028,14.02,9.98,7.03,18:30:00,2024-03-01
HCM01,Nhà Bè,38.0,29.89,-0.067,17.25,11.21,7.0,19:00:00,2024-03-01
HCM01,Nhà Bè,38.0,28.93,-0.016,13.22,10.47,6.24,19:30:00,2024-03-01
HCM01,Nhà Bè,38.0,30.71,-0.044,13.37,9.42,7.51,20:00:00,2024-03-01
HCM01,Nhà Bè,38.0,29.45,0.048,17.42,10.02,8.11,20:30:00,2024-03-01
HCM01,Nhà Bè,38.0,30.09,-0.023,18.39,9.41,7.55,21:00:00,2024-03-01
HCM01,Nhà Bè,38.0,31.41,-0.031,16.96,9.28,7.21,21:30:00,2024-03-01
HCM01,Nhà Bè,38.0,30.48,0.003,19.9,10.56,6.65,22:00:00,2024-03-01
HCM01,Nhà Bè,38.0,29.97,-0.01,17.96,10.37,7.36,22:30:00,2024-03-01
HCM01,Nhà Bè,38.0,29.72,0.022,15.56,10.38,7.62,23:00:00,2024-03-01
HCM01,Nhà Bè,38.0,30.94,-0.013,17.15,10.91,7.2,23:30:00,2024-03-01
HCM02,Cát Lái,58.0,30.4,0.017,9.88,6.62,7.31,00:00:00,2024-03-02
HCM02,Cát Lái,58.0,30.28,-0.054,9.12,6.66,7.08,00:30:00,2024-03-02
HCM02,Cát Lái,58.0,28.64,-0.006,9.97,5.88,7.96,01:00:00,2024-03-02
HCM02,Cát Lái,58.0,29.92,0.094,10.87,7.04,7.14,01:30:00,2024-03-02
HCM02,Cát Lái,58.0,29.37,0.011,12.16,7.93,7.84,02:00:00,2024-03-02
HCM02,Cát Lái,58.0,31.15,-0.004,9.79,7.04,6.91,02:30:00,2024-03-02
HCM02,Cát Lái,58.0,31.27,0.047,8.38,5.85,7.01,03:00:00,2024-03-02
HCM02,Cát Lái,58.0,29.58,0.084,12.72,7.1,7.26,03:30:00,2024-03-02
HCM02,Cát Lái,58.0,31.18,0.045,10.65,7.14,6.82,04:00:00,2024-03-02
HCM02,Cát Lái,58.0,30.58,0.046,13.01,8.05,7.35,04:30:00,2024-03-02
HCM02,Cát Lái,58.0,29.58,0.045,10.92,7.3,7.62,05:00:00,2024-03-02
HCM02,Cát Lái,58.0,29.56,0.097,11.32,7.39,7.95,05:30:00,2024-03-02
HCM02,Cát Lái,58.0,30.98,0.058,11.35,6.8,8.01,06:00:00,2024-03-02
HCM02,Cát Lái,58.0,30.71,0.064,10.86,5.99,7.32,06:30:00,2024-03-02
HCM02,Cát Lái,58.0,29.91,0.077,10.16,7.58,7.5,07:00:00,2024-03-02
HCM02,Cát Lái,58.0,31.03,0.033,15.48,8.65,7.2,07:30:00,2024-03-02
HCM02,Cát Lái,58.0,29.34,0.044,9.76,7.64,7.37,08:00:00,2024-03-02
HCM02,Cát Lái,58.0,30.84,0.053,10.88,8.05,7.71,08:30:00,2024-03-02
HCM02,Cát Lái,58.0,30.35,0.069,11.65,6.62,8.53,09:00:00,2024-03-02
HCM02,Cát Lái,58.0,30.55,0.064,11.57,7.54,6.94,09:30:00,2024-03-02
HCM02,Cát Lái,58.0,28.81,0.042,13.27,6.38,7.74,10:00:00,2024-03-02
HCM02,Cát Lái,58.0,30.43,0.053,8.24,5.13,6.7,10:30:00,2024-03-02
HCM02,Cát Lái,58.0,29.36,-0.015,12.69,7.83,6.26,11:00:00,2024-03-02
HCM02,Cát Lái,58.0,28.89,-0.001,9.73,5.8,7.07,11:30:00,2024-03-02
HCM02,Cát Lái,58.0,30.62,0.029,9.98,6.73,7.02,12:00:00,2024-03-02
HCM02,Cát Lái,58.0,30.43,0.015,10.66,5.89,6.37,12:30:00,2024-03-02
HCM02,Cát Lái,58.0,29.81,-0.029,9.91,6.11,7.61,13:00:00,2024-03-02
HCM02,Cát Lái,58.0,29.78,-0.03,9.5,6.28,7.33,13:30:00,2024-03-02
HCM02,Cát Lái,58.0,30.03,-0.037,9.74,5.72,7.87,14:00:00,2024-03-02
HCM02,Cát Lái,58.0,29.4,-0.013,6.66,5.07,7.32,14:30:00,2024-03-02
HCM02,Cát Lái,58.0,30.3,-0.014,9.24,6.52,7.14,15:00:00,2024-03-02
HCM02,Cát Lái,58.0,30.47,-0.032,10.17,5.97,7.36,15:30:00,2024-03-02
HCM02,Cát Lái,58.0,29.98,-0.112,5.93,5.15,7.87,16:00:00,2024-03-02
HCM02,Cát Lái,58.0,30.88,-0.022,8.66,4.88,7.32,16:30:00,2024-03-02
HCM02,Cát Lái,58.0,30.28,-0.042,8.04,5.88,6.91,17:00:00,2024-03-02
HCM02,Cát Lái,58.0,30.86,-0.016,8.87,5.45,8.04,17:30:00,2024-03-02
HCM02,Cát Lái,58.0,30.58,-0.061,10.63,5.71,7.15,18:00:00,2024-03-02
HCM02,Cát Lái,58.0,30.08,-0.018,7.38,4.74,6.9,18:30:00,2024-03-02
HCM02,Cát Lái,58.0,28.0,0.005,10.63,5.57,7.22,19:00:00,2024-03-02
HCM02,Cát Lái,58.0,30.18,-0.034,11.81,5.97,7.91,19:30:00,2024-03-02
HCM02,Cát Lái,58.0,30.99,-0.029,9.27,5.24,7.22,20:00:00,2024-03-02
HCM02,Cát Lái,58.0,29.87,-0.065,10.5,6.15,7.89,20:30:00,2024-03-02
HCM02,Cát Lái,58.0,29.33,-0.08,7.85,6.21,6.95,21:00:00,2024-03-02
HCM02,Cát Lái,58.0,30.93,-0.049,8.15,5.4,6.41,21:30:00,2024-03-02
HCM02,Cát Lái,58.0,30.31,-0.033,6.37,5.58,7.55,22:00:00,2024-03-02
HCM02,Cát Lái,58.0,29.79,-0.002,10.97,7.03,7.97,22:30:00,2024-03-02
HCM02,Cát Lái,58.0,29.63,-0.038,10.76,6.84,7.66,23:00:00,2024-03-02
HCM02,Cát Lái,58.0,29.71,0.03,14.59,8.01,7.1,23:30:00,2024-03-02
HCM04,Long Đại,80.0,30.92,-0.009,3.14,1.7,6.9,00:00:00,2024-03-02
HCM04,Long Đại,80.0,29.54,0.031,2.66,1.55,6.54,00:30:00,2024-03-02
HCM04,Long Đại,80.0,31.13,-0.012,2.38,1.63,7.11,01:00:00,2024-03-02
HCM04,Long Đại,80.0,31.05,0.005,2.52,1.53,7.84,01:30:00,2024-03-02
HCM04,Long Đại,80.0,30.66,0.023,2.51,1.53,7.55,02:00:00,2024-03-02
HCM04,Long Đại,80.0,30.09,0.03,2.84,1.98,7.54,02:30:00,2024-03-02
HCM04,Long Đại,80.0,28.89,0.009,1.83,1.27,7.37,03:00:00,2024-03-02
HCM04,Long Đại,80.0,30.14,0.066,3.51,2.08,7.52,03:30:00,2024-03-02
HCM04,Long Đại,80.0,29.56,0.037,4.24,2.16,8.33,04:00:00,2024-03-02
HCM04,Long Đại,80.0,29.35,0.088,2.67,1.56,6.28,04:30:00,2024-03-02
HCM04,Long Đại,80.0,30.63,0.054,3.08,1.92,7.57,05:00:00,2024-03-02
HCM04,Long Đại,80.0,30.23,0.098,1.69,1.26,7.61,05:30:00,2024-03-02
HCM04,Long Đại,80.0,31.22,0.075,2.37,1.94,7.71,06:00:00,2024-03-02
HCM04,Long Đại,80.0,28.11,0.06,3.08,2.09,6.72,06:30:00,2024-03-02
HCM04,Long Đại,80.0,29.42,0.016,3.55,1.78,6.73,07:00:00,2024-03-02
HCM04,Long Đại,80.0,30.17,0.06,4.51,2.0,7.71,07:30:00,2024-03-02
HCM04,Long Đại,80.0,31.96,0.032,2.61,1.72,7.72,08:00:00,2024-03-02
HCM04,Long Đại,80.0,30.62,0.062,2.52,1.79,7.39,08:30:00,2024-03-02
HCM04,Long Đại,80.0,28.66,0.051,3.35,1.78,7.69,09:00:00,2024-03-02
HCM04,Long Đại,80.0,30.87,0.045,2.57,1.85,7.96,09:30:00,2024-03-02
HCM04,Long Đại,80.0,29.55,0.027,2.08,2.14,6.96,10:00:00,2024-03-02
HCM04,Long Đại,80.0,30.17,-0.02,3.48,1.93,7.39,10:30:00,2024-03-02
HCM04,Long Đại,80.0,31.26,-0.049,3.8,2.2,6.83,11:00:00,2024-03-02
HCM04,Long Đại,80.0,29.33,0.018,3.59,2.03,8.18,11:30:00,2024-03-02
HCM04,Long Đại,80.0,28.75,-0.021,3.11,1.78,7.5,12:00:00,2024-03-02
HCM04,Long Đại,80.0,29.03,0.028,3.01,2.08,7.26,12:30:00,2024-03-02
HCM04,Long Đại,80.0,30.5,0.007,2.68,1.96,7.49,13:00:00,2024-03-02
HCM04,Long Đại,80.0,29.34,-0.034,2.33,1.36,8.07,13:30:00,2024-03-02
HCM04,Long Đại,80.0,29.55,-0.049,1.93,1.42,7.38,14:00:00,2024-03-02
HCM04,Long Đại,80.0,29.41,-0.036,3.13,1.58,7.47,14:30:00,2024-03-02
HCM04,Long Đại,80.0,29.43,-0.028,2.43,1.65,6.67,15:00:00,2024-03-02
HCM04,Long Đại,80.0,29.03,-0.007,2.68,1.55,8.23,15:30:00,2024-03-02
HCM04,Long Đại,80.0,30.51,-0.063,1.72,1.41,7.7,16:00:00,2024-03-02
HCM04,Long Đại,80.0,31.38,-0.044,2.68,1.64,7.79,16:30:00,2024-03-02
HCM04,Long Đại,80.0,31.0,-0.018,1.74,1.1,7.56,17:00:00,2024-03-02
HCM04,Long Đại,80.0,29.07,-0.091,2.93,1.61,7.82,17:30:00,2024-03-02
HCM04,Long Đại,80.0,29.57,-0.049,2.75,1.78,6.44,18:00:00,2024-03-02
HCM04,Long Đại,80.0,29.13,-0.044,3.18,1.71,7.55,18:30:00,2024-03-02
HCM04,Long Đại,80.0,30.48,-0.02,1.17,1.09,6.65,19:00:00,2024-03-02
HCM04,Long Đại,80.0,29.39,0.006,2.0,1.73,6.45,19:30:00,2024-03-02
HCM04,Long Đại,80.0,30.83,-0.1,1.87,1.26,7.38,20:00:00,2024-03-02
HCM04,Long Đại,80.0,30.44,-0.039,2.77,1.84,6.74,20:30:00,2024-03-02
HCM04,Long Đại,80.0,29.11,-0.041,2.8,1.65,7.09,21:00:00,2024-03-02
HCM04,Long Đại,80.0,27.85,-0.059,2.21,1.21,7.24,21:30:00,2024-03-02
HCM04,Long Đại,80.0,28.67,0.014,1.51,1.14,8.2,22:00:00,2024-03-02
HCM04,Long Đại,80.0,31.4,-0.003,2.69,1.4,6.94,22:30:00,2024-03-02
HCM04,Long Đại,80.0,31.39,-0.023,2.93,1.58,7.22,23:00:00,2024-03-02
HCM04,Long Đại,80.0,29.72,-0.014,2.64,1.58,7.42,23:30:00,2024-03-02
HCM03,Lý Nhơn,7.0,30.23,-0.039,27.83,17.22,6.37,00:00:00,2024-03-02
HCM03,Lý Nhơn,7.0,29.12,0.008,28.34,18.67,7.04,00:30:00,2024-03-02
HCM03,Lý Nhơn,7.0,30.87,-0.001,27.36,17.99,5.91,01:00:00,2024-03-02
HCM03,Lý Nhơn,7.0,29.14,-0.015,19.99,21.58,6.97,01:30:00,2024-03-02
HCM03,Lý Nhơn,7.0,29.99,-0.017,27.67,17.33,6.57,02:00:00,2024-03-02
HCM03,Lý Nhơn,7.0,29.95,-0.011,31.25,18.92,6.94,02:30:00,2024-03-02
HCM03,Lý Nhơn,7.0,30.96,-0.001,39.58,22.25,6.71,03:00:00,2024-03-02
HCM03,Lý Nhơn,7.0,27.86,0.102,31.19,23.53,6.91,03:30:00,2024-03-02
HCM03,Lý Nhơn,7.0,29.28,0.083,23.4,17.48,6.26,04:00:00,2024-03-02
HCM03,Lý Nhơn,7.0,28.91,0.002,28.4,19.87,7.08,04:30:00,2024-03-02
HCM03,Lý Nhơn,7.0,31.38,0.092,30.15,21.12,6.61,05:00:00,2024-03-02
HCM03,Lý Nhơn,7.0,29.43,0.074,32.18,20.08,7.38,05:30:00,2024-03-02
HCM03,Lý Nhơn,7.0,30.03,0.078,26.91,16.99,7.2,06:00:00,2024-03-02
HCM03,Lý Nhơn,7.0,28.95,0.078,31.7,19.08,6.71,06:30:00,2024-03-02
HCM03,Lý Nhơn,7.0,28.83,-0.002,32.41,20.07,5.92,07:00:00,2024-03-02
HCM03,Lý Nhơn,7.0,29.82,0.057,33.03,19.12,6.25,07:30:00,2024-03-02
HCM03,Lý Nhơn,7.0,28.34,0.015,38.64,19.57,6.85,08:00:00,2024-03-02
HCM03,Lý Nhơn,7.0,30.07,0.047,28.91,15.61,7.42,08:30:00,2024-03-02
HCM03,Lý Nhơn,7.0,28.77,0.057,32.72,21.68,7.32,09:00:00,2024-03-02
HCM03,Lý Nhơn,7.0,30.63,0.083,30.95,17.93,6.14,09:30:00,2024-03-02
HCM03,Lý Nhơn,7.0,31.19,0.093,26.94,22.64,7.61,10:00:00,2024-03-02
HCM03,Lý Nhơn,7.0,29.57,0.018,37.95,19.15,7.34,10:30:00,2024-03-02
HCM03,Lý Nhơn,7.0,31.27,-0.024,36.32,20.46,6.4,11:00:00,2024-03-02
HCM03,Lý Nhơn,7.0,30.14,0.01,30.22,18.75,7.35,11:30:00,2024-03-02
HCM03,Lý Nhơn,7.0,30.06,0.02,36.42,22.06,5.29,12:00:00,2024-03-02
HCM03,Lý Nhơn,7.0,29.11,-0.052,24.97,18.07,7.3,12:30:00,2024-03-02
HCM03,Lý Nhơn,7.0,30.39,-0.049,29.42,19.04,6.37,13:00:00,2024-03-02
HCM03,Lý Nhơn,7.0,28.91,-0.011,20.47,15.97,7.19,13:30:00,2024-03-02
HCM03,Lý Nhơn,7.0,31.24,0.004,28.54,18.65,6.95,14:00:00,2024-03-02
HCM03,Lý Nhơn,7.0,28.59,-0.029,15.88,11.53,6.35,14:30:00,2024-03-02
HCM03,Lý Nhơn,7.0,30.3,-0.033,26.18,14.58,7.23,15:00:00,2024-03-02
HCM03,Lý Nhơn,7.0,29.3,-0.064,30.4,15.89,6.8,15:30:00,2024-03-02
HCM03,Lý Nhơn,7.0,30.93,-0.09,23.61,16.27,7.33,16:00:00,2024-03-02
HCM03,Lý Nhơn,7.0,29.13,-0.067,25.35,15.96,7.27,16:30:00,2024-03-02
HCM03,Lý Nhơn,7.0,30.87,-0.032,25.24,14.94,7.32,17:00:00,2024-03-02
HCM03,Lý Nhơn,7.0,31.19,-0.095,20.68,14.33,6.92,17:30:00,2024-03-02
HCM03,Lý Nhơn,7.0,30.43,-0.043,27.29,14.77,7.01,18:00:00,2024-03-02
HCM03,Lý Nhơn,7.0,30.83,-0.028,18.88,15.03,6.61,18:30:00,2024-03-02
HCM03,Lý Nhơn,7.0,30.48,-0.021,25.37,15.44,6.84,19:00:00,2024-03-02
HCM03,Lý Nhơn,7.0,28.71,-0.049,22.77,15.35,6.53,19:30:00,2024-03-02
HCM03,Lý Nhơn,7.0,30.26,0.012,24.19,14.26,7.0,20:00:00,2024-03-02
HCM03,Lý Nhơn,7.0,30.44,-0.026,29.61,15.76,7.15,20:30:00,2024-03-02
HCM03,Lý Nhơn,7.0,29.1,-0.018,27.83,16.52,7.61,21:00:00,2024-03-02
HCM03,Lý Nhơn,7.0,31.96,-0.043,24.18,16.38,7.12,21:30:00,2024-03-02
HCM03,Lý Nhơn,7.0,28.79,-0.032,21.34,17.78,5.98,22:00:00,2024-03-02
HCM03,Lý Nhơn,7.0,30.11,0.024,30.13,17.44,7.23,22:30:00,2024-03-02
HCM03,Lý Nhơn,7.0,30.38,-0.053,34.41,17.77,7.53,23:00:00,2024-03-02
HCM03,Lý Nhơn,7.0,29.77,-0.015,27.65,17.74,7.01,23:30:00,2024-03-02
HCM01,Nhà Bè,38.0,30.16,-0.006,13.64,10.75,6.34,00:00:00,2024-03-02
HCM01,Nhà Bè,38.0,28.93,-0.038,17.06,9.91,7.18,00:30:00,2024-03-02
HCM01,Nhà Bè,38.0,29.82,0.076,19.37,10.62,6.92,01:00:00,2024-03-02
HCM01,Nhà Bè,38.0,29.28,0.015,18.41,9.68,7.3,01:30:00,2024-03-02
HCM01,Nhà Bè,38.0,31.01,-0.009,14.51,10.55,7.48,02:00:00,2024-03-02
HCM01,Nhà Bè,38.0,29.81,0.035,21.66,10.7,7.23,02:30:00,2024-03-02
HCM01,Nhà Bè,38.0,29.9,0.074,21.99,12.58,6.61,03:00:00,2024-03-02
HCM01,Nhà Bè,38.0,32.03,0.007,22.25,11.73,6.76,03:30:00,2024-03-02
HCM01,Nhà Bè,38.0,29.69,0.032,25.02,11.79,6.6,04:00:00,2024-03-02
HCM01,Nhà Bè,38.0,28.16,0.069,14.4,10.73,6.23,04:30:00,2024-03-02
HCM01,Nhà Bè,38.0,28.04,0.023,18.5,12.32,6.56,05:00:00,2024-03-02
HCM01,Nhà Bè,38.0,30.07,0.032,16.75,11.98,7.29,05:30:00,2024-03-02
HCM01,Nhà Bè,38.0,30.35,-0.022,17.59,11.52,7.03,06:00:00,2024-03-02
HCM01,Nhà Bè,38.0,29.04,0.033,20.06,11.45,6.38,06:30:00,2024-03-02
HCM01,Nhà Bè,38.0,30.09,0.023,20.63,12.66,7.43,07:00:00,2024-03-02
HCM01,Nhà Bè,38.0,29.93,0.036,18.01,10.66,7.12,07:30:00,2024-03-02
HCM01,Nhà Bè,38.0,28.57,0.027,33.08,16.13,6.88,08:00:00,2024-03-02
HCM01,Nhà Bè,38.0,30.68,0.028,14.9,10.88,7.2,08:30:00,2024-03-02
HCM01,Nhà Bè,38.0,29.86,0.059,14.74,11.27,6.66,09:00:00,2024-03-02
HCM01,Nhà Bè,38.0,29.74,0.009,16.2,11.5,7.57,09:30:00,2024-03-02
HCM01,Nhà Bè,38.0,29.42,0.037,23.04,11.48,6.7,10:00:00,2024-03-02
HCM01,Nhà Bè,38.0,29.39,0.002,16.24,11.66,6.76,10:30:00,2024-03-02
HCM01,Nhà Bè,38.0,30.8,0.043,17.75,11.65,7.12,11:00:00,2024-03-02
HCM01,Nhà Bè,38.0,30.0,0.011,13.04,10.34,6.97,11:30:00,2024-03-02
HCM01,Nhà Bè,38.0,30.69,-0.023,17.58,12.67,6.4,12:00:00,2024-03-02
HCM01,Nhà Bè,38.0,29.94,0.024,19.12,10.44,7.68,12:30:00,2024-03-02
HCM01,Nhà Bè,38.0,30.33,0.005,15.28,8.9,7.81,13:00:00,2024-03-02
HCM01,Nhà Bè,38.0,30.0,-0.053,15.3,8.09,5.88,13:30:00,2024-03-02
HCM01,Nhà Bè,38.0,30.97,0.018,15.95,8.24,6.71,14:00:00,2024-03-02
HCM01,Nhà Bè,38.0,31.27,-0.043,15.33,9.24,7.51,14:30:00,2024-03-02
HCM01,Nhà Bè,38.0,30.57,-0.023,10.27,6.19,7.35,15:00:00,2024-03-02
HCM01,Nhà Bè,38.0,29.0,-0.033,10.96,9.54,7.41,15:30:00,2024-03-02
HCM01,Nhà Bè,38.0,29.51,-0.083,15.55,10.17,6.97,16:00:00,2024-03-02
HCM01,Nhà Bè,38.0,30.07,-0.086,14.12,8.86,7.84,16:30:00,2024-03-02
HCM01,Nhà Bè,38.0,30.27,-0.019,12.77,10.03,7.2,17:00:00,2024-03-02
HCM01,Nhà Bè,38.0,29.77,-0.042,13.31,7.98,7.72,17:30:00,2024-03-02
HCM01,Nhà Bè,38.0,30.36,-0.076,15.35,9.08,7.42,18:00:00,2024-03-02
HCM01,Nhà Bè,38.0,30.09,-0.066,11.89,8.6,6.95,18:30:00,2024-03-02
HCM01,Nhà Bè,38.0,30.53,-0.009,13.52,11.04,6.82,19:00:00,2024-03-02
HCM01,Nhà Bè,38.0,30.15,-0.067,9.88,8.49,7.46,19:30:00,2024-03-02
HCM01,Nhà Bè,38.0,29.65,-0.015,9.64,8.81,7.31,20:00:00,2024-03-02
HCM01,Nhà Bè,38.0,31.08,-0.015,13.06,10.27,6.6,20:30:00,2024-03-02
HCM01,Nhà Bè,38.0,30.9,-0.025,15.36,8.53,6.95,21:00:00,2024-03-02
HCM01,Nhà Bè,38.0,30.61,-0.034,12.27,8.51,7.61,21:30:00,2024-03-02
HCM01,Nhà Bè,38.0,29.77,-0.035,13.36,8.86,7.16,22:00:00,2024-03-02
HCM01,Nhà Bè,38.0,30.47,-0.069,14.14,10.48,7.11,22:30:00,2024-03-02
HCM01,Nhà Bè,38.0,30.64,-0.008,18.36,10.07,8.24,23:00:00,2024-03-02
HCM01,Nhà Bè,38.0,31.29,-0.001,17.39,9.16,7.05,23:30:00,2024-03-02
HCM02,Cát Lái,58.0,30.3,-0.011,9.77,6.71,7.37,00:00:00,2024-03-03
HCM02,Cát Lái,58.0,30.39,0.021,13.04,6.61,7.37,00:30:00,2024-03-03
HCM02,Cát Lái,58.0,29.55,0.056,10.54,6.02,8.34,01:00:00,2024-03-03
HCM02,Cát Lái,58.0,31.55,0.045,10.71,6.73,7.7,01:30:00,2024-03-03
HCM02,Cát Lái,58.0,29.95,0.086,10.05,7.12,7.36,02:00:00,2024-03-03
HCM02,Cát Lái,58.0,30.41,0.001,11.82,8.08,7.54,02:30:00,2024-03-03
HCM02,Cát Lái,58.0,30.79,0.046,15.59,8.27,7.35,03:00:00,2024-03-03
HCM02,Cát Lái,58.0,29.55,0.121,14.72,7.7,6.9,03:30:00,2024-03-03
HCM02,Cát Lái,58.0,29.55,0.049,9.44,6.54,6.52,04:00:00,2024-03-03
HCM02,Cát Lái,58.0,29.73,0.056,13.07,7.43,7.24,04:30:00,2024-03-03
HCM02,Cát Lái,58.0,29.0,0.051,12.67,7.43,7.2,05:00:00,2024-03-03
HCM02,Cát Lái,58.0,29.8,0.084,16.38,8.52,6.14,05:30:00,2024-03-03
HCM02,Cát Lái,58.0,30.47,0.023,11.06,7.58,7.18,06:00:00,2024-03-03
HCM02,Cát Lái,58.0,31.27,0.042,12.01,7.51,7.14,06:30:00,2024-03-03
HCM02,Cát Lái,58.0,29.57,0.054,8.78,6.74,7.48,07:00:00,2024-03-03
HCM02,Cát Lái,58.0,30.33,0.053,12.27,7.71,6.97,07:30:00,2024-03-03
HCM02,Cát Lái,58.0,31.11,0.021,11.13,7.39,6.58,08:00:00,2024-03-03
HCM02,Cát Lái,58.0,30.91,0.022,15.34,9.1,6.79,08:30:00,2024-03-03
HCM02,Cát Lái,58.0,31.94,0.019,10.32,7.39,8.04,09:00:00,2024-03-03
HCM02,Cát Lái,58.0,29.64,0.057,12.74,6.43,7.59,09:30:00,2024-03-03
HCM02,Cát Lái,58.0,28.47,0.072,11.66,7.29,6.31,10:00:00,2024-03-03
HCM02,Cát Lái,58.0,30.44,0.009,7.84,7.34,6.75,10:30:00,2024-03-03
HCM02,Cát Lái,58.0,30.31,0.047,10.88,7.4,6.66,11:00:00,2024-03-03
HCM02,Cát Lái,58.0,30.1,-0.009,12.28,6.81,7.31,11:30:00,2024-03-03
HCM02,Cát Lái,58.0,31.03,0.022,9.66,6.84,7.07,12:00:00,2024-03-03
HCM02,Cát Lái,58.0,30.29,-0.027,8.46,5.71,6.75,12:30:00,2024-03-03
HCM02,Cát Lái,58.0,29.72,-0.074,9.08,5.38,7.64,13:00:00,2024-03-03
HCM02,Cát Lái,58.0,29.23,-0.032,7.68,6.25,6.5,13:30:00,2024-03-03
HCM02,Cát Lái,58.0,29.95,-0.019,9.59,5.76,6.39,14:00:00,2024-03-03
HCM02,Cát Lái,58.0,29.87,-0.025,11.28,6.17,7.84,14:30:00,2024-03-03
HCM02,Cát Lái,58.0,29.94,-0.066,9.82,6.5,7.85,15:00:00,2024-03-03
HCM02,Cát Lái,58.0,29.96,-0.001,8.21,5.88,8.0,15:30:00,2024-03-03
HCM02,Cát Lái,58.0,29.96,-0.117,6.21,4.96,8.02,16:00:00,2024-03-03
HCM02,Cát Lái,58.0,29.88,-0.038,10.2,7.25,7.28,16:30:00,2024-03-03
HCM02,Cát Lái,58.0,30.05,-0.073,8.64,5.78,7.66,17:00:00,2024-03-03
HCM02,Cát Lái,58.0,28.21,-0.004,8.78,4.97,7.74,17:30:00,2024-03-03
HCM02,Cát Lái,58.0,30.66,-0.05,11.49,6.16,6.63,18:00:00,2024-03-03
HCM02,Cát Lái,58.0,30.13,-0.087,6.51,4.76,7.45,18:30:00,2024-03-03
HCM02,Cát Lái,58.0,31.31,-0.017,8.45,5.63,7.53,19:00:00,2024-03-03
HCM02,Cát Lái,58.0,28.97,-0.024,8.0,5.85,7.3,19:30:00,2024-03-03
HCM02,Cát Lái,58.0,30.74,-0.044,8.28,4.95,6.97,20:00:00,2024-03-03
HCM02,Cát Lái,58.0,30.46,-0.018,5.93,6.18,7.61,20:30:00,2024-03-03
HCM02,Cát Lái,58.0,29.21,-0.04,11.34,6.12,6.99,21:00:00,2024-03-03
HCM02,Cát Lái,58.0,30.82,-0.005,9.88,6.43,6.87,21:30:00,2024-03-03
HCM02,Cát Lái,58.0,29.77,-0.057,9.44,6.24,6.79,22:00:00,2024-03-03
HCM02,Cát Lái,58.0,30.21,-0.021,10.77,5.94,7.59,22:30:00,2024-03-03
HCM02,Cát Lái,58.0,29.81,-0.009,8.65,6.0,6.9,23:00:00,2024-03-03
HCM02,Cát Lái,58.0,30.26,-0.032,9.99,5.89,8.62,23:30:00,2024-03-03
HCM04,Long Đại,80.0,30.02,0.007,1.48,0.93,8.48,00:00:00,2024-03-03
HCM04,Long Đại,80.0,30.03,-0.088,3.22,1.83,7.51,00:30:00,2024-03-03
HCM04,Long Đại,80.0,29.16,0.005,2.18,1.76,7.62,01:00:00,2024-03-03
HCM04,Long Đại,80.0,29.49,0.023,3.29,1.57,7.26,01:30:00,2024-03-03
HCM04,Long Đại,80.0,29.74,0.0,2.46,1.74,7.47,02:00:00,2024-03-03
HCM04,Long Đại,80.0,29.35,0.044,3.39,2.18,7.96,02:30:00,2024-03-03
HCM04,Long Đại,80.0,29.18,0.027,2.84,2.05,7.71,03:00:00,2024-03-03
HCM04,Long Đại,80.0,30.57,0.029,1.97,1.39,8.68,03:30:00,2024-03-03
HCM04,Long Đại,80.0,30.28,0.064,3.36,2.3,7.22,04:00:00,2024-03-03
HCM04,Long Đại,80.0,30.99,0.086,3.11,1.84,8.03,04:30:00,2024-03-03
HCM04,Long Đại,80.0,30.13,0.067,1.65,1.44,7.78,05:00:00,2024-03-03
HCM04,Long Đại,80.0,28.72,0.08,2.78,1.52,7.3,05:30:00,2024-03-03
HCM04,Long Đại,80.0,30.27,0.069,3.72,2.09,7.8,06:00:00,2024-03-03
HCM04,Long Đại,80.0,30.81,0.008,3.73,1.88,7.17,06:30:00,2024-03-03
HCM04,Long Đại,80.0,29.72,0.033,2.14,1.63,7.64,07:00:00,2024-03-03
HCM04,Long Đại,80.0,30.27,0.125,3.13,2.07,7.9,07:30:00,2024-03-03
HCM04,Long Đại,80.0,28.74,0.093,2.79,1.63,6.9,08:00:00,2024-03-03
HCM04,Long Đại,80.0,30.83,0.053,2.81,1.9,7.22,08:30:00,2024-03-03
HCM04,Long Đại,80.0,30.17,0.052,3.26,1.88,8.01,09:00:00,2024-03-03
HCM04,Long Đại,80.0,28.65,0.013,3.24,2.31,7.36,09:30:00,2024-03-03
HCM04,Long Đại,80.0,29.0,0.027,2.62,1.52,7.57,10:00:00,2024-03-03
HCM04,Long Đại,80.0,29.56,0.018,2.67,1.7,7.29,10:30:00,2024-03-03
HCM04,Long Đại,80.0,29.0,0.044,3.28,1.99,6.7,11:00:00,2024-03-03
HCM04,Long Đại,80.0,30.47,0.056,2.59,1.58,7.39,11:30:00,2024-03-03
HCM04,Long Đại,80.0,29.11,0.004,2.97,1.92,6.57,12:00:00,2024-03-03
HCM04,Long Đại,80.0,31.87,-0.021,2.51,1.38,7.66,12:30:00,2024-03-03
HCM04,Long Đại,80.0,30.65,-0.003,1.83,1.27,7.08,13:00:00,2024-03-03
HCM04,Long Đại,80.0,31.14,0.02,1.97,1.71,6.83,13:30:00,2024-03-03
HCM04,Long Đại,80.0,29.7,-0.057,1.95,1.41,7.14,14:00:00,2024-03-03
HCM04,Long Đại,80.0,30.45,-0.07,2.56,1.76,8.17,14:30:00,2024-03-03
HCM04,Long Đại,80.0,29.53,-0.066,2.12,1.33,7.19,15:00:00,2024-03-03
HCM04,Long Đại,80.0,29.59,-0.043,2.62,1.73,7.84,15:30:00,2024-03-03
HCM04,Long Đại,80.0,29.9,0.029,2.41,1.52,7.56,16:00:00,2024-03-03
HCM04,Long Đại,80.0,31.45,-0.034,1.78,1.1,7.02,16:30:00,2024-03-03
HCM04,Long Đại,80.0,28.66,-0.061,2.37,1.39,6.56,17:00:00,2024-03-03
HCM04,Long Đại,80.0,29.2,-0.077,2.69,1.69,7.23,17:30:00,2024-03-03
HCM04,Long Đại,80.0,29.57,-0.033,2.62,1.65,6.89,18:00:00,2024-03-03
HCM04,Long Đại,80.0,29.76,-0.0,2.57,1.57,6.97,18:30:00,2024-03-03
HCM04,Long Đại,80.0,29.19,-0.113,2.94,1.38,8.14,19:00:00,2024-03-03
HCM04,Long Đại,80.0,30.27,-0.038,2.65,1.79,7.83,19:30:00,2024-03-03
HCM04,Long Đại,80.0,30.78,-0.029,2.11,1.53,7.17,20:00:00,2024-03-03
HCM04,Long Đại,80.0,28.4,-0.02,3.2,1.74,7.19,20:30:00,2024-03-03
HCM04,Long Đại,80.0,30.4,-0.082,2.1,1.48,8.18,21:00:00,2024-03-03
HCM04,Long Đại,80.0,31.43,-0.046,1.38,0.87,6.94,21:30:00,2024-03-03
HCM04,Long Đại,80.0,30.15,-0.039,3.25,1.94,8.12,22:00:00,2024-03-03
HCM04,Long Đại,80.0,28.46,-0.012,3.08,1.45,7.68,22:30:00,2024-03-03
HCM04,Long Đại,80.0,29.57,-0.008,2.55,1.53,7.19,23:00:00,2024-03-03
HCM04,Long Đại,80.0,29.33,0.003,3.45,1.73,8.16,23:30:00,2024-03-03
HCM03,Lý Nhơn,7.0,32.16,-0.021,36.2,19.77,6.89,00:00:00,2024-03-03
HCM03,Lý Nhơn,7.0,29.6,0.03,35.19,23.25,6.58,00:30:00,2024-03-03
HCM03,Lý Nhơn,7.0,29.17,-0.021,31.92,19.44,6.63,01:00:00,2024-03-03
HCM03,Lý Nhơn,7.0,30.13,0.047,37.1,21.0,6.4,01:30:00,2024-03-03
HCM03,Lý Nhơn,7.0,29.88,0.005,37.45,24.51,6.33,02:00:00,2024-03-03
HCM03,Lý Nhơn,7.0,29.51,0.075,26.19,20.73,6.2,02:30:00,2024-03-03
HCM03,Lý Nhơn,7.0,30.16,0.05,34.47,20.61,6.82,03:00:00,2024-03-03
HCM03,Lý Nhơn,7.0,31.08,0.058,42.58,22.15,7.28,03:30:00,2024-03-03
HCM03,Lý Nhơn,7.0,30.23,0.063,37.13,20.74,6.46,04:00:00,2024-03-03
HCM03,Lý Nhơn,7.0,28.79,0.045,28.33,20.46,7.27,04:30:00,2024-03-03
HCM03,Lý Nhơn,7.0,30.35,0.047,38.46,21.48,7.18,05:00:00,2024-03-03
HCM03,Lý Nhơn,7.0,27.57,0.013,41.0,23.73,6.74,05:30:00,2024-03-03
HCM03,Lý Nhơn,7.0,30.04,0.106,43.49,25.56,5.33,06:00:00,2024-03-03
HCM03,Lý Nhơn,7.0,31.67,0.039,33.5,19.85,6.56,06:30:00,2024-03-03
HCM03,Lý Nhơn,7.0,29.92,-0.022,28.27,24.39,6.47,07:00:00,2024-03-03
HCM03,Lý Nhơn,7.0,27.69,0.051,29.24,20.49,6.28,07:30:00,2024-03-03
HCM03,Lý Nhơn,7.0,29.7,0.056,33.39,20.73,6.9,08:00:00,2024-03-03
HCM03,Lý Nhơn,7.0,29.5,0.025,25.52,19.61,7.14,08:30:00,2024-03-03
HCM03,Lý Nhơn,7.0,29.91,0.068,41.4,26.96,6.74,09:00:00,2024-03-03
HCM03,Lý Nhơn,7.0,29.37,0.041,30.35,18.95,6.21,09:30:00,2024-03-03
HCM03,Lý Nhơn,7.0,29.62,0.021,34.13,20.78,7.17,10:00:00,2024-03-03
HCM03,Lý Nhơn,7.0,29.82,0.06,20.82,16.13,6.41,10:30:00,2024-03-03
HCM03,Lý Nhơn,7.0,30.38,0.041,37.8,20.76,7.24,11:00:00,2024-03-03
HCM03,Lý Nhơn,7.0,29.49,-0.043,40.03,21.36,6.25,11:30:00,2024-03-03
HCM03,Lý Nhơn,7.0,29.62,-0.054,22.94,16.67,6.43,12:00:00,2024-03-03
HCM03,Lý Nhơn,7.0,30.36,0.012,25.11,17.22,6.59,12:30:00,2024-03-03
HCM03,Lý Nhơn,7.0,29.75,0.007,34.88,21.21,6.34,13:00:00,2024-03-03
HCM03,Lý Nhơn,7.0,28.67,-0.016,30.35,17.71,7.22,13:30:00,2024-03-03
HCM03,Lý Nhơn,7.0,31.13,0.021,25.75,19.21,7.29,14:00:00,2024-03-03
HCM03,Lý Nhơn,7.0,29.08,-0.073,21.91,17.62,6.57,14:30:00,2024-03-03
HCM03,Lý Nhơn,7.0,29.86,-0.026,27.23,15.13,6.43,15:00:00,2024-03-03
HCM03,Lý Nhơn,7.0,29.12,-0.077,17.04,15.91,6.63,15:30:00,2024-03-03
HCM03,Lý Nhơn,7.0,31.45,-0.043,25.5,15.77,6.93,16:00:00,2024-03-03
HCM03,Lý Nhơn,7.0,28.77,-0.028,25.67,16.35,6.48,16:30:00,2024-03-03
HCM03,Lý Nhơn,7.0,29.63,-0.026,19.35,14.63,6.67,17:00:00,2024-03-03
HCM03,Lý Nhơn,7.0,29.92,-0.111,27.38,17.21,6.87,17:30:00,2024-03-03
HCM03,Lý Nhơn,7.0,28.51,0.024,27.1,17.01,6.81,18:00:00,2024-03-03
HCM03,Lý Nhơn,7.0,29.85,-0.106,29.36,16.31,6.49,18:30:00,2024-03-03
HCM03,Lý Nhơn,7.0,29.79,-0.031,34.39,17.95,6.33,19:00:00,2024-03-03
HCM03,Lý Nhơn,7.0,29.09,-0.065,23.65,16.47,7.46,19:30:00,2024-03-03
HCM03,Lý Nhơn,7.0,31.64,-0.034,27.43,15.35,7.22,20:00:00,2024-03-03
HCM03,Lý Nhơn,7.0,28.49,-0.04,27.77,18.64,7.11,20:30:00,2024-03-03
HCM03,Lý Nhơn,7.0,28.93,-0.023,23.59,15.92,6.77,21:00:00,2024-03-03
HCM03,Lý Nhơn,7.0,30.44,-0.097,27.91,19.01,6.16,21:30:00,2024-03-03
HCM03,Lý Nhơn,7.0,30.47,-0.051,26.48,19.53,6.0,22:00:00,2024-03-03
HCM03,Lý Nhơn,7.0,29.79,-0.07,21.36,18.2,7.0,22:30:00,2024-03-03
HCM03,Lý Nhơn,7.0,29.1,0.002,24.84,16.86,6.03,23:00:00,2024-03-03
HCM03,Lý Nhơn,7.0,29.67,0.018,30.77,18.72,6.91,23:30:00,2024-03-03
HCM01,Nhà Bè,38.0,29.93,-0.017,12.56,10.7,7.82,00:00:00,2024-03-03
HCM01,Nhà Bè,38.0,30.66,0.066,19.75,12.36,6.92,00:30:00,2024-03-03
HCM01,Nhà Bè,38.0,30.42,0.032,22.99,14.3,6.82,01:00:00,2024-03-03
HCM01,Nhà Bè,38.0,29.58,0.039,19.09,13.22,7.48,01:30:00,2024-03-03
HCM01,Nhà Bè,38.0,29.83,-0.005,23.04,12.43,6.34,02:00:00,2024-03-03
HCM01,Nhà Bè,38.0,29.43,0.039,18.42,12.76,6.81,02:30:00,2024-03-03
HCM01,Nhà Bè,38.0,31.47,0.03,15.72,9.52,7.47,03:00:00,2024-03-03
HCM01,Nhà Bè,38.0,29.56,0.069,13.65,12.95,7.75,03:30:00,2024-03-03
HCM01,Nhà Bè,38.0,31.69,0.055,20.89,12.52,6.85,04:00:00,2024-03-03
HCM01,Nhà Bè,38.0,30.43,0.034,21.32,12.33,6.77,04:30:00,2024-03-03
HCM01,Nhà Bè,38.0,30.0,0.064,17.51,13.61,7.7,05:00:00,2024-03-03
HCM01,Nhà Bè,38.0,28.94,0.03,18.93,12.57,7.51,05:30:00,2024-03-03
HCM01,Nhà Bè,38.0,29.77,0.05,23.84,14.11,6.95,06:00:00,2024-03-03
HCM01,Nhà Bè,38.0,30.72,0.028,18.25,11.23,7.35,06:30:00,2024-03-03
HCM01,Nhà Bè,38.0,30.44,-0.022,17.76,11.52,7.43,07:00:00,2024-03-03
HCM01,Nhà Bè,38.0,30.36,0.073,13.1,13.17,6.82,07:30:00,2024-03-03
HCM01,Nhà Bè,38.0,29.41,0.024,18.18,12.67,7.03,08:00:00,2024-03-03
HCM01,Nhà Bè,38.0,29.96,0.066,22.92,14.02,6.8,08:30:00,2024-03-03
HCM01,Nhà Bè,38.0,29.29,0.012,19.35,13.39,6.86,09:00:00,2024-03-03
HCM01,Nhà Bè,38.0,30.1,-0.0,22.16,12.42,7.19,09:30:00,2024-03-03
HCM01,Nhà Bè,38.0,30.49,0.035,25.69,14.65,6.84,10:00:00,2024-03-03
HCM01,Nhà Bè,38.0,30.19,0.053,23.58,11.2,7.1,10:30:00,2024-03-03
HCM01,Nhà Bè,38.0,30.01,0.026,22.23,12.66,7.18,11:00:00,2024-03-03
HCM01,Nhà Bè,38.0,28.2,-0.009,17.38,11.18,7.06,11:30:00,2024-03-03
HCM01,Nhà Bè,38.0,31.35,-0.028,15.77,13.36,7.34,12:00:00,2024-03-03
HCM01,Nhà Bè,38.0,30.39,0.011,14.22,10.37,7.64,12:30:00,2024-03-03
HCM01,Nhà Bè,38.0,30.88,0.032,26.28,13.05,7.14,13:00:00,2024-03-03
HCM01,Nhà Bè,38.0,29.86,-0.069,11.04,8.49,7.46,13:30:00,2024-03-03
HCM01,Nhà Bè,38.0,29.76,-0.026,13.7,10.44,6.81,14:00:00,2024-03-03
HCM01,Nhà Bè,38.0,28.77,-0.007,16.78,8.92,7.05,14:30:00,2024-03-03
HCM01,Nhà Bè,38.0,29.93,-0.029,18.8,10.32,7.17,15:00:00,2024-03-03
HCM01,Nhà Bè,38.0,29.6,-0.04,20.24,11.18,7.48,15:30:00,2024-03-03
HCM01,Nhà Bè,38.0,30.63,-0.021,19.81,11.05,6.23,16:00:00,2024-03-03
HCM01,Nhà Bè,38.0,28.14,-0.024,15.46,8.78,6.67,16:30:00,2024-03-03
HCM01,Nhà Bè,38.0,29.27,-0.038,13.17,8.66,8.05,17:00:00,2024-03-03
HCM01,Nhà Bè,38.0,30.09,0.004,16.57,10.11,6.36,17:30:00,2024-03-03
HCM01,Nhà Bè,38.0,29.33,-0.045,14.02,9.0,7.03,18:00:00,2024-03-03
HCM01,Nhà Bè,38.0,30.69,-0.045,14.15,9.45,7.77,18:30:00,2024-03-03
HCM01,Nhà Bè,38.0,29.42,-0.023,14.68,8.84,7.43,19:00:00,2024-03-03
HCM01,Nhà Bè,38.0,29.22,-0.028,15.17,10.26,7.64,19:30:00,2024-03-03
HCM01,Nhà Bè,38.0,30.11,-0.069,17.07,11.25,6.91,20:00:00,2024-03-03
HCM01,Nhà Bè,38.0,29.34,-0.003,14.37,10.29,7.74,20:30:00,2024-03-03
HCM01,Nhà Bè,38.0,29.62,-0.018,13.1,9.1,7.81,21:00:00,2024-03-03
HCM01,Nhà Bè,38.0,28.74,-0.003,15.38,9.84,6.81,21:30:00,2024-03-03
HCM01,Nhà Bè,38.0,30.15,-0.027,19.92,10.15,6.46,22:00:00,2024-03-03
HCM01,Nhà Bè,38.0,30.14,-0.009,15.1,9.46,7.46,22:30:00,2024-03-03
HCM01,Nhà Bè,38.0,29.9,-0.028,15.37,10.1,7.33,23:00:00,2024-03-03
HCM01,Nhà Bè,38.0,30.28,-0.028,19.24,12.5,7.56,23:30:00,2024-03-03
HCM02,Cát Lái,58.0,30.09,-0.046,8.29,6.01,7.48,00:00:00,2024-03-04
HCM02,Cát Lái,58.0,31.21,0.016,12.65,7.89,6.94,00:30:00,2024-03-04
HCM02,Cát Lái,58.0,30.07,0.042,12.25,7.88,7.57,01:00:00,2024-03-04
HCM02,Cát Lái,58.0,30.91,0.031,11.13,5.89,8.23,01:30:00,2024-03-04
HCM02,Cát Lái,58.0,29.78,0.063,9.09,8.28,7.9,02:00:00,2024-03-04
HCM02,Cát Lái,58.0,30.19,-0.008,11.38,7.66,7.59,02:30:00,2024-03-04
HCM02,Cát Lái,58.0,30.96,0.01,10.7,6.63,7.55,03:00:00,2024-03-04
HCM02,Cát Lái,58.0,30.4,0.015,16.73,8.1,8.43,03:30:00,2024-03-04
HCM02,Cát Lái,58.0,29.81,0.112,15.6,8.37,6.8,04:00:00,2024-03-04
HCM02,Cát Lái,58.0,30.66,0.024,12.11,7.52,7.63,04:30:00,2024-03-04
HCM02,Cát Lái,58.0,30.48,0.035,15.22,10.13,6.49,05:00:00,2024-03-04
HCM02,Cát Lái,58.0,29.51,0.042,14.45,9.69,6.67,05:30:00,2024-03-04
HCM02,Cát Lái,58.0,29.86,0.038,18.42,8.55,8.02,06:00:00,2024-03-04
HCM02,Cát Lái,58.0,30.84,0.054,13.77,7.54,7.8,06:30:00,2024-03-04
HCM02,Cát Lái,58.0,30.18,0.059,12.11,7.96,6.69,07:00:00,2024-03-04
HCM02,Cát Lái,58.0,29.77,0.062,13.84,8.09,5.72,07:30:00,2024-03-04
HCM02,Cát Lái,58.0,29.55,0.06,12.87,7.2,6.59,08:00:00,2024-03-04
HCM02,Cát Lái,58.0,30.01,0.028,16.25,8.98,6.61,08:30:00,2024-03-04
HCM02,Cát Lái,58.0,30.6,0.015,11.3,8.09,6.95,09:00:00,2024-03-04
HCM02,Cát Lái,58.0,30.26,0.01,9.7,6.68,6.34,09:30:00,2024-03-04
HCM02,Cát Lái,58.0,30.71,0.062,15.82,9.87,6.55,10:00:00,2024-03-04
HCM02,Cát Lái,58.0,31.06,0.032,9.92,7.49,6.56,10:30:00,2024-03-04
HCM02,Cát Lái,58.0,30.96,0.0,9.12,7.83,6.8,11:00:00,2024-03-04
HCM02,Cát Lái,58.0,30.02,-0.001,15.3,7.38,6.62,11:30:00,2024-03-04
HCM02,Cát Lái,58.0,30.14,-0.066,12.57,7.61,7.6,12:00:00,2024-03-04
HCM02,Cát Lái,58.0,31.49,-0.057,16.05,8.7,7.56,12:30:00,2024-03-04
HCM02,Cát Lái,58.0,29.91,-0.025,9.56,7.99,7.2,13:00:00,2024-03-04
HCM02,Cát Lái,58.0,30.39,0.015,15.27,8.58,7.36,13:30:00,2024-03-04
HCM02,Cát Lái,58.0,29.89,-0.018,8.16,6.49,7.34,14:00:00,2024-03-04
HCM02,Cát Lái,58.0,29.84,-0.009,10.08,6.29,6.92,14:30:00,2024-03-04
HCM02,Cát Lái,58.0,30.27,-0.025,9.54,6.13,6.2,15:00:00,2024-03-04
HCM02,Cát Lái,58.0,29.31,-0.036,10.8,6.5,7.53,15:30:00,2024-03-04
HCM02,Cát Lái,58.0,30.48,-0.014,11.23,7.61,7.76,16:00:00,2024-03-04
HCM02,Cát Lái,58.0,29.6,-0.045,11.15,5.88,7.09,16:30:00,2024-03-04
HCM02,Cát Lái,58.0,29.37,-0.034,12.25,7.63,7.05,17:00:00,2024-03-04
HCM02,Cát Lái,58.0,29.68,0.01,7.21,4.44,6.87,17:30:00,2024-03-04
HCM02,Cát Lái,58.0,29.97,0.006,7.65,6.07,7.82,18:00:00,2024-03-04
HCM02,Cát Lái,58.0,29.54,-0.096,10.12,5.53,7.37,18:30:00,2024-03-04
HCM02,Cát Lái,58.0,30.09,-0.047,10.61,6.16,6.72,19:00:00,2024-03-04
HCM02,Cát Lái,58.0,29.85,-0.071,10.69,6.12,6.98,19:30:00,2024-03-04
HCM02,Cát Lái,58.0,29.61,-0.078,8.62,4.72,6.64,20:00:00,2024-03-04
HCM02,Cát Lái,58.0,28.88,-0.03,10.46,6.64,7.39,20:30:00,2024-03-04
HCM02,Cát Lái,58.0,30.49,-0.063,11.13,6.19,6.84,21:00:00,2024-03-04
HCM02,Cát Lái,58.0,30.29,0.03,10.66,6.7,7.36,21:30:00,2024-03-04
HCM02,Cát Lái,58.0,29.29,-0.053,10.82,6.41,6.6,22:00:00,2024-03-04
HCM02,Cát Lái,58.0,30.8,0.028,11.07,6.69,6.13,22:30:00,2024-03-04
HCM02,Cát Lái,58.0,30.46,-0.034,15.34,8.08,6.99,23:00:00,2024-03-04
HCM02,Cát Lái,58.0,29.22,0.032,10.11,8.04,7.27,23:30:00,2024-03-04
HCM04,Long Đại,80.0,30.46,0.049,3.5,2.0,6.8,00:00:00,2024-03-04
HCM04,Long Đại,80.0,30.3,0.006,2.54,1.77,7.46,00:30:00,2024-03-04
HCM04,Long Đại,80.0,30.03,0.002,3.42,1.79,7.73,01:00:00,2024-03-04
HCM04,Long Đại,80.0,28.38,0.051,2.72,2.02,7.42,01:30:00,2024-03-04
HCM04,Long Đại,80.0,30.78,0.057,2.46,1.51,6.49,02:00:00,2024-03-04
HCM04,Long Đại,80.0,30.76,-0.002,1.84,1.42,8.46,02:30:00,2024-03-04
HCM04,Long Đại,80.0,30.16,0.071,2.89,1.58,7.13,03:00:00,2024-03-04
HCM04,Long Đại,80.0,30.19,0.057,2.6,1.72,7.7,03:30:00,2024-03-04
HCM04,Long Đại,80.0,30.49,0.021,3.32,2.25,6.78,04:00:00,2024-03-04
HCM04,Long Đại,80.0,30.41,0.036,3.07,1.98,6.76,04:30:00,2024-03-04
HCM04,Long Đại,80.0,31.46,0.018,2.54,1.96,7.61,05:00:00,2024-03-04
HCM04,Long Đại,80.0,30.4,0.095,2.15,1.99,7.22,05:30:00,2024-03-04
HCM04,Long Đại,80.0,29.36,0.066,3.67,2.59,7.37,06:00:00,2024-03-04
HCM04,Long Đại,80.0,29.65,0.017,3.16,2.15,8.45,06:30:00,2024-03-04
HCM04,Long Đại,80.0,30.09,-0.009,2.73,2.06,6.68,07:00:00,2024-03-04
HCM04,Long Đại,80.0,29.7,0.057,2.44,1.94,7.09,07:30:00,2024-03-04
HCM04,Long Đại,80.0,29.52,0.068,2.08,1.89,8.14,08:00:00,2024-03-04
HCM04,Long Đại,80.0,30.82,0.003,2.24,1.72,6.79,08:30:00,2024-03-04
HCM04,Long Đại,80.0,30.14,0.06,2.64,1.77,7.17,09:00:00,2024-03-04
HCM04,Long Đại,80.0,30.51,0.023,3.53,2.11,7.49,09:30:00,2024-03-04
HCM04,Long Đại,80.0,29.71,0.034,3.22,1.86,7.91,10:00:00,2024-03-04
HCM04,Long Đại,80.0,30.01,-0.021,3.37,1.99,7.37,10:30:00,2024-03-04
HCM04,Long Đại,80.0,30.19,-0.009,2.87,2.02,7.78,11:00:00,2024-03-04
HCM04,Long Đại,80.0,29.86,0.008,3.64,2.16,7.75,11:30:00,2024-03-04
HCM04,Long Đại,80.0,29.49,-0.05,2.46,1.47,7.34,12:00:00,2024-03-04
HCM04,Long Đại,80.0,30.04,0.002,2.41,1.66,7.18,12:30:00,2024-03-04
HCM04,Long Đại,80.0,30.08,-0.007,2.6,1.38,7.54,13:00:00,2024-03-04
HCM04,Long Đại,80.0,29.37,-0.071,1.6,1.36,6.85,13:30:00,2024-03-04
HCM04,Long Đại,80.0,31.19,-0.019,2.97,1.63,6.64,14:00:00,2024-03-04
HCM04,Long Đại,80.0,29.53,-0.043,2.32,1.35,7.57,14:30:00,2024-03-04
HCM04,Long Đại,80.0,30.99,-0.012,2.18,1.4,7.09,15:00:00,2024-03-04
HCM04,Long Đại,80.0,29.37,-0.028,1.7,1.19,6.48,15:30:00,2024-03-04
HCM04,Long Đại,80.0,30.35,-0.102,2.24,1.64,6.93,16:00:00,2024-03-04
HCM04,Long Đại,80.0,30.61,0.013,3.01,1.55,7.88,16:30:00,2024-03-04
HCM04,Long Đại,80.0,28.63,0.001,2.13,1.76,7.38,17:00:00,2024-03-04
HCM04,Long Đại,80.0,30.91,-0.096,1.63,1.73,7.05,17:30:00,2024-03-04
HCM04,Long Đại,80.0,30.84,-0.044,2.0,1.42,8.2,18:00:00,2024-03-04
HCM04,Long Đại,80.0,29.76,-0.076,3.0,1.83,7.79,18:30:00,2024-03-04
HCM04,Long Đại,80.0,30.29,-0.013,2.01,1.26,8.03,19:00:00,2024-03-04
HCM04,Long Đại,80.0,28.8,-0.078,1.76,1.37,7.51,19:30:00,2024-03-04
HCM04,Long Đại,80.0,29.7,-0.013,3.77,1.79,7.23,20:00:00,2024-03-04
HCM04,Long Đại,80.0,29.41,-0.022,2.94,1.52,6.71,20:30:00,2024-03-04
HCM04,Long Đại,80.0,30.22,-0.015,2.53,1.65,7.23,21:00:00,2024-03-04
HCM04,Long Đại,80.0,29.98,-0.019,1.73,1.26,7.9,21:30:00,2024-03-04
HCM04,Long Đại,80.0,31.81,-0.059,2.5,1.5,8.23,22:00:00,2024-03-04
HCM04,Long Đại,80.0,29.89,-0.058,2.8,1.64,7.7,22:30:00,2024-03-04
HCM04,Long Đại,80.0,30.51,0.008,1.35,1.02,7.85,23:00:00,2024-03-04
HCM04,Long Đại,80.0,29.49,-0.077,2.72,1.39,6.76,23:30:00,2024-03-04
HCM03,Lý Nhơn,7.0,28.6,0.023,24.53,20.7,7.07,00:00:00,2024-03-04
HCM03,Lý Nhơn,7.0,30.79,-0.026,26.81,19.55,6.39,00:30:00,2024-03-04
HCM03,Lý Nhơn,7.0,31.27,0.016,32.9,17.9,7.07,01:00:00,2024-03-04
HCM03,Lý Nhơn,7.0,30.17,-0.011,35.21,22.91,6.44,01:30:00,2024-03-04
HCM03,Lý Nhơn,7.0,31.16,0.031,34.5,21.91,5.78,02:00:00,2024-03-04
HCM03,Lý Nhơn,7.0,30.0,0.01,35.07,22.2,6.57,02:30:00,2024-03-04
HCM03,Lý Nhơn,7.0,28.79,0.022,20.15,21.25,6.78,03:00:00,2024-03-04
HCM03,Lý Nhơn,7.0,28.82,-0.047,36.8,20.57,6.98,03:30:00,2024-03-04
HCM03,Lý Nhơn,7.0,29.56,0.034,39.36,24.27,6.27,04:00:00,2024-03-04
HCM03,Lý Nhơn,7.0,29.8,0.013,30.92,20.94,6.87,04:30:00,2024-03-04
HCM03,Lý Nhơn,7.0,29.44,0.055,32.86,24.47,7.03,05:00:00,2024-03-04
HCM03,Lý Nhơn,7.0,29.86,0.061,31.74,18.7,5.94,05:30:00,2024-03-04
HCM03,Lý Nhơn,7.0,29.15,0.065,37.65,23.01,6.43,06:00:00,2024-03-04
HCM03,Lý Nhơn,7.0,30.32,0.022,29.11,21.76,6.92,06:30:00,2024-03-04
HCM03,Lý Nhơn,7.0,29.3,0.056,43.96,22.99,6.24,07:00:00,2024-03-04
HCM03,Lý Nhơn,7.0,29.92,0.039,31.27,23.89,7.45,07:30:00,2024-03-04
HCM03,Lý Nhơn,7.0,29.62,-0.03,39.6,26.65,6.17,08:00:00,2024-03-04
HCM03,Lý Nhơn,7.0,29.75,0.042,31.53,21.43,6.27,08:30:00,2024-03-04
HCM03,Lý Nhơn,7.0,30.38,-0.013,19.31,18.95,7.02,09:00:00,2024-03-04
HCM03,Lý Nhơn,7.0,30.52,0.017,30.68,20.29,6.78,09:30:00,2024-03-04
HCM03,Lý Nhơn,7.0,30.96,0.064,34.86,22.3,6.59,10:00:00,2024-03-04
HCM03,Lý Nhơn,7.0,29.08,0.019,30.6,18.71,6.68,10:30:00,2024-03-04
HCM03,Lý Nhơn,7.0,31.29,-0.003,26.41,18.94,7.54,11:00:00,2024-03-04
HCM03,Lý Nhơn,7.0,29.07,0.003,20.78,23.55,6.38,11:30:00,2024-03-04
HCM03,Lý Nhơn,7.0,29.48,0.036,28.47,16.73,6.55,12:00:00,2024-03-04
HCM03,Lý Nhơn,7.0,30.38,-0.026,36.13,19.21,6.44,12:30:00,2024-03-04
HCM03,Lý Nhơn,7.0,29.31,-0.032,33.74,18.86,6.53,13:00:00,2024-03-04
HCM03,Lý Nhơn,7.0,30.37,-0.022,28.51,18.77,6.8,13:30:00,2024-03-04
HCM03,Lý Nhơn,7.0,28.6,-0.03,32.38,18.8,6.79,14:00:00,2024-03-04
HCM03,Lý Nhơn,7.0,30.51,-0.04,31.09,20.59,5.76,14:30:00,2024-03-04
HCM03,Lý Nhơn,7.0,29.3,-0.065,24.12,16.24,6.81,15:00:00,2024-03-04
HCM03,Lý Nhơn,7.0,29.9,-0.049,36.4,20.45,6.5,15:30:00,2024-03-04
HCM03,Lý Nhơn,7.0,29.37,-0.032,35.2,19.58,7.05,16:00:00,2024-03-04
HCM03,Lý Nhơn,7.0,30.89,-0.026,21.43,14.69,6.91,16:30:00,2024-03-04
HCM03,Lý Nhơn,7.0,30.65,-0.039,24.8,15.27,7.3,17:00:00,2024-03-04
HCM03,Lý Nhơn,7.0,29.49,-0.081,30.05,17.47,7.22,17:30:00,2024-03-04
HCM03,Lý Nhơn,7.0,29.33,-0.087,24.66,17.29,7.42,18:00:00,2024-03-04
HCM03,Lý Nhơn,7.0,31.24,-0.032,29.86,18.81,6.44,18:30:00,2024-03-04
HCM03,Lý Nhơn,7.0,28.81,-0.044,33.84,18.5,7.0,19:00:00,2024-03-04
HCM03,Lý Nhơn,7.0,30.31,-0.022,23.54,14.75,6.5,19:30:00,2024-03-04
HCM03,Lý Nhơn,7.0,30.87,-0.016,26.29,18.13,6.46,20:00:00,2024-03-04
HCM03,Lý Nhơn,7.0,28.67,0.036,23.96,17.33,7.48,20:30:00,2024-03-04
HCM03,Lý Nhơn,7.0,31.67,-0.005,26.24,15.91,7.16,21:00:00,2024-03-04
HCM03,Lý Nhơn,7.0,30.04,0.012,23.34,16.76,7.08,21:30:00,2024-03-04
HCM03,Lý Nhơn,7.0,30.12,-0.007,23.34,15.39,7.39,22:00:00,2024-03-04
HCM03,Lý Nhơn,7.0,29.84,-0.024,30.52,20.4,6.13,22:30:00,2024-03-04
HCM03,Lý Nhơn,7.0,31.0,-0.017,44.31,20.41,6.89,23:00:00,2024-03-04
HCM03,Lý Nhơn,7.0,30.36,-0.027,29.68,16.09,6.72,23:30:00,2024-03-04
HCM01,Nhà Bè,38.0,30.46,0.002,13.87,10.76,6.76,00:00:00,2024-03-04
HCM01,Nhà Bè,38.0,29.98,0.024,22.1,12.84,6.79,00:30:00,2024-03-04
HCM01,Nhà Bè,38.0,29.3,-0.031,19.3,11.42,6.69,01:00:00,2024-03-04
HCM01,Nhà Bè,38.0,29.78,0.025,18.59,12.17,7.98,01:30:00,2024-03-04
HCM01,Nhà Bè,38.0,30.17,0.031,20.3,13.53,6.82,02:00:00,2024-03-04
HCM01,Nhà Bè,38.0,30.49,0.006,22.73,15.32,6.39,02:30:00,2024-03-04
HCM01,Nhà Bè,38.0,29.27,0.016,21.3,13.88,6.65,03:00:00,2024-03-04
HCM01,Nhà Bè,38.0,29.78,0.035,19.32,11.09,6.72,03:30:00,2024-03-04
HCM01,Nhà Bè,38.0,29.74,0.066,23.88,12.98,7.24,04:00:00,2024-03-04
HCM01,Nhà Bè,38.0,30.73,0.001,22.35,13.9,7.24,04:30:00,2024-03-04
HCM01,Nhà Bè,38.0,29.64,0.099,19.14,13.69,6.16,05:00:00,2024-03-04
HCM01,Nhà Bè,38.0,29.8,0.063,25.99,16.59,6.98,05:30:00,2024-03-04
HCM01,Nhà Bè,38.0,30.0,0.002,18.9,13.36,7.4,06:00:00,2024-03-04
HCM01,Nhà Bè,38.0,30.71,0.052,19.39,11.74,6.37,06:30:00,2024-03-04
HCM01,Nhà Bè,38.0,29.85,0.042,19.73,11.54,6.93,07:00:00,2024-03-04
HCM01,Nhà Bè,38.0,30.56,0.06,27.84,15.53,7.38,07:30:00,2024-03-04
HCM01,Nhà Bè,38.0,30.53,0.033,19.1,12.25,6.02,08:00:00,2024-03-04
HCM01,Nhà Bè,38.0,29.94,0.057,16.06,12.15,7.24,08:30:00,2024-03-04
HCM01,Nhà Bè,38.0,31.27,0.08,26.16,14.66,7.75,09:00:00,2024-03-04
HCM01,Nhà Bè,38.0,29.93,0.014,24.52,15.12,6.42,09:30:00,2024-03-04
HCM01,Nhà Bè,38.0,30.26,0.052,19.39,11.26,7.26,10:00:00,2024-03-04
HCM01,Nhà Bè,38.0,29.14,0.062,20.27,12.08,6.36,10:30:00,2024-03-04
HCM01,Nhà Bè,38.0,29.84,0.062,22.82,12.56,7.6,11:00:00,2024-03-04
HCM01,Nhà Bè,38.0,27.68,-0.029,18.77,11.69,7.2,11:30:00,2024-03-04
HCM01,Nhà Bè,38.0,29.42,0.056,22.64,13.46,7.12,12:00:00,2024-03-04
HCM01,Nhà Bè,38.0,29.61,0.007,11.95,9.1,6.94,12:30:00,2024-03-04
HCM01,Nhà Bè,38.0,30.11,0.017,21.08,12.54,6.07,13:00:00,2024-03-04
HCM01,Nhà Bè,38.0,28.75,-0.074,15.36,11.42,6.46,13:30:00,2024-03-04
HCM01,Nhà Bè,38.0,29.6,-0.035,24.36,12.25,7.06,14:00:00,2024-03-04
HCM01,Nhà Bè,38.0,30.79,-0.056,11.85,9.28,8.18,14:30:00,2024-03-04
HCM01,Nhà Bè,38.0,30.17,-0.052,15.94,10.82,6.55,15:00:00,2024-03-04
HCM01,Nhà Bè,38.0,31.1,0.001,10.06,7.35,6.92,15:30:00,2024-03-04
HCM01,Nhà Bè,38.0,29.62,-0.02,14.07,10.32,6.62,16:00:00,2024-03-04
HCM01,Nhà Bè,38.0,30.73,-0.056,16.85,10.82,6.8,16:30:00,2024-03-04
HCM01,Nhà Bè,38.0,29.23,-0.041,16.36,10.21,7.45,17:00:00,2024-03-04
HCM01,Nhà Bè,38.0,29.8,-0.064,12.93,9.22,7.83,17:30:00,2024-03-04
HCM01,Nhà Bè,38.0,29.9,-0.042,13.88,9.52,7.68,18:00:00,2024-03-04
HCM01,Nhà Bè,38.0,30.06,-0.031,19.89,10.24,7.28,18:30:00,2024-03-04
HCM01,Nhà Bè,38.0,30.19,-0.086,15.91,10.42,6.65,19:00:00,2024-03-04
HCM01,Nhà Bè,38.0,30.62,-0.033,16.46,10.78,7.54,19:30:00,2024-03-04
HCM01,Nhà Bè,38.0,29.71,-0.02,11.9,10.08,6.35,20:00:00,2024-03-04
HCM01,Nhà Bè,38.0,29.3,-0.021,14.75,10.33,6.82,20:30:00,2024-03-04
HCM01,Nhà Bè,38.0,29.82,-0.038,16.12,10.92,7.47,21:00:00,2024-03-04
HCM01,Nhà Bè,38.0,31.12,-0.005,16.98,9.38,6.39,21:30:00,2024-03-04
HCM01,Nhà Bè,38.0,31.2,-0.045,12.95,10.55,7.36,22:00:00,2024-03-04
HCM01,Nhà Bè,38.0,29.54,-0.027,17.06,12.9,6.4,22:30:00,2024-03-04
HCM01,Nhà Bè,38.0,30.85,-0.015,20.47,13.17,6.65,23:00:00,2024-03-04
HCM01,Nhà Bè,38.0,28.92,-0.03,19.64,12.82,6.5,23:30:00,2024-03-04
HCM02,Cát Lái,58.0,30.81,0.005,8.02,6.52,7.53,00:00:00,2024-03-05
HCM02,Cát Lái,58.0,29.32,0.022,14.08,8.01,7.3,00:30:00,2024-03-05
HCM02,Cát Lái,58.0,29.24,0.029,13.04,6.41,6.53,01:00:00,2024-03-05
HCM02,Cát Lái,58.0,30.6,0.043,9.21,7.42,6.79,01:30:00,2024-03-05
HCM02,Cát Lái,58.0,30.68,0.052,12.74,8.99,7.65,02:00:00,2024-03-05
HCM02,Cát Lái,58.0,29.75,-0.007,10.93,7.92,7.11,02:30:00,2024-03-05
HCM02,Cát Lái,58.0,29.62,0.062,24.32,10.05,7.36,03:00:00,2024-03-05
HCM02,Cát Lái,58.0,29.24,0.041,14.75,9.79,7.09,03:30:00,2024-03-05
HCM02,Cát Lái,58.0,28.9,0.044,11.72,8.52,6.87,04:00:00,2024-03-05
HCM02,Cát Lái,58.0,31.8,0.026,16.34,9.06,6.97,04:30:00,2024-03-05
HCM02,Cát Lái,58.0,30.52,0.104,16.14,9.66,6.63,05:00:00,2024-03-05
HCM02,Cát Lái,58.0,30.47,0.1,11.8,9.64,7.27,05:30:00,2024-03-05
HCM02,Cát Lái,58.0,28.76,0.042,16.65,8.66,7.05,06:00:00,2024-03-05
HCM02,Cát Lái,58.0,29.44,0.038,10.67,7.31,7.28,06:30:00,2024-03-05
HCM02,Cát Lái,58.0,30.33,0.053,11.54,9.66,6.66,07:00:00,2024-03-05
HCM02,Cát Lái,58.0,30.72,0.078,22.06,10.49,7.45,07:30:00,2024-03-05
HCM02,Cát Lái,58.0,29.55,0.01,14.28,7.95,7.25,08:00:00,2024-03-05
HCM02,Cát Lái,58.0,28.72,0.071,17.58,8.98,7.57,08:30:00,2024-03-05
HCM02,Cát Lái,58.0,30.16,0.002,13.14,9.06,7.07,09:00:00,2024-03-05
HCM02,Cát Lái,58.0,31.47,0.022,13.02,9.14,7.38,09:30:00,2024-03-05
HCM02,Cát Lái,58.0,29.99,-0.009,11.76,8.4,7.17,10:00:00,2024-03-05
HCM02,Cát Lái,58.0,30.76,0.022,15.07,8.77,6.91,10:30:00,2024-03-05
HCM02,Cát Lái,58.0,29.92,-0.003,14.58,9.53,7.64,11:00:00,2024-03-05
HCM02,Cát Lái,58.0,29.13,-0.008,14.91,8.92,7.07,11:30:00,2024-03-05
HCM02,Cát Lái,58.0,32.34,-0.014,12.38,7.49,6.71,12:00:00,2024-03-05
HCM02,Cát Lái,58.0,30.26,-0.01,14.91,7.32,7.29,12:30:00,2024-03-05
HCM02,Cát Lái,58.0,30.17,-0.067,8.91,7.14,7.79,13:00:00,2024-03-05
HCM02,Cát Lái,58.0,31.43,-0.005,7.77,6.53,6.47,13:30:00,2024-03-05
HCM02,Cát Lái,58.0,29.36,-0.077,9.94,6.24,7.36,14:00:00,2024-03-05
HCM02,Cát Lái,58.0,29.16,-0.01,11.17,7.38,7.75,14:30:00,2024-03-05
HCM02,Cát Lái,58.0,28.8,-0.074,10.04,6.57,7.14,15:00:00,2024-03-05
HCM02,Cát Lái,58.0,29.74,-0.026,11.87,7.46,7.31,15:30:00,2024-03-05
HCM02,Cát Lái,58.0,31.51,0.01,9.28,6.31,8.17,16:00:00,2024-03-05
HCM02,Cát Lái,58.0,30.66,-0.034,11.66,6.37,7.26,16:30:00,2024-03-05
HCM02,Cát Lái,58.0,29.5,-0.01,13.67,6.33,7.07,17:00:00,2024-03-05
HCM02,Cát Lái,58.0,30.45,-0.089,8.95,6.73,5.91,17:30:00,2024-03-05
HCM02,Cát Lái,58.0,29.95,-0.101,11.58,6.9,7.2,18:00:00,2024-03-05
HCM02,Cát Lái,58.0,30.67,-0.053,11.04,7.66,6.96,18:30:00,2024-03-05
HCM02,Cát Lái,58.0,29.96,-0.005,12.09,7.04,5.91,19:00:00,2024-03-05
HCM02,Cát Lái,58.0,29.36,0.033,10.35,6.49,7.5,19:30:00,2024-03-05
HCM02,Cát Lái,58.0,29.15,-0.039,10.47,6.66,7.61,20:00:00,2024-03-05
HCM02,Cát Lái,58.0,31.24,-0.022,9.3,5.48,7.11,20:30:00,2024-03-05
HCM02,Cát Lái,58.0,29.3,-0.016,13.59,7.93,7.67,21:00:00,2024-03-05
HCM02,Cát Lái,58.0,30.26,-0.079,12.97,8.37,7.09,21:30:00,2024-03-05
HCM02,Cát Lái,58.0,29.23,-0.036,12.09,7.34,6.56,22:00:00,2024-03-05
HCM02,Cát Lái,58.0,29.65,-0.029,13.29,7.91,7.59,22:30:00,2024-03-05
HCM02,Cát Lái,58.0,30.38,0.029,11.82,7.51,7.04,23:00:00,2024-03-05
HCM02,Cát Lái,58.0,30.21,-0.018,10.49,7.71,7.49,23:30:00,2024-03-05
HCM04,Long Đại,80.0,29.54,-0.009,2.51,1.35,7.07,00:00:00,2024-03-05
HCM04,Long Đại,80.0,28.71,-0.037,3.13,2.06,6.57,00:30:00,2024-03-05
HCM04,Long Đại,80.0,29.01,0.028,2.0,1.46,6.71,01:00:00,2024-03-05
HCM04,Long Đại,80.0,30.41,0.008,3.3,2.04,7.03,01:30:00,2024-03-05
HCM04,Long Đại,80.0,28.41,-0.019,2.72,1.99,7.56,02:00:00,2024-03-05
HCM04,Long Đại,80.0,30.49,-0.054,2.9,1.87,7.13,02:30:00,2024-03-05
HCM04,Long Đại,80.0,29.65,0.047,2.77,2.5,7.72,03:00:00,2024-03-05
HCM04,Long Đại,80.0,31.94,-0.013,3.27,1.89,7.55,03:30:00,2024-03-05
HCM04,Long Đại,80.0,30.03,-0.011,4.4,2.12,6.98,04:00:00,2024-03-05
HCM04,Long Đại,80.0,28.98,0.036,3.58,2.08,7.5,04:30:00,2024-03-05
HCM04,Long Đại,80.0,29.67,0.083,2.96,2.33,7.56,05:00:00,2024-03-05
HCM04,Long Đại,80.0,29.59,0.074,2.55,1.75,6.78,05:30:00,2024-03-05
HCM04,Long Đại,80.0,30.53,0.017,4.39,2.42,7.22,06:00:00,2024-03-05
HCM04,Long Đại,80.0,30.4,0.045,3.05,1.67,7.12,06:30:00,2024-03-05
HCM04,Long Đại,80.0,30.55,0.041,2.34,1.41,7.65,07:00:00,2024-03-05
HCM04,Long Đại,80.0,29.04,0.072,3.51,1.99,7.05,07:30:00,2024-03-05
HCM04,Long Đại,80.0,29.32,0.046,3.88,2.49,7.33,08:00:00,2024-03-05
HCM04,Long Đại,80.0,28.82,0.041,3.79,2.34,7.3,08:30:00,2024-03-05
HCM04,Long Đại,80.0,30.54,0.052,2.28,1.46,7.84,09:00:00,2024-03-05
HCM04,Long Đại,80.0,30.39,0.023,2.03,1.77,6.85,09:30:00,2024-03-05
HCM04,Long Đại,80.0,30.48,0.014,2.02,2.09,7.46,10:00:00,2024-03-05
HCM04,Long Đại,80.0,29.82,0.026,4.35,2.61,7.26,10:30:00,2024-03-05
HCM04,Long Đại,80.0,29.54,0.034,2.89,1.84,6.94,11:00:00,2024-03-05
HCM04,Long Đại,80.0,29.57,0.051,4.34,2.3,6.91,11:30:00,2024-03-05
HCM04,Long Đại,80.0,30.66,0.02,3.17,1.97,7.25,12:00:00,2024-03-05
HCM04,Long Đại,80.0,30.31,0.028,3.36,1.82,7.8,12:30:00,2024-03-05
HCM04,Long Đại,80.0,30.44,-0.062,2.95,1.91,7.37,13:00:00,2024-03-05
HCM04,Long Đại,80.0,29.95,-0.042,2.79,1.88,6.67,13:30:00,2024-03-05
HCM04,Long Đại,80.0,32.0,-0.071,3.24,2.06,6.79,14:00:00,2024-03-05
HCM04,Long Đại,80.0,30.12,-0.022,2.35,1.86,7.18,14:30:00,2024-03-05
HCM04,Long Đại,80.0,31.84,-0.031,3.64,1.87,6.77,15:00:00,2024-03-05
HCM04,Long Đại,80.0,29.45,-0.032,1.55,1.36,8.03,15:30:00,2024-03-05
HCM04,Long Đại,80.0,30.02,-0.067,1.75,1.36,7.7,16:00:00,2024-03-05
HCM04,Long Đại,80.0,30.4,-0.072,3.07,1.66,7.51,16:30:00,2024-03-05
HCM04,Long Đại,80.0,31.97,-0.037,2.02,1.33,7.24,17:00:00,2024-03-05
HCM04,Long Đại,80.0,30.25,-0.059,2.14,1.47,7.19,17:30:00,2024-03-05
HCM04,Long Đại,80.0,28.58,-0.057,2.56,1.76,7.44,18:00:00,2024-03-05
HCM04,Long Đại,80.0,30.67,-0.093,2.21,1.33,7.81,18:30:00,2024-03-05
HCM04,Long Đại,80.0,31.54,-0.036,2.37,1.73,7.16,19:00:00,2024-03-05
HCM04,Long Đại,80.0,31.04,-0.049,2.63,1.62,7.25,19:30:00,2024-03-05
HCM04,Long Đại,80.0,30.96,-0.047,2.43,1.4,7.18,20:00:00,2024-03-05
HCM04,Long Đại,80.0,28.42,-0.049,1.93,1.5,7.99,20:30:00,2024-03-05
HCM04,Long Đại,80.0,30.49,-0.025,1.57,1.58,7.9,21:00:00,2024-03-05
HCM04,Long Đại,80.0,29.64,-0.06,2.38,1.51,7.78,21:30:00,2024-03-05
HCM04,Long Đại,80.0,30.59,0.013,2.41,1.66,7.33,22:00:00,2024-03-05
HCM04,Long Đại,80.0,30.32,-0.022,2.9,1.73,7.33,22:30:00,2024-03-05
HCM04,Long Đại,80.0,29.15,-0.019,3.82,2.03,6.88,23:00:00,2024-03-05
HCM04,Long Đại,80.0,30.75,0.009,2.48,1.77,7.36,23:30:00,2024-03-05
HCM03,Lý Nhơn,7.0,28.18,-0.02,37.82,20.03,6.81,00:00:00,2024-03-05
HCM03,Lý Nhơn,7.0,28.93,-0.036,30.03,19.68,7.13,00:30:00,2024-03-05
HCM03,Lý Nhơn,7.0,29.53,-0.04,27.49,21.22,7.17,01:00:00,2024-03-05
HCM03,Lý Nhơn,7.0,28.79,0.016,26.04,18.24,7.0,01:30:00,2024-03-05
HCM03,Lý Nhơn,7.0,31.39,0.022,37.59,20.59,6.34,02:00:00,2024-03-05
HCM03,Lý Nhơn,7.0,28.61,-0.021,26.62,23.58,6.84,02:30:00,2024-03-05
HCM03,Lý Nhơn,7.0,30.03,0.052,39.5,22.99,6.74,03:00:00,2024-03-05
HCM03,Lý Nhơn,7.0,28.71,0.063,35.69,23.48,7.26,03:30:00,2024-03-05
HCM03,Lý Nhơn,7.0,30.24,0.059,29.21,21.4,7.41,04:00:00,2024-03-05
HCM03,Lý Nhơn,7.0,28.89,0.025,42.7,24.28,6.34,04:30:00,2024-03-05
HCM03,Lý Nhơn,7.0,30.17,0.043,33.67,20.02,6.16,05:00:00,2024-03-05
HCM03,Lý Nhơn,7.0,29.91,0.048,32.59,24.57,6.04,05:30:00,2024-03-05
HCM03,Lý Nhơn,7.0,30.94,0.074,34.43,24.91,7.15,06:00:00,2024-03-05
HCM03,Lý Nhơn,7.0,29.0,0.031,35.33,23.09,6.95,06:30:00,2024-03-05
HCM03,Lý Nhơn,7.0,29.14,0.058,30.14,21.93,6.98,07:00:00,2024-03-05
HCM03,Lý Nhơn,7.0,29.27,0.0,32.73,24.14,6.06,07:30:00,2024-03-05
HCM03,Lý Nhơn,7.0,29.71,0.05,34.97,21.77,7.6,08:00:00,2024-03-05
HCM03,Lý Nhơn,7.0,29.93,0.045,48.57,22.83,7.13,08:30:00,2024-03-05
HCM03,Lý Nhơn,7.0,28.98,0.035,21.83,19.63,6.27,09:00:00,2024-03-05
HCM03,Lý Nhơn,7.0,31.51,0.021,36.9,24.91,6.76,09:30:00,2024-03-05
HCM03,Lý Nhơn,7.0,30.29,0.062,38.74,18.48,6.8,10:00:00,2024-03-05
HCM03,Lý Nhơn,7.0,30.71,0.059,32.7,22.03,5.91,10:30:00,2024-03-05
HCM03,Lý Nhơn,7.0,30.12,0.028,32.32,20.77,5.97,11:00:00,2024-03-05
HCM03,Lý Nhơn,7.0,30.89,-0.014,36.19,20.32,7.4,11:30:00,2024-03-05
HCM03,Lý Nhơn,7.0,30.95,-0.044,35.9,18.55,7.35,12:00:00,2024-03-05
HCM03,Lý Nhơn,7.0,30.64,0.005,34.47,20.97,5.85,12:30:00,2024-03-05
HCM03,Lý Nhơn,7.0,29.89,0.007,37.85,20.84,7.33,13:00:00,2024-03-05
HCM03,Lý Nhơn,7.0,29.74,-0.042,31.25,17.43,7.06,13:30:00,2024-03-05
HCM03,Lý Nhơn,7.0,28.44,0.008,32.09,17.36,7.23,14:00:00,2024-03-05
HCM03,Lý Nhơn,7.0,29.86,-0.056,29.38,17.89,6.17,14:30:00,2024-03-05
HCM03,Lý Nhơn,7.0,31.62,-0.044,24.86,17.92,6.89,15:00:00,2024-03-05
HCM03,Lý Nhơn,7.0,29.31,0.015,22.9,15.48,8.02,15:30:00,2024-03-05
HCM03,Lý Nhơn,7.0,31.28,-0.041,27.92,15.38,6.45,16:00:00,2024-03-05
HCM03,Lý Nhơn,7.0,30.76,-0.037,35.46,17.04,6.69,16:30:00,2024-03-05
HCM03,Lý Nhơn,7.0,29.19,-0.079,29.76,14.47,6.69,17:00:00,2024-03-05
HCM03,Lý Nhơn,7.0,29.79,0.006,26.01,17.09,6.92,17:30:00,2024-03-05
HCM03,Lý Nhơn,7.0,30.56,-0.074,19.43,16.97,6.41,18:00:00,2024-03-05
HCM03,Lý Nhơn,7.0,29.96,-0.098,35.34,20.54,6.03,18:30:00,2024-03-05
HCM03,Lý Nhơn,7.0,30.74,-0.023,27.85,17.62,6.87,19:00:00,2024-03-05
HCM03,Lý Nhơn,7.0,29.82,-0.018,28.91,16.57,6.31,19:30:00,2024-03-05
HCM03,Lý Nhơn,7.0,31.0,-0.081,26.37,14.72,7.59,20:00:00,2024-03-05
HCM03,Lý Nhơn,7.0,30.45,-0.047,29.67,17.33,6.93,20:30:00,2024-03-05
HCM03,Lý Nhơn,7.0,29.18,0.042,24.04,14.96,7.57,21:00:00,2024-03-05
HCM03,Lý Nhơn,7.0,29.95,-0.049,27.55,18.02,7.31,21:30:00,2024-03-05
HCM03,Lý Nhơn,7.0,30.04,0.019,35.29,17.83,6.59,22:00:00,2024-03-05
HCM03,Lý Nhơn,7.0,30.14,0.005,29.63,16.97,5.75,22:30:00,2024-03-05
HCM03,Lý Nhơn,7.0,28.8,0.008,35.07,19.35,6.8,23:00:00,2024-03-05
HCM03,Lý Nhơn,7.0,29.77,0.039,32.8,18.03,8.22,23:30:00,2024-03-05
HCM01,Nhà Bè,38.0,29.16,-0.037,19.16,12.19,6.68,00:00:00,2024-03-05
HCM01,Nhà Bè,38.0,30.51,-0.016,23.24,14.54,6.81,00:30:00,2024-03-05
HCM01,Nhà Bè,38.0,28.89,-0.014,24.69,15.14,7.13,01:00:00,2024-03-05
HCM01,Nhà Bè,38.0,29.48,-0.01,19.14,13.73,7.59,01:30:00,2024-03-05
HCM01,Nhà Bè,38.0,30.41,0.069,28.15,17.32,6.8,02:00:00,2024-03-05
HCM01,Nhà Bè,38.0,31.79,0.01,24.4,15.78,6.47,02:30:00,2024-03-05
HCM01,Nhà Bè,38.0,29.54,-0.013,17.86,12.27,7.07,03:00:00,2024-03-05
HCM01,Nhà Bè,38.0,30.09,0.024,25.08,12.98,6.91,03:30:00,2024-03-05
HCM01,Nhà Bè,38.0,29.49,0.086,34.74,16.72,6.75,04:00:00,2024-03-05
HCM01,Nhà Bè,38.0,29.45,0.077,29.65,15.36,7.08,04:30:00,2024-03-05
HCM01,Nhà Bè,38.0,31.44,0.074,29.89,16.96,5.33,05:00:00,2024-03-05
HCM01,Nhà Bè,38.0,28.46,0.072,26.48,17.73,6.14,05:30:00,2024-03-05
HCM01,Nhà Bè,38.0,30.0,0.033,22.06,13.68,7.54,06:00:00,2024-03-05
HCM01,Nhà Bè,38.0,29.17,0.059,25.12,13.41,6.58,06:30:00,2024-03-05
HCM01,Nhà Bè,38.0,29.69,0.005,22.87,16.09,6.99,07:00:00,2024-03-05
HCM01,Nhà Bè,38.0,29.76,0.024,32.73,18.22,6.7,07:30:00,2024-03-05
HCM01,Nhà Bè,38.0,30.6,0.011,25.53,15.29,6.68,08:00:00,2024-03-05
HCM01,Nhà Bè,38.0,30.77,0.111,22.37,17.68,6.34,08:30:00,2024-03-05
HCM01,Nhà Bè,38.0,29.82,0.064,26.37,15.7,6.08,09:00:00,2024-03-05
HCM01,Nhà Bè,38.0,30.29,0.016,22.3,13.88,6.8,09:30:00,2024-03-05
HCM01,Nhà Bè,38.0,29.33,0.006,22.73,12.06,8.02,10:00:00,2024-03-05
HCM01,Nhà Bè,38.0,30.07,0.028,22.0,12.46,6.99,10:30:00,2024-03-05
HCM01,Nhà Bè,38.0,29.12,0.039,25.5,13.76,7.23,11:00:00,2024-03-05
HCM01,Nhà Bè,38.0,29.54,0.026,17.47,12.79,6.48,11:30:00,2024-03-05
HCM01,Nhà Bè,38.0,30.24,-0.002,14.81,10.45,7.48,12:00:00,2024-03-05
HCM01,Nhà Bè,38.0,29.42,-0.031,19.2,13.25,6.99,12:30:00,2024-03-05
HCM01,Nhà Bè,38.0,29.63,0.007,14.53,10.93,6.48,13:00:00,2024-03-05
HCM01,Nhà Bè,38.0,30.12,-0.03,21.28,14.01,8.02,13:30:00,2024-03-05
HCM01,Nhà Bè,38.0,28.67,0.009,20.89,12.07,7.12,14:00:00,2024-03-05
HCM01,Nhà Bè,38.0,30.23,-0.031,17.65,12.01,7.31,14:30:00,2024-03-05
HCM01,Nhà Bè,38.0,30.88,-0.045,17.44,12.83,6.59,15:00:00,2024-03-05
HCM01,Nhà Bè,38.0,29.71,-0.036,19.59,12.73,6.13,15:30:00,2024-03-05
HCM01,Nhà Bè,38.0,30.16,-0.019,13.81,11.17,7.49,16:00:00,2024-03-05
HCM01,Nhà Bè,38.0,31.15,-0.073,20.5,11.58,7.51,16:30:00,2024-03-05
HCM01,Nhà Bè,38.0,29.39,-0.087,15.01,10.95,6.79,17:00:00,2024-03-05
HCM01,Nhà Bè,38.0,30.76,-0.018,16.05,10.3,7.03,17:30:00,2024-03-05
HCM01,Nhà Bè,38.0,29.46,-0.034,19.02,12.94,7.22,18:00:00,2024-03-05
HCM01,Nhà Bè,38.0,29.23,-0.031,17.88,9.55,7.44,18:30:00,2024-03-05
HCM01,Nhà Bè,38.0,30.16,-0.094,18.65,11.85,6.78,19:00:00,2024-03-05
HCM01,Nhà Bè,38.0,30.18,-0.06,11.32,8.98,7.64,19:30:00,2024-03-05
HCM01,Nhà Bè,38.0,30.2,-0.036,15.37,11.73,7.25,20:00:00,2024-03-05
HCM01,Nhà Bè,38.0,29.52,-0.073,25.06,13.34,6.96,20:30:00,2024-03-05
HCM01,Nhà Bè,38.0,30.77,-0.037,19.11,11.18,6.54,21:00:00,2024-03-05
HCM01,Nhà Bè,38.0,29.43,-0.024,21.13,11.91,7.04,21:30:00,2024-03-05
HCM01,Nhà Bè,38.0,29.7,0.017,19.01,12.76,6.81,22:00:00,2024-03-05
HCM01,Nhà Bè,38.0,29.52,-0.045,22.33,13.23,6.94,22:30:00,2024-03-05
HCM01,Nhà Bè,38.0,30.7,-0.02,24.36,12.37,6.69,23:00:00,2024-03-05
HCM01,Nhà Bè,38.0,30.23,0.009,18.7,11.17,7.07,23:30:00,2024-03-05
HCM02,Cát Lái,58.0,28.67,-0.002,12.62,7.95,6.88,00:00:00,2024-03-06
HCM02,Cát Lái,58.0,29.24,0.056,13.96,6.43,7.1,00:30:00,2024-03-06
HCM02,Cát Lái,58.0,28.67,0.035,12.83,8.46,5.69,01:00:00,2024-03-06
HCM02,Cát Lái,58.0,28.93,-0.006,12.94,8.61,6.52,01:30:00,2024-03-06
HCM02,Cát Lái,58.0,30.02,0.003,13.67,8.96,7.18,02:00:00,2024-03-06
HCM02,Cát Lái,58.0,29.12,0.046,13.49,9.26,6.66,02:30:00,2024-03-06
HCM02,Cát Lái,58.0,30.42,0.097,14.71,8.23,7.16,03:00:00,2024-03-06
HCM02,Cát Lái,58.0,30.79,0.049,11.29,7.94,6.86,03:30:00,2024-03-06
HCM02,Cát Lái,58.0,29.9,0.072,13.34,7.59,6.94,04:00:00,2024-03-06
HCM02,Cát Lái,58.0,29.35,-0.013,19.39,10.27,5.85,04:30:00,2024-03-06
HCM02,Cát Lái,58.0,30.57,-0.024,10.9,8.54,7.79,05:00:00,2024-03-06
HCM02,Cát Lái,58.0,29.69,0.096,12.17,7.73,8.03,05:30:00,2024-03-06
HCM02,Cát Lái,58.0,29.95,0.041,10.42,7.87,7.0,06:00:00,2024-03-06
HCM02,Cát Lái,58.0,30.1,0.09,10.07,8.11,6.87,06:30:00,2024-03-06
HCM02,Cát Lái,58.0,30.05,0.042,16.08,9.47,6.96,07:00:00,2024-03-06
HCM02,Cát Lái,58.0,30.45,-0.022,15.97,8.75,6.48,07:30:00,2024-03-06
HCM02,Cát Lái,58.0,28.88,0.099,10.96,7.89,6.99,08:00:00,2024-03-06
HCM02,Cát Lái,58.0,29.23,0.022,12.07,8.08,7.11,08:30:00,2024-03-06
HCM02,Cát Lái,58.0,30.06,0.043,17.6,8.9,7.06,09:00:00,2024-03-06
HCM02,Cát Lái,58.0,31.9,0.053,18.67,9.16,7.34,09:30:00,2024-03-06
HCM02,Cát Lái,58.0,30.58,-0.017,17.6,8.92,7.03,10:00:00,2024-03-06
HCM02,Cát Lái,58.0,30.17,0.037,14.22,7.98,7.58,10:30:00,2024-03-06
HCM02,Cát Lái,58.0,30.97,0.034,13.25,7.48,7.61,11:00:00,2024-03-06
HCM02,Cát Lái,58.0,30.06,0.02,13.78,8.16,8.3,11:30:00,2024-03-06
HCM02,Cát Lái,58.0,30.01,-0.007,7.9,5.0,6.73,12:00:00,2024-03-06
HCM02,Cát Lái,58.0,30.03,-0.056,16.06,8.84,7.73,12:30:00,2024-03-06
HCM02,Cát Lái,58.0,30.1,0.004,12.44,7.34,6.89,13:00:00,2024-03-06
HCM02,Cát Lái,58.0,31.16,-0.032,15.34,7.92,6.27,13:30:00,2024-03-06
HCM02,Cát Lái,58.0,30.84,-0.06,12.2,7.47,6.95,14:00:00,2024-03-06
HCM02,Cát Lái,58.0,30.28,-0.045,12.08,7.69,8.51,14:30:00,2024-03-06
HCM02,Cát Lái,58.0,29.16,-0.037,9.74,6.88,6.68,15:00:00,2024-03-06
HCM02,Cát Lái,58.0,29.08,-0.015,11.2,6.63,7.87,15:30:00,2024-03-06
HCM02,Cát Lái,58.0,31.49,-0.089,8.79,6.79,6.81,16:00:00,2024-03-06
HCM02,Cát Lái,58.0,28.98,-0.059,9.34,6.38,6.86,16:30:00,2024-03-06
HCM02,Cát Lái,58.0,30.39,-0.067,13.17,6.24,7.09,17:00:00,2024-03-06
HCM02,Cát Lái,58.0,29.82,-0.06,9.18,6.45,6.97,17:30:00,2024-03-06
HCM02,Cát Lái,58.0,29.41,-0.086,9.84,6.01,7.18,18:00:00,2024-03-06
HCM02,Cát Lái,58.0,31.35,-0.016,7.29,4.9,6.58,18:30:00,2024-03-06
HCM02,Cát Lái,58.0,28.81,-0.048,9.09,5.9,6.44,19:00:00,2024-03-06
HCM02,Cát Lái,58.0,30.67,-0.009,13.54,6.75,7.66,19:30:00,2024-03-06
HCM02,Cát Lái,58.0,30.71,-0.027,8.91,6.26,6.34,20:00:00,2024-03-06
HCM02,Cát Lái,58.0,29.93,-0.053,9.57,6.49,7.2,20:30:00,2024-03-06
HCM02,Cát Lái,58.0,28.9,-0.095,8.75,6.22,7.04,21:00:00,2024-03-06
HCM02,Cát Lái,58.0,30.58,-0.072,10.16,6.03,8.01,21:30:00,2024-03-06
HCM02,Cát Lái,58.0,29.7,-0.011,8.92,7.74,7.74,22:00:00,2024-03-06
HCM02,Cát Lái,58.0,28.95,-0.012,7.66,7.48,6.76,22:30:00,2024-03-06
HCM02,Cát Lái,58.0,30.9,-0.033,8.69,6.0,7.78,23:00:00,2024-03-06
HCM02,Cát Lái,58.0,31.04,0.01,11.87,6.78,6.21,23:30:00,2024-03-06
HCM04,Long Đại,80.0,30.47,-0.023,3.49,1.89,7.27,00:00:00,2024-03-06
HCM04,Long Đại,80.0,29.87,-0.014,3.38,1.79,6.99,00:30:00,2024-03-06
HCM04,Long Đại,80.0,29.45,-0.005,2.96,1.86,7.36,01:00:00,2024-03-06
HCM04,Long Đại,80.0,29.09,0.052,4.13,2.1,7.43,01:30:00,2024-03-06
HCM04,Long Đại,80.0,30.34,0.043,3.5,2.34,7.85,02:00:00,2024-03-06
HCM04,Long Đại,80.0,29.6,-0.002,3.44,1.74,6.8,02:30:00,2024-03-06
HCM04,Long Đại,80.0,29.81,0.024,2.58,1.91,6.96,03:00:00,2024-03-06
HCM04,Long Đại,80.0,30.23,0.015,3.46,1.94,6.82,03:30:00,2024-03-06
HCM04,Long Đại,80.0,28.75,0.017,4.08,2.37,8.21,04:00:00,2024-03-06
HCM04,Long Đại,80.0,29.47,0.035,1.86,1.13,7.91,04:30:00,2024-03-06
HCM04,Long Đại,80.0,29.28,0.039,2.0,1.3,7.72,05:00:00,2024-03-06
HCM04,Long Đại,80.0,31.0,0.064,3.97,1.97,7.06,05:30:00,2024-03-06
HCM04,Long Đại,80.0,30.83,0.078,3.76,2.0,7.9,06:00:00,2024-03-06
HCM04,Long Đại,80.0,31.49,0.072,4.39,2.0,8.53,06:30:00,2024-03-06
HCM04,Long Đại,80.0,30.35,0.039,4.03,2.39,7.74,07:00:00,2024-03-06
HCM04,Long Đại,80.0,29.66,0.024,1.98,1.44,6.8,07:30:00,2024-03-06
HCM04,Long Đại,80.0,28.51,0.006,3.99,2.03,7.75,08:00:00,2024-03-06
HCM04,Long Đại,80.0,29.8,0.035,2.91,2.01,7.79,08:30:00,2024-03-06
HCM04,Long Đại,80.0,30.09,0.099,2.94,1.99,7.5,09:00:00,2024-03-06
HCM04,Long Đại,80.0,30.5,0.018,3.63,2.21,7.89,09:30:00,2024-03-06
HCM04,Long Đại,80.0,29.49,0.005,2.14,1.42,8.8,10:00:00,2024-03-06
HCM04,Long Đại,80.0,29.89,-0.026,2.8,1.73,8.35,10:30:00,2024-03-06
HCM04,Long Đại,80.0,28.73,0.02,3.82,2.01,7.05,11:00:00,2024-03-06
HCM04,Long Đại,80.0,30.01,0.011,3.2,1.95,6.89,11:30:00,2024-03-06
HCM04,Long Đại,80.0,29.38,-0.003,2.57,1.51,7.06,12:00:00,2024-03-06
HCM04,Long Đại,80.0,29.39,0.024,3.21,2.44,6.83,12:30:00,2024-03-06
HCM04,Long Đại,80.0,29.67,-0.026,2.84,1.61,7.32,13:00:00,2024-03-06
HCM04,Long Đại,80.0,30.2,0.025,3.08,1.8,6.95,13:30:00,2024-03-06
HCM04,Long Đại,80.0,29.6,-0.071,2.18,1.63,6.84,14:00:00,2024-03-06
HCM04,Long Đại,80.0,31.75,-0.023,2.23,1.42,7.96,14:30:00,2024-03-06
HCM04,Long Đại,80.0,29.07,-0.023,2.41,1.57,7.41,15:00:00,2024-03-06
HCM04,Long Đại,80.0,30.59,-0.074,3.68,1.74,6.95,15:30:00,2024-03-06
HCM04,Long Đại,80.0,30.17,-0.056,3.12,1.57,7.0,16:00:00,2024-03-06
HCM04,Long Đại,80.0,31.6,-0.023,1.88,1.38,7.68,16:30:00,2024-03-06
HCM04,Long Đại,80.0,30.61,-0.086,2.51,1.66,7.06,17:00:00,2024-03-06
HCM04,Long Đại,80.0,30.71,-0.043,3.89,1.85,7.39,17:30:00,2024-03-06
HCM04,Long Đại,80.0,30.26,-0.029,2.38,1.98,7.17,18:00:00,2024-03-06
HCM04,Long Đại,80.0,30.87,-0.035,1.91,1.5,7.7,18:30:00,2024-03-06
HCM04,Long Đại,80.0,31.61,-0.059,2.01,1.35,6.79,19:00:00,2024-03-06
HCM04,Long Đại,80.0,30.96,-0.036,3.5,2.13,7.68,19:30:00,2024-03-06
HCM04,Long Đại,80.0,30.81,-0.048,1.92,1.67,6.82,20:00:00,2024-03-06
HCM04,Long Đại,80.0,30.54,-0.041,2.87,1.82,7.44,20:30:00,2024-03-06
HCM04,Long Đại,80.0,30.21,-0.06,2.56,1.46,8.34,21:00:00,2024-03-06
HCM04,Long Đại,80.0,29.71,0.04,3.55,1.86,6.86,21:30:00,2024-03-06
HCM04,Long Đại,80.0,28.74,-0.004,3.03,1.46,7.49,22:00:00,2024-03-06
HCM04,Long Đại,80.0,31.02,0.002,2.7,1.54,7.58,22:30:00,2024-03-06
HCM04,Long Đại,80.0,30.02,-0.046,3.86,2.14,6.6,23:00:00,2024-03-06
HCM04,Long Đại,80.0,29.93,-0.009,2.85,1.58,7.1,23:30:00,2024-03-06
HCM03,Lý Nhơn,7.0,29.51,0.002,29.83,20.77,6.65,00:00:00,2024-03-06
HCM03,Lý Nhơn,7.0,28.81,-0.023,32.1,19.23,6.65,00:30:00,2024-03-06
HCM03,Lý Nhơn,7.0,31.85,0.004,33.47,20.07,6.32,01:00:00,2024-03-06
HCM03,Lý Nhơn,7.0,31.98,0.01,35.84,24.39,5.83,01:30:00,2024-03-06
HCM03,Lý Nhơn,7.0,29.39,0.042,44.84,26.16,6.19,02:00:00,2024-03-06
HCM03,Lý Nhơn,7.0,29.91,0.03,41.31,26.87,6.05,02:30:00,2024-03-06
HCM03,Lý Nhơn,7.0,30.5,0.05,29.81,17.36,6.76,03:00:00,2024-03-06
HCM03,Lý Nhơn,7.0,29.92,0.053,38.4,26.7,6.58,03:30:00,2024-03-06
HCM03,Lý Nhơn,7.0,30.31,0.071,37.1,23.26,6.09,04:00:00,2024-03-06
HCM03,Lý Nhơn,7.0,28.15,0.066,49.34,24.97,7.33,04:30:00,2024-03-06
HCM03,Lý Nhơn,7.0,30.32,0.089,39.34,22.96,6.05,05:00:00,2024-03-06
HCM03,Lý Nhơn,7.0,29.76,0.038,38.57,24.57,6.24,05:30:00,2024-03-06
HCM03,Lý Nhơn,7.0,30.33,0.075,36.68,26.34,6.56,06:00:00,2024-03-06
HCM03,Lý Nhơn,7.0,28.93,0.062,43.76,24.12,6.21,06:30:00,2024-03-06
HCM03,Lý Nhơn,7.0,29.2,0.063,53.36,27.78,6.7,07:00:00,2024-03-06
HCM03,Lý Nhơn,7.0,31.75,0.076,36.55,20.89,7.14,07:30:00,2024-03-06
HCM03,Lý Nhơn,7.0,29.65,0.033,42.35,22.25,6.81,08:00:00,2024-03-06
HCM03,Lý Nhơn,7.0,29.33,0.036,33.95,22.77,6.03,08:30:00,2024-03-06
HCM03,Lý Nhơn,7.0,31.78,0.023,31.31,20.8,7.2,09:00:00,2024-03-06
HCM03,Lý Nhơn,7.0,29.12,0.031,23.34,21.06,6.47,09:30:00,2024-03-06
HCM03,Lý Nhơn,7.0,31.36,0.019,31.22,23.08,6.61,10:00:00,2024-03-06
HCM03,Lý Nhơn,7.0,30.64,-0.015,31.0,23.08,7.89,10:30:00,2024-03-06
HCM03,Lý Nhơn,7.0,29.87,0.084,39.33,21.83,7.25,11:00:00,2024-03-06
HCM03,Lý Nhơn,7.0,29.23,0.017,27.4,22.1,6.07,11:30:00,2024-03-06
HCM03,Lý Nhơn,7.0,29.22,0.02,30.34,21.34,7.17,12:00:00,2024-03-06
HCM03,Lý Nhơn,7.0,29.97,-0.053,36.55,22.22,6.06,12:30:00,2024-03-06
HCM03,Lý Nhơn,7.0,30.62,-0.013,32.71,22.12,6.96,13:00:00,2024-03-06
HCM03,Lý Nhơn,7.0,30.43,-0.008,33.6,19.13,7.34,13:30:00,2024-03-06
HCM03,Lý Nhơn,7.0,29.91,0.013,37.51,18.21,6.28,14:00:00,2024-03-06
HCM03,Lý Nhơn,7.0,28.02,-0.026,34.26,21.82,6.87,14:30:00,2024-03-06
HCM03,Lý Nhơn,7.0,31.04,-0.066,30.1,16.83,6.67,15:00:00,2024-03-06
HCM03,Lý Nhơn,7.0,28.69,-0.06,29.25,18.15,7.42,15:30:00,2024-03-06
HCM03,Lý Nhơn,7.0,29.28,-0.029,35.87,17.66,7.07,16:00:00,2024-03-06
HCM03,Lý Nhơn,7.0,30.43,-0.066,35.89,16.32,6.44,16:30:00,2024-03-06
HCM03,Lý Nhơn,7.0,29.03,-0.054,27.25,18.3,6.99,17:00:00,2024-03-06
HCM03,Lý Nhơn,7.0,28.97,-0.056,30.9,16.99,5.93,17:30:00,2024-03-06
HCM03,Lý Nhơn,7.0,29.38,-0.062,38.67,19.38,6.46,18:00:00,2024-03-06
HCM03,Lý Nhơn,7.0,28.73,0.002,40.6,20.88,6.71,18:30:00,2024-03-06
HCM03,Lý Nhơn,7.0,29.82,-0.022,36.3,19.42,6.18,19:00:00,2024-03-06
HCM03,Lý Nhơn,7.0,28.26,-0.086,29.14,20.78,6.91,19:30:00,2024-03-06
HCM03,Lý Nhơn,7.0,30.44,-0.026,32.06,19.81,6.51,20:00:00,2024-03-06
HCM03,Lý Nhơn,7.0,29.53,-0.041,26.63,15.54,6.75,20:30:00,2024-03-06
HCM03,Lý Nhơn,7.0,29.88,-0.033,36.92,19.41,6.59,21:00:00,2024-03-06
HCM03,Lý Nhơn,7.0,30.56,-0.004,30.95,20.52,6.94,21:30:00,2024-03-06
HCM03,Lý Nhơn,7.0,30.32,-0.028,34.76,19.71,7.57,22:00:00,2024-03-06
HCM03,Lý Nhơn,7.0,31.61,-0.013,40.69,21.38,7.09,22:30:00,2024-03-06
HCM03,Lý Nhơn,7.0,29.93,-0.015,31.25,22.66,6.79,23:00:00,2024-03-06
HCM03,Lý Nhơn,7.0,29.62,-0.024,24.9,18.92,6.3,23:30:00,2024-03-06
HCM01,Nhà Bè,38.0,29.18,-0.007,17.29,14.81,6.66,00:00:00,2024-03-06
HCM01,Nhà Bè,38.0,30.47,0.034,19.7,13.11,6.34,00:30:00,2024-03-06
HCM01,Nhà Bè,38.0,30.61,-0.004,27.04,16.77,6.97,01:00:00,2024-03-06
HCM01,Nhà Bè,38.0,29.83,0.018,23.17,13.59,6.29,01:30:00,2024-03-06
HCM01,Nhà Bè,38.0,31.0,-0.031,23.14,13.9,7.18,02:00:00,2024-03-06
HCM01,Nhà Bè,38.0,32.09,0.046,22.09,14.46,7.05,02:30:00,2024-03-06
HCM01,Nhà Bè,38.0,30.04,0.052,15.5,13.97,6.74,03:00:00,2024-03-06
HCM01,Nhà Bè,38.0,31.24,0.07,23.03,14.2,7.61,03:30:00,2024-03-06
HCM01,Nhà Bè,38.0,28.02,0.001,27.76,15.94,7.45,04:00:00,2024-03-06
HCM01,Nhà Bè,38.0,30.57,0.039,28.48,14.76,6.47,04:30:00,2024-03-06
HCM01,Nhà Bè,38.0,29.74,-0.001,30.53,16.09,7.94,05:00:00,2024-03-06
HCM01,Nhà Bè,38.0,30.48,0.064,34.53,18.22,6.05,05:30:00,2024-03-06
HCM01,Nhà Bè,38.0,31.23,0.082,29.54,17.74,7.48,06:00:00,2024-03-06
HCM01,Nhà Bè,38.0,28.14,0.052,16.66,14.0,7.56,06:30:00,2024-03-06
HCM01,Nhà Bè,38.0,30.64,0.071,21.32,14.45,6.89,07:00:00,2024-03-06
HCM01,Nhà Bè,38.0,29.11,0.046,16.51,15.63,7.1,07:30:00,2024-03-06
HCM01,Nhà Bè,38.0,30.2,0.063,27.88,15.83,6.41,08:00:00,2024-03-06
HCM01,Nhà Bè,38.0,31.05,0.045,23.33,15.26,7.64,08:30:00,2024-03-06
HCM01,Nhà Bè,38.0,29.9,0.084,24.33,13.75,6.52,09:00:00,2024-03-06
HCM01,Nhà Bè,38.0,30.01,-0.008,23.94,12.46,7.08,09:30:00,2024-03-06
HCM01,Nhà Bè,38.0,29.53,0.073,23.96,17.62,6.44,10:00:00,2024-03-06
HCM01,Nhà Bè,38.0,30.18,0.061,26.24,17.02,6.58,10:30:00,2024-03-06
HCM01,Nhà Bè,38.0,29.98,-0.015,27.24,12.73,7.56,11:00:00,2024-03-06
HCM01,Nhà Bè,38.0,29.48,0.023,16.42,12.69,8.01,11:30:00,2024-03-06
HCM01,Nhà Bè,38.0,31.63,0.02,21.41,13.8,7.92,12:00:00,2024-03-06
HCM01,Nhà Bè,38.0,29.89,0.009,14.2,11.48,7.42,12:30:00,2024-03-06
HCM01,Nhà Bè,38.0,29.86,-0.038,17.81,12.24,6.6,13:00:00,2024-03-06
HCM01,Nhà Bè,38.0,29.75,-0.005,19.9,13.99,7.6,13:30:00,2024-03-06
HCM01,Nhà Bè,38.0,29.83,0.003,16.44,14.01,7.16,14:00:00,2024-03-06
HCM01,Nhà Bè,38.0,30.39,0.015,20.49,13.71,7.53,14:30:00,2024-03-06
HCM01,Nhà Bè,38.0,30.5,-0.033,21.54,13.17,6.38,15:00:00,2024-03-06
HCM01,Nhà Bè,38.0,30.51,-0.093,17.82,10.24,6.84,15:30:00,2024-03-06
HCM01,Nhà Bè,38.0,30.35,-0.077,16.93,12.08,7.06,16:00:00,2024-03-06
HCM01,Nhà Bè,38.0,30.46,-0.034,13.38,11.24,8.34,16:30:00,2024-03-06
HCM01,Nhà Bè,38.0,30.18,-0.076,11.14,9.87,7.65,17:00:00,2024-03-06
HCM01,Nhà Bè,38.0,29.09,-0.042,17.02,10.01,6.9,17:30:00,2024-03-06
HCM01,Nhà Bè,38.0,30.85,0.029,21.8,12.7,5.39,18:00:00,2024-03-06
HCM01,Nhà Bè,38.0,30.09,-0.002,20.36,12.28,7.13,18:30:00,2024-03-06
HCM01,Nhà Bè,38.0,30.83,-0.042,16.91,10.46,7.25,19:00:00,2024-03-06
HCM01,Nhà Bè,38.0,31.15,-0.064,18.57,12.59,7.42,19:30:00,2024-03-06
HCM01,Nhà Bè,38.0,30.11,-0.054,16.97,11.49,7.5,20:00:00,2024-03-06
HCM01,Nhà Bè,38.0,31.06,-0.061,21.42,12.71,6.03,20:30:00,2024-03-06
HCM01,Nhà Bè,38.0,29.01,-0.064,18.0,12.89,7.25,21:00:00,2024-03-06
HCM01,Nhà Bè,38.0,30.92,-0.019,22.34,13.19,7.1,21:30:00,2024-03-06
HCM01,Nhà Bè,38.0,29.0,-0.003,21.15,11.66,7.54,22:00:00,2024-03-06
HCM01,Nhà Bè,38.0,28.65,-0.048,20.3,13.19,6.7,22:30:00,2024-03-06
HCM01,Nhà Bè,38.0,29.29,-0.04,24.04,12.93,7.03,23:00:00,2024-03-06
HCM01,Nhà Bè,38.0,31.23,-0.032,19.23,13.84,6.03,23:30:00,2024-03-06
HCM02,Cát Lái,58.0,30.18,0.024,10.91,6.91,7.25,00:00:00,2024-03-07
HCM02,Cát Lái,58.0,30.57,-0.03,12.78,8.54,8.24,00:30:00,2024-03-07
HCM02,Cát Lái,58.0,29.74,0.014,12.16,8.11,7.66,01:00:00,2024-03-07
HCM02,Cát Lái,58.0,30.52,0.088,14.53,8.32,7.23,01:30:00,2024-03-07
HCM02,Cát Lái,58.0,29.76,0.006,12.35,8.24,7.7,02:00:00,2024-03-07
HCM02,Cát Lái,58.0,30.23,0.019,10.86,7.87,7.61,02:30:00,2024-03-07
HCM02,Cát Lái,58.0,30.58,0.014,11.36,8.74,6.2,03:00:00,2024-03-07
HCM02,Cát Lái,58.0,29.19,0.036,14.5,8.71,7.78,03:30:00,2024-03-07
HCM02,Cát Lái,58.0,30.63,0.069,14.15,8.68,7.35,04:00:00,2024-03-07
HCM02,Cát Lái,58.0,28.56,0.01,10.56,7.02,8.13,04:30:00,2024-03-07
HCM02,Cát Lái,58.0,29.77,0.053,11.98,9.05,7.54,05:00:00,2024-03-07
HCM02,Cát Lái,58.0,28.95,0.037,11.23,6.35,6.67,05:30:00,2024-03-07
HCM02,Cát Lái,58.0,30.16,0.024,14.3,7.88,7.37,06:00:00,2024-03-07
HCM02,Cát Lái,58.0,30.72,0.085,18.79,9.94,7.28,06:30:00,2024-03-07
HCM02,Cát Lái,58.0,30.0,0.04,15.37,8.08,8.39,07:00:00,2024-03-07
HCM02,Cát Lái,58.0,30.07,0.094,17.89,11.11,7.09,07:30:00,2024-03-07
HCM02,Cát Lái,58.0,30.29,0.08,13.02,10.31,7.01,08:00:00,2024-03-07
HCM02,Cát Lái,58.0,31.2,0.011,11.38,8.32,6.44,08:30:00,2024-03-07
HCM02,Cát Lái,58.0,30.0,0.015,15.72,10.64,7.25,09:00:00,2024-03-07
HCM02,Cát Lái,58.0,29.02,0.033,12.87,7.92,7.38,09:30:00,2024-03-07
HCM02,Cát Lái,58.0,30.1,0.051,12.86,8.53,7.94,10:00:00,2024-03-07
HCM02,Cát Lái,58.0,30.2,0.014,16.95,9.33,6.39,10:30:00,2024-03-07
HCM02,Cát Lái,58.0,30.31,-0.02,12.09,10.14,6.21,11:00:00,2024-03-07
HCM02,Cát Lái,58.0,29.4,0.013,10.01,8.11,8.02,11:30:00,2024-03-07
HCM02,Cát Lái,58.0,30.83,0.02,12.88,6.99,6.39,12:00:00,2024-03-07
HCM02,Cát Lái,58.0,29.31,0.018,13.79,8.69,6.74,12:30:00,2024-03-07
HCM02,Cát Lái,58.0,29.95,-0.034,13.54,7.75,7.17,13:00:00,2024-03-07
HCM02,Cát Lái,58.0,30.09,-0.014,12.65,7.77,7.29,13:30:00,2024-03-07
HCM02,Cát Lái,58.0,29.71,-0.023,11.81,7.09,7.25,14:00:00,2024-03-07
HCM02,Cát Lái,58.0,32.46,-0.018,11.65,7.25,7.4,14:30:00,2024-03-07
HCM02,Cát Lái,58.0,29.88,0.006,13.17,7.4,7.85,15:00:00,2024-03-07
HCM02,Cát Lái,58.0,31.27,-0.078,13.0,8.29,7.99,15:30:00,2024-03-07
HCM02,Cát Lái,58.0,30.38,-0.009,11.09,5.97,7.49,16:00:00,2024-03-07
HCM02,Cát Lái,58.0,30.06,0.01,10.51,6.45,7.28,16:30:00,2024-03-07
HCM02,Cát Lái,58.0,31.26,-0.026,8.31,7.18,7.39,17:00:00,2024-03-07
HCM02,Cát Lái,58.0,30.09,-0.041,13.36,7.75,7.55,17:30:00,2024-03-07
HCM02,Cát Lái,58.0,28.22,-0.045,9.91,6.25,6.13,18:00:00,2024-03-07
HCM02,Cát Lái,58.0,30.7,-0.058,9.39,5.62,7.17,18:30:00,2024-03-07
HCM02,Cát Lái,58.0,30.16,-0.071,13.79,7.98,6.78,19:00:00,2024-03-07
HCM02,Cát Lái,58.0,30.73,-0.088,7.58,7.78,7.12,19:30:00,2024-03-07
HCM02,Cát Lái,58.0,28.65,-0.058,11.85,6.03,8.66,20:00:00,2024-03-07
HCM02,Cát Lái,58.0,30.75,-0.011,12.95,6.72,6.64,20:30:00,2024-03-07
HCM02,Cát Lái,58.0,30.41,-0.035,7.51,6.85,6.47,21:00:00,2024-03-07
HCM02,Cát Lái,58.0,30.61,-0.021,10.22,7.04,7.32,21:30:00,2024-03-07
HCM02,Cát Lái,58.0,29.89,-0.033,10.79,5.43,7.3,22:00:00,2024-03-07
HCM02,Cát Lái,58.0,29.72,-0.022,7.63,7.46,7.55,22:30:00,2024-03-07
HCM02,Cát Lái,58.0,30.08,-0.013,13.26,6.59,7.17,23:00:00,2024-03-07
HCM02,Cát Lái,58.0,30.33,-0.013,12.39,7.19,7.11,23:30:00,2024-03-07
HCM04,Long Đại,80.0,31.11,0.077,3.45,1.81,6.73,00:00:00,2024-03-07
HCM04,Long Đại,80.0,28.86,0.029,2.48,1.62,7.22,00:30:00,2024-03-07
HCM04,Long Đại,80.0,30.01,0.05,3.51,2.49,7.2,01:00:00,2024-03-07
HCM04,Long Đại,80.0,30.45,0.033,2.45,1.79,6.51,01:30:00,2024-03-07
HCM04,Long Đại,80.0,30.66,0.008,2.51,2.23,8.01,02:00:00,2024-03-07
HCM04,Long Đại,80.0,30.0,0.06,3.58,1.91,7.7,02:30:00,2024-03-07
HCM04,Long Đại,80.0,30.05,0.089,4.28,2.38,7.51,03:00:00,2024-03-07
HCM04,Long Đại,80.0,30.51,0.009,3.24,2.39,7.96,03:30:00,2024-03-07
HCM04,Long Đại,80.0,29.59,0.033,4.5,2.51,7.13,04:00:00,2024-03-07
HCM04,Long Đại,80.0,29.25,0.065,2.95,2.42,7.8,04:30:00,2024-03-07
HCM04,Long Đại,80.0,30.55,-0.012,4.35,2.53,7.23,05:00:00,2024-03-07
HCM04,Long Đại,80.0,30.12,0.045,4.53,2.53,8.07,05:30:00,2024-03-07
HCM04,Long Đại,80.0,30.06,0.026,3.93,2.42,7.31,06:00:00,2024-03-07
HCM04,Long Đại,80.0,29.2,0.05,3.72,2.45,7.97,06:30:00,2024-03-07
HCM04,Long Đại,80.0,29.42,0.048,5.5,2.46,8.28,07:00:00,2024-03-07
HCM04,Long Đại,80.0,30.18,0.034,4.38,2.22,6.64,07:30:00,2024-03-07
HCM04,Long Đại,80.0,29.88,0.088,3.34,2.2,6.63,08:00:00,2024-03-07
HCM04,Long Đại,80.0,29.83,0.056,4.04,2.68,7.66,08:30:00,2024-03-07
HCM04,Long Đại,80.0,28.61,0.059,3.34,2.47,8.27,09:00:00,2024-03-07
HCM04,Long Đại,80.0,29.48,0.05,2.73,1.93,8.2,09:30:00,2024-03-07
HCM04,Long Đại,80.0,28.39,0.034,2.97,1.99,7.32,10:00:00,2024-03-07
HCM04,Long Đại,80.0,30.82,-0.003,3.05,1.95,7.13,10:30:00,2024-03-07
HCM04,Long Đại,80.0,28.24,-0.014,2.45,2.36,7.43,11:00:00,2024-03-07
HCM04,Long Đại,80.0,30.29,0.002,3.52,2.01,8.09,11:30:00,2024-03-07
HCM04,Long Đại,80.0,29.09,-0.001,3.36,2.47,7.26,12:00:00,2024-03-07
HCM04,Long Đại,80.0,29.92,-0.062,3.42,2.01,7.41,12:30:00,2024-03-07
HCM04,Long Đại,80.0,30.55,0.033,2.72,1.91,7.75,13:00:00,2024-03-07
HCM04,Long Đại,80.0,29.71,0.003,3.72,2.16,6.36,13:30:00,2024-03-07
HCM04,Long Đại,80.0,29.87,-0.028,3.16,1.85,7.9,14:00:00,2024-03-07
HCM04,Long Đại,80.0,30.15,-0.072,2.29,1.57,7.46,14:30:00,2024-03-07
HCM04,Long Đại,80.0,29.78,-0.053,3.09,1.91,6.53,15:00:00,2024-03-07
HCM04,Long Đại,80.0,29.17,-0.033,3.5,1.9,7.27,15:30:00,2024-03-07
HCM04,Long Đại,80.0,30.28,-0.1,1.66,1.57,7.45,16:00:00,2024-03-07
HCM04,Long Đại,80.0,31.23,-0.069,2.36,1.57,7.5,16:30:00,2024-03-07
HCM04,Long Đại,80.0,29.56,-0.116,2.83,1.82,7.07,17:00:00,2024-03-07
HCM04,Long Đại,80.0,27.67,-0.09,2.32,1.87,7.39,17:30:00,2024-03-07
HCM04,Long Đại,80.0,29.44,-0.104,2.17,1.42,7.28,18:00:00,2024-03-07
HCM04,Long Đại,80.0,29.77,-0.059,2.21,1.25,7.36,18:30:00,2024-03-07
HCM04,Long Đại,80.0,30.16,-0.001,2.98,1.76,7.79,19:00:00,2024-03-07
HCM04,Long Đại,80.0,28.38,-0.04,3.0,1.89,7.43,19:30:00,2024-03-07
HCM04,Long Đại,80.0,29.62,-0.056,2.61,1.39,6.53,20:00:00,2024-03-07
HCM04,Long Đại,80.0,30.27,-0.01,3.3,1.87,7.46,20:30:00,2024-03-07
HCM04,Long Đại,80.0,28.96,-0.004,4.57,2.19,6.96,21:00:00,2024-03-07
HCM04,Long Đại,80.0,29.31,-0.007,3.57,1.79,7.53,21:30:00,2024-03-07
HCM04,Long Đại,80.0,28.83,-0.013,2.66,1.81,7.32,22:00:00,2024-03-07
HCM04,Long Đại,80.0,29.54,-0.025,2.96,1.7,6.4,22:30:00,2024-03-07
HCM04,Long Đại,80.0,29.38,0.019,3.5,2.1,7.25,23:00:00,2024-03-07
HCM04,Long Đại,80.0,28.94,-0.012,2.95,2.07,7.16,23:30:00,2024-03-07
HCM03,Lý Nhơn,7.0,29.5,-0.081,28.98,21.38,6.71,00:00:00,2024-03-07
HCM03,Lý Nhơn,7.0,29.56,0.024,40.53,24.43,7.26,00:30:00,2024-03-07
HCM03,Lý Nhơn,7.0,30.72,-0.041,47.12,24.9,6.33,01:00:00,2024-03-07
HCM03,Lý Nhơn,7.0,30.98,0.038,47.09,28.23,5.94,01:30:00,2024-03-07
HCM03,Lý Nhơn,7.0,30.07,0.058,40.62,23.13,6.39,02:00:00,2024-03-07
HCM03,Lý Nhơn,7.0,29.64,0.064,38.8,26.9,6.28,02:30:00,2024-03-07
HCM03,Lý Nhơn,7.0,29.63,0.043,36.86,26.56,6.64,03:00:00,2024-03-07
HCM03,Lý Nhơn,7.0,30.47,0.061,39.84,25.42,6.4,03:30:00,2024-03-07
HCM03,Lý Nhơn,7.0,31.32,0.026,49.16,27.32,7.26,04:00:00,2024-03-07
HCM03,Lý Nhơn,7.0,29.12,0.072,34.71,24.11,7.37,04:30:00,2024-03-07
HCM03,Lý Nhơn,7.0,29.49,0.016,35.14,20.19,6.84,05:00:00,2024-03-07
HCM03,Lý Nhơn,7.0,29.15,0.057,36.28,23.26,6.63,05:30:00,2024-03-07
HCM03,Lý Nhơn,7.0,29.81,0.048,64.08,29.37,7.2,06:00:00,2024-03-07
HCM03,Lý Nhơn,7.0,30.8,0.042,33.83,22.5,6.35,06:30:00,2024-03-07
HCM03,Lý Nhơn,7.0,30.58,0.048,31.37,23.26,6.45,07:00:00,2024-03-07
HCM03,Lý Nhơn,7.0,30.25,0.078,47.85,30.91,6.34,07:30:00,2024-03-07
HCM03,Lý Nhơn,7.0,29.35,0.022,43.41,24.92,7.24,08:00:00,2024-03-07
HCM03,Lý Nhơn,7.0,29.07,0.07,31.38,25.61,5.71,08:30:00,2024-03-07
HCM03,Lý Nhơn,7.0,31.42,0.021,38.09,24.18,7.05,09:00:00,2024-03-07
HCM03,Lý Nhơn,7.0,29.03,0.018,40.84,27.91,6.31,09:30:00,2024-03-07
HCM03,Lý Nhơn,7.0,30.84,-0.007,46.14,24.15,5.54,10:00:00,2024-03-07
HCM03,Lý Nhơn,7.0,31.35,0.054,35.45,22.12,6.26,10:30:00,2024-03-07
HCM03,Lý Nhơn,7.0,30.99,0.013,38.5,22.46,6.63,11:00:00,2024-03-07
HCM03,Lý Nhơn,7.0,30.98,0.058,41.44,22.92,6.77,11:30:00,2024-03-07
HCM03,Lý Nhơn,7.0,29.32,-0.051,46.44,24.16,6.12,12:00:00,2024-03-07
HCM03,Lý Nhơn,7.0,29.69,0.025,42.18,20.67,6.84,12:30:00,2024-03-07
HCM03,Lý Nhơn,7.0,28.78,-0.005,36.16,23.83,6.68,13:00:00,2024-03-07
HCM03,Lý Nhơn,7.0,29.88,-0.022,29.95,21.54,6.78,13:30:00,2024-03-07
HCM03,Lý Nhơn,7.0,29.72,-0.027,39.75,22.36,6.05,14:00:00,2024-03-07
HCM03,Lý Nhơn,7.0,30.04,0.037,33.58,20.52,6.75,14:30:00,2024-03-07
HCM03,Lý Nhơn,7.0,29.25,-0.072,38.24,21.96,6.67,15:00:00,2024-03-07
HCM03,Lý Nhơn,7.0,29.48,0.005,32.13,20.3,7.48,15:30:00,2024-03-07
HCM03,Lý Nhơn,7.0,30.2,0.005,33.9,20.75,6.98,16:00:00,2024-03-07
HCM03,Lý Nhơn,7.0,30.39,-0.014,39.66,21.04,7.2,16:30:00,2024-03-07
HCM03,Lý Nhơn,7.0,28.62,-0.112,32.22,20.31,7.13,17:00:00,2024-03-07
HCM03,Lý Nhơn,7.0,30.19,-0.046,30.11,18.34,7.41,17:30:00,2024-03-07
HCM03,Lý Nhơn,7.0,31.33,-0.03,25.54,15.09,6.69,18:00:00,2024-03-07
HCM03,Lý Nhơn,7.0,29.7,-0.03,30.12,22.76,6.74,18:30:00,2024-03-07
HCM03,Lý Nhơn,7.0,29.92,-0.038,33.72,19.91,6.68,19:00:00,2024-03-07
HCM03,Lý Nhơn,7.0,30.55,-0.037,32.8,21.36,7.48,19:30:00,2024-03-07
HCM03,Lý Nhơn,7.0,30.55,-0.061,28.38,20.22,6.86,20:00:00,2024-03-07
HCM03,Lý Nhơn,7.0,31.2,-0.054,40.54,20.58,6.56,20:30:00,2024-03-07
HCM03,Lý Nhơn,7.0,30.04,-0.042,29.1,21.15,7.91,21:00:00,2024-03-07
HCM03,Lý Nhơn,7.0,29.02,-0.053,36.52,22.69,6.6,21:30:00,2024-03-07
HCM03,Lý Nhơn,7.0,29.89,-0.027,32.82,21.58,6.58,22:00:00,2024-03-07
HCM03,Lý Nhơn,7.0,29.44,-0.046,32.53,22.77,6.39,22:30:00,2024-03-07
HCM03,Lý Nhơn,7.0,30.09,0.006,32.76,19.43,6.71,23:00:00,2024-03-07
HCM03,Lý Nhơn,7.0,28.85,-0.031,22.6,18.96,7.09,23:30:00,2024-03-07
HCM01,Nhà Bè,38.0,28.96,0.02,19.86,12.16,6.69,00:00:00,2024-03-07
HCM01,Nhà Bè,38.0,28.59,0.015,21.68,13.23,6.89,00:30:00,2024-03-07
HCM01,Nhà Bè,38.0,30.4,0.006,20.23,12.85,7.32,01:00:00,2024-03-07
HCM01,Nhà Bè,38.0,29.16,0.018,22.58,10.91,7.23,01:30:00,2024-03-07
HCM01,Nhà Bè,38.0,30.19,0.043,28.29,16.1,7.4,02:00:00,2024-03-07
HCM01,Nhà Bè,38.0,29.69,-0.015,21.49,14.32,6.9,02:30:00,2024-03-07
HCM01,Nhà Bè,38.0,30.68,0.047,28.32,16.23,6.8,03:00:00,2024-03-07
HCM01,Nhà Bè,38.0,29.6,0.094,30.22,12.86,6.39,03:30:00,2024-03-07
HCM01,Nhà Bè,38.0,29.27,-0.007,23.32,13.54,7.34,04:00:00,2024-03-07
HCM01,Nhà Bè,38.0,30.01,0.021,26.28,13.69,7.46,04:30:00,2024-03-07
HCM01,Nhà Bè,38.0,29.85,0.011,20.29,15.16,6.79,05:00:00,2024-03-07
HCM01,Nhà Bè,38.0,29.64,0.015,30.23,15.59,6.82,05:30:00,2024-03-07
HCM01,Nhà Bè,38.0,29.32,0.004,35.52,18.83,6.35,06:00:00,2024-03-07
HCM01,Nhà Bè,38.0,30.11,0.071,18.65,16.15,7.47,06:30:00,2024-03-07
HCM01,Nhà Bè,38.0,29.11,0.033,17.63,16.7,6.92,07:00:00,2024-03-07
HCM01,Nhà Bè,38.0,29.94,0.059,24.06,14.33,7.29,07:30:00,2024-03-07
HCM01,Nhà Bè,38.0,29.01,0.07,21.89,17.63,7.55,08:00:00,2024-03-07
HCM01,Nhà Bè,38.0,31.23,0.028,21.13,13.23,6.72,08:30:00,2024-03-07
HCM01,Nhà Bè,38.0,30.21,0.02,26.78,14.87,7.01,09:00:00,2024-03-07
HCM01,Nhà Bè,38.0,31.28,-0.028,24.09,14.35,7.02,09:30:00,2024-03-07
HCM01,Nhà Bè,38.0,30.34,0.034,25.44,14.9,6.85,10:00:00,2024-03-07
HCM01,Nhà Bè,38.0,30.17,0.023,16.94,12.51,6.54,10:30:00,2024-03-07
HCM01,Nhà Bè,38.0,29.99,0.0,22.19,15.18,7.74,11:00:00,2024-03-07
HCM01,Nhà Bè,38.0,30.15,-0.021,19.96,12.55,6.8,11:30:00,2024-03-07
HCM01,Nhà Bè,38.0,31.0,-0.042,24.96,14.82,7.07,12:00:00,2024-03-07
HCM01,Nhà Bè,38.0,27.54,-0.006,20.91,13.12,7.38,12:30:00,2024-03-07
HCM01,Nhà Bè,38.0,29.42,0.007,21.04,13.0,6.62,13:00:00,2024-03-07
HCM01,Nhà Bè,38.0,30.99,-0.032,18.96,11.77,7.16,13:30:00,2024-03-07
HCM01,Nhà Bè,38.0,30.31,0.0,21.86,14.06,7.35,14:00:00,2024-03-07
HCM01,Nhà Bè,38.0,29.81,-0.069,17.98,10.51,7.24,14:30:00,2024-03-07
HCM01,Nhà Bè,38.0,29.23,-0.068,20.84,12.63,6.91,15:00:00,2024-03-07
HCM01,Nhà Bè,38.0,30.09,-0.037,19.53,10.81,7.16,15:30:00,2024-03-07
HCM01,Nhà Bè,38.0,30.54,0.022,19.44,11.86,6.25,16:00:00,2024-03-07
HCM01,Nhà Bè,38.0,29.57,-0.072,22.37,13.04,6.42,16:30:00,2024-03-07
HCM01,Nhà Bè,38.0,30.46,-0.08,18.97,11.08,6.62,17:00:00,2024-03-07
HCM01,Nhà Bè,38.0,29.63,-0.084,17.11,11.23,6.99,17:30:00,2024-03-07
HCM01,Nhà Bè,38.0,29.82,-0.022,14.09,11.24,7.75,18:00:00,2024-03-07
HCM01,Nhà Bè,38.0,29.81,-0.065,21.86,11.68,7.26,18:30:00,2024-03-07
HCM01,Nhà Bè,38.0,30.93,-0.055,19.75,12.36,8.01,19:00:00,2024-03-07
HCM01,Nhà Bè,38.0,29.38,-0.055,15.08,10.59,6.99,19:30:00,2024-03-07
HCM01,Nhà Bè,38.0,30.63,-0.043,13.45,10.41,6.91,20:00:00,2024-03-07
HCM01,Nhà Bè,38.0,30.01,-0.029,17.47,12.29,6.34,20:30:00,2024-03-07
HCM01,Nhà Bè,38.0,29.02,-0.082,25.45,13.36,7.89,21:00:00,2024-03-07
HCM01,Nhà Bè,38.0,30.88,-0.0,20.29,10.77,7.19,21:30:00,2024-03-07
HCM01,Nhà Bè,38.0,30.53,-0.053,20.34,11.49,7.08,22:00:00,2024-03-07
HCM01,Nhà Bè,38.0,31.49,-0.003,19.08,12.05,7.25,22:30:00,2024-03-07
HCM01,Nhà Bè,38.0,29.43,-0.007,18.06,11.97,6.5,23:00:00,2024-03-07
HCM01,Nhà Bè,38.0,29.89,-0.018,14.37,10.49,7.91,23:30:00,2024-03-07
HCM02,Cát Lái,58.0,30.76,0.006,13.04,8.89,7.29,00:00:00,2024-03-08
HCM02,Cát Lái,58.0,30.45,-0.021,10.46,7.07,7.18,00:30:00,2024-03-08
HCM02,Cát Lái,58.0,29.67,0.047,16.8,9.38,6.66,01:00:00,2024-03-08
HCM02,Cát Lái,58.0,30.16,0.052,16.46,9.01,7.24,01:30:00,2024-03-08
HCM02,Cát Lái,58.0,29.93,0.03,11.92,8.43,7.74,02:00:00,2024-03-08
HCM02,Cát Lái,58.0,30.19,0.011,13.56,7.78,6.88,02:30:00,2024-03-08
HCM02,Cát Lái,58.0,28.87,0.086,16.86,9.43,7.59,03:00:00,2024-03-08
HCM02,Cát Lái,58.0,29.47,0.009,12.14,8.27,6.98,03:30:00,2024-03-08
HCM02,Cát Lái,58.0,30.19,-0.008,16.18,8.47,7.91,04:00:00,2024-03-08
HCM02,Cát Lái,58.0,29.85,0.047,15.24,10.48,7.44,04:30:00,2024-03-08
HCM02,Cát Lái,58.0,29.45,0.07,13.91,11.29,8.0,05:00:00,2024-03-08
HCM02,Cát Lái,58.0,30.24,0.045,17.45,10.47,6.66,05:30:00,2024-03-08
HCM02,Cát Lái,58.0,30.23,0.015,13.01,8.77,7.32,06:00:00,2024-03-08
HCM02,Cát Lái,58.0,28.71,0.09,14.08,9.06,6.56,06:30:00,2024-03-08
HCM02,Cát Lái,58.0,30.98,0.054,17.91,10.11,7.48,07:00:00,2024-03-08
HCM02,Cát Lái,58.0,29.42,0.008,11.99,9.27,7.41,07:30:00,2024-03-08
HCM02,Cát Lái,58.0,28.72,0.053,12.71,9.48,6.72,08:00:00,2024-03-08
HCM02,Cát Lái,58.0,30.94,0.048,12.02,9.35,7.18,08:30:00,2024-03-08
HCM02,Cát Lái,58.0,28.96,0.074,12.02,10.82,7.46,09:00:00,2024-03-08
HCM02,Cát Lái,58.0,31.04,0.062,14.43,8.96,7.35,09:30:00,2024-03-08
HCM02,Cát Lái,58.0,31.21,0.005,12.52,10.21,7.05,10:00:00,2024-03-08
HCM02,Cát Lái,58.0,29.04,0.056,17.18,9.25,6.88,10:30:00,2024-03-08
HCM02,Cát Lái,58.0,29.69,-0.019,13.69,8.37,7.51,11:00:00,2024-03-08
HCM02,Cát Lái,58.0,28.92,0.031,13.04,6.68,7.39,11:30:00,2024-03-08
HCM02,Cát Lái,58.0,29.26,-0.014,8.63,8.37,7.36,12:00:00,2024-03-08
HCM02,Cát Lái,58.0,29.66,-0.015,17.61,8.14,6.9,12:30:00,2024-03-08
HCM02,Cát Lái,58.0,29.38,-0.055,12.18,8.77,7.59,13:00:00,2024-03-08
HCM02,Cát Lái,58.0,27.84,-0.026,12.82,7.43,7.37,13:30:00,2024-03-08
HCM02,Cát Lái,58.0,29.81,-0.068,13.49,8.9,8.39,14:00:00,2024-03-08
HCM02,Cát Lái,58.0,28.41,-0.044,12.45,6.97,6.82,14:30:00,2024-03-08
HCM02,Cát Lái,58.0,28.03,-0.039,8.61,7.38,7.18,15:00:00,2024-03-08
HCM02,Cát Lái,58.0,30.52,-0.079,13.86,7.6,7.19,15:30:00,2024-03-08
HCM02,Cát Lái,58.0,28.56,-0.025,10.44,7.14,7.44,16:00:00,2024-03-08
HCM02,Cát Lái,58.0,28.88,-0.052,8.89,7.25,7.04,16:30:00,2024-03-08
HCM02,Cát Lái,58.0,30.7,-0.002,13.14,7.85,7.42,17:00:00,2024-03-08
HCM02,Cát Lái,58.0,29.44,-0.061,7.74,5.06,7.71,17:30:00,2024-03-08
HCM02,Cát Lái,58.0,30.33,-0.044,11.32,6.89,7.83,18:00:00,2024-03-08
HCM02,Cát Lái,58.0,31.23,-0.051,13.95,8.87,6.73,18:30:00,2024-03-08
HCM02,Cát Lái,58.0,28.9,-0.077,8.98,8.04,7.07,19:00:00,2024-03-08
HCM02,Cát Lái,58.0,29.37,-0.068,11.35,6.83,6.5,19:30:00,2024-03-08
HCM02,Cát Lái,58.0,29.91,-0.066,10.29,5.67,6.81,20:00:00,2024-03-08
HCM02,Cát Lái,58.0,30.12,-0.064,11.87,7.13,7.69,20:30:00,2024-03-08
HCM02,Cát Lái,58.0,29.33,-0.074,9.85,5.9,6.66,21:00:00,2024-03-08
HCM02,Cát Lái,58.0,30.43,-0.046,10.86,7.03,7.01,21:30:00,2024-03-08
HCM02,Cát Lái,58.0,29.68,-0.04,12.7,7.21,6.43,22:00:00,2024-03-08
HCM02,Cát Lái,58.0,29.17,-0.034,11.62,7.61,7.49,22:30:00,2024-03-08
HCM02,Cát Lái,58.0,29.54,-0.1,13.19,8.36,6.55,23:00:00,2024-03-08
HCM02,Cát Lái,58.0,30.19,0.049,12.7,7.41,6.39,23:30:00,2024-03-08
HCM04,Long Đại,80.0,29.63,-0.014,3.79,2.22,7.88,00:00:00,2024-03-08
HCM04,Long Đại,80.0,31.69,-0.018,3.98,2.5,7.59,00:30:00,2024-03-08
HCM04,Long Đại,80.0,28.29,-0.011,3.76,2.27,7.74,01:00:00,2024-03-08
HCM04,Long Đại,80.0,29.68,0.016,3.35,2.01,7.57,01:30:00,2024-03-08
HCM04,Long Đại,80.0,30.79,0.058,4.02,2.79,6.99,02:00:00,2024-03-08
HCM04,Long Đại,80.0,30.57,-0.047,3.54,2.82,7.75,02:30:00,2024-03-08
HCM04,Long Đại,80.0,29.8,0.019,5.08,2.76,6.87,03:00:00,2024-03-08
HCM04,Long Đại,80.0,30.19,-0.007,2.41,1.84,7.84,03:30:00,2024-03-08
HCM04,Long Đại,80.0,31.66,0.017,4.17,2.54,6.61,04:00:00,2024-03-08
HCM04,Long Đại,80.0,30.41,0.038,5.46,2.77,7.15,04:30:00,2024-03-08
HCM04,Long Đại,80.0,29.68,-0.003,4.59,2.92,6.79,05:00:00,2024-03-08
HCM04,Long Đại,80.0,29.83,0.11,3.01,2.18,8.49,05:30:00,2024-03-08
HCM04,Long Đại,80.0,29.79,0.027,4.13,2.41,7.56,06:00:00,2024-03-08
HCM04,Long Đại,80.0,30.81,0.071,4.75,2.7,7.59,06:30:00,2024-03-08
HCM04,Long Đại,80.0,29.72,0.027,4.3,2.74,7.94,07:00:00,2024-03-08
HCM04,Long Đại,80.0,30.22,0.032,4.12,2.44,7.55,07:30:00,2024-03-08
HCM04,Long Đại,80.0,30.1,0.051,4.77,2.78,7.49,08:00:00,2024-03-08
HCM04,Long Đại,80.0,30.78,0.02,3.88,2.23,7.19,08:30:00,2024-03-08
HCM04,Long Đại,80.0,28.69,0.021,4.6,2.54,7.07,09:00:00,2024-03-08
HCM04,Long Đại,80.0,28.89,0.052,3.32,2.3,6.92,09:30:00,2024-03-08
HCM04,Long Đại,80.0,29.57,0.037,3.84,2.2,7.14,10:00:00,2024-03-08
HCM04,Long Đại,80.0,31.38,0.0,4.11,2.69,6.89,10:30:00,2024-03-08
HCM04,Long Đại,80.0,30.48,-0.023,4.6,2.31,7.68,11:00:00,2024-03-08
HCM04,Long Đại,80.0,29.72,0.056,3.01,1.87,8.45,11:30:00,2024-03-08
HCM04,Long Đại,80.0,30.16,-0.019,2.21,2.01,7.11,12:00:00,2024-03-08
HCM04,Long Đại,80.0,30.3,-0.058,3.62,2.22,6.87,12:30:00,2024-03-08
HCM04,Long Đại,80.0,29.37,0.007,3.19,1.79,6.81,13:00:00,2024-03-08
HCM04,Long Đại,80.0,30.4,-0.015,3.16,1.93,8.04,13:30:00,2024-03-08
HCM04,Long Đại,80.0,29.61,-0.026,2.61,1.61,7.73,14:00:00,2024-03-08
HCM04,Long Đại,80.0,30.05,-0.032,3.61,2.11,7.18,14:30:00,2024-03-08
HCM04,Long Đại,80.0,29.66,-0.02,1.68,1.36,7.2,15:00:00,2024-03-08
HCM04,Long Đại,80.0,31.15,-0.045,2.14,2.21,7.28,15:30:00,2024-03-08
HCM04,Long Đại,80.0,29.83,-0.06,3.56,2.09,7.22,16:00:00,2024-03-08
HCM04,Long Đại,80.0,30.7,0.008,2.27,1.84,7.38,16:30:00,2024-03-08
HCM04,Long Đại,80.0,30.22,-0.017,2.42,1.84,7.61,17:00:00,2024-03-08
HCM04,Long Đại,80.0,30.74,-0.01,3.23,1.82,8.35,17:30:00,2024-03-08
HCM04,Long Đại,80.0,29.17,-0.042,3.2,1.83,6.81,18:00:00,2024-03-08
HCM04,Long Đại,80.0,31.82,-0.066,2.98,1.87,7.51,18:30:00,2024-03-08
HCM04,Long Đại,80.0,30.3,0.001,2.65,1.74,7.28,19:00:00,2024-03-08
HCM04,Long Đại,80.0,29.7,-0.07,2.05,1.55,7.62,19:30:00,2024-03-08
HCM04,Long Đại,80.0,30.64,-0.01,2.71,1.95,6.83,20:00:00,2024-03-08
HCM04,Long Đại,80.0,29.44,-0.06,2.6,1.62,7.65,20:30:00,2024-03-08
HCM04,Long Đại,80.0,29.63,0.019,3.4,1.95,7.98,21:00:00,2024-03-08
HCM04,Long Đại,80.0,29.93,0.018,3.37,1.79,8.2,21:30:00,2024-03-08
HCM04,Long Đại,80.0,30.07,-0.061,2.65,1.9,8.06,22:00:00,2024-03-08
HCM04,Long Đại,80.0,30.83,-0.063,3.59,1.92,8.96,22:30:00,2024-03-08
HCM04,Long Đại,80.0,29.66,-0.032,4.78,2.64,7.47,23:00:00,2024-03-08
HCM04,Long Đại,80.0,29.7,-0.018,3.83,2.5,7.48,23:30:00,2024-03-08
HCM03,Lý Nhơn,7.0,30.95,0.05,34.58,21.06,6.95,00:00:00,2024-03-08
HCM03,Lý Nhơn,7.0,28.89,0.057,34.06,19.46,7.42,00:30:00,2024-03-08
HCM03,Lý Nhơn,7.0,28.95,0.011,33.0,24.06,6.34,01:00:00,2024-03-08
HCM03,Lý Nhơn,7.0,30.21,-0.018,39.67,25.22,6.22,01:30:00,2024-03-08
HCM03,Lý Nhơn,7.0,29.69,0.064,33.71,21.73,7.96,02:00:00,2024-03-08
HCM03,Lý Nhơn,7.0,30.05,-0.006,42.65,26.93,6.58,02:30:00,2024-03-08
HCM03,Lý Nhơn,7.0,28.59,0.078,36.09,21.65,6.24,03:00:00,2024-03-08
HCM03,Lý Nhơn,7.0,30.21,-0.023,46.23,24.7,6.81,03:30:00,2024-03-08
HCM03,Lý Nhơn,7.0,30.94,0.031,47.53,23.32,6.75,04:00:00,2024-03-08
HCM03,Lý Nhơn,7.0,29.03,0.08,39.48,26.83,6.97,04:30:00,2024-03-08
HCM03,Lý Nhơn,7.0,30.18,0.047,37.8,27.97,5.98,05:00:00,2024-03-08
HCM03,Lý Nhơn,7.0,30.39,0.085,43.66,27.29,6.1,05:30:00,2024-03-08
HCM03,Lý Nhơn,7.0,31.07,0.073,55.12,31.81,7.29,06:00:00,2024-03-08
HCM03,Lý Nhơn,7.0,30.09,0.064,39.52,24.73,6.43,06:30:00,2024-03-08
HCM03,Lý Nhơn,7.0,31.19,0.037,29.99,22.03,6.55,07:00:00,2024-03-08
HCM03,Lý Nhơn,7.0,29.77,0.089,53.91,30.1,6.25,07:30:00,2024-03-08
HCM03,Lý Nhơn,7.0,29.93,0.016,29.74,23.53,6.16,08:00:00,2024-03-08
HCM03,Lý Nhơn,7.0,27.84,0.022,41.65,24.53,6.5,08:30:00,2024-03-08
HCM03,Lý Nhơn,7.0,28.74,0.003,33.92,25.58,7.22,09:00:00,2024-03-08
HCM03,Lý Nhơn,7.0,31.32,0.029,33.5,24.13,6.26,09:30:00,2024-03-08
HCM03,Lý Nhơn,7.0,29.55,0.053,51.0,26.27,6.21,10:00:00,2024-03-08
HCM03,Lý Nhơn,7.0,29.35,0.043,58.38,27.22,6.44,10:30:00,2024-03-08
HCM03,Lý Nhơn,7.0,29.06,0.031,44.53,24.05,5.94,11:00:00,2024-03-08
HCM03,Lý Nhơn,7.0,29.46,-0.023,31.56,24.82,6.13,11:30:00,2024-03-08
HCM03,Lý Nhơn,7.0,30.16,0.015,39.37,22.65,6.48,12:00:00,2024-03-08
HCM03,Lý Nhơn,7.0,29.42,0.049,42.33,22.95,7.48,12:30:00,2024-03-08
HCM03,Lý Nhơn,7.0,28.52,-0.023,31.86,20.91,7.31,13:00:00,2024-03-08
HCM03,Lý Nhơn,7.0,29.95,-0.014,44.25,22.41,6.15,13:30:00,2024-03-08
HCM03,Lý Nhơn,7.0,29.83,-0.022,39.24,23.52,5.94,14:00:00,2024-03-08
HCM03,Lý Nhơn,7.0,28.72,-0.057,33.94,20.91,6.4,14:30:00,2024-03-08
HCM03,Lý Nhơn,7.0,29.5,-0.022,25.64,19.23,6.29,15:00:00,2024-03-08
HCM03,Lý Nhơn,7.0,29.21,-0.083,36.67,22.75,6.7,15:30:00,2024-03-08
HCM03,Lý Nhơn,7.0,30.48,-0.03,28.22,15.31,6.11,16:00:00,2024-03-08
HCM03,Lý Nhơn,7.0,29.63,-0.07,33.75,18.35,6.83,16:30:00,2024-03-08
HCM03,Lý Nhơn,7.0,30.71,-0.067,31.45,20.09,6.86,17:00:00,2024-03-08
HCM03,Lý Nhơn,7.0,30.42,-0.063,32.95,22.32,6.92,17:30:00,2024-03-08
HCM03,Lý Nhơn,7.0,29.74,-0.063,30.87,16.25,6.95,18:00:00,2024-03-08
HCM03,Lý Nhơn,7.0,29.57,-0.073,26.1,17.94,6.5,18:30:00,2024-03-08
HCM03,Lý Nhơn,7.0,30.11,-0.033,34.23,21.22,6.83,19:00:00,2024-03-08
HCM03,Lý Nhơn,7.0,29.55,-0.002,40.92,22.39,6.75,19:30:00,2024-03-08
HCM03,Lý Nhơn,7.0,29.16,-0.054,48.78,25.73,6.63,20:00:00,2024-03-08
HCM03,Lý Nhơn,7.0,29.96,0.014,25.52,19.11,6.78,20:30:00,2024-03-08
HCM03,Lý Nhơn,7.0,29.44,-0.059,36.97,21.53,6.21,21:00:00,2024-03-08
HCM03,Lý Nhơn,7.0,30.07,-0.022,37.23,21.8,6.59,21:30:00,2024-03-08
HCM03,Lý Nhơn,7.0,28.96,-0.072,34.87,19.84,6.88,22:00:00,2024-03-08
HCM03,Lý Nhơn,7.0,31.18,-0.018,30.93,20.03,6.5,22:30:00,2024-03-08
HCM03,Lý Nhơn,7.0,29.83,-0.037,44.24,23.43,5.63,23:00:00,2024-03-08
HCM03,Lý Nhơn,7.0,29.34,0.021,44.52,23.93,6.29,23:30:00,2024-03-08
HCM01,Nhà Bè,38.0,29.19,-0.067,25.68,14.44,7.0,00:00:00,2024-03-08
HCM01,Nhà Bè,38.0,29.47,0.022,26.99,17.85,6.19,00:30:00,2024-03-08
HCM01,Nhà Bè,38.0,30.4,-0.005,33.7,18.7,7.16,01:00:00,2024-03-08
HCM01,Nhà Bè,38.0,30.56,0.041,25.15,17.08,6.6,01:30:00,2024-03-08
HCM01,Nhà Bè,38.0,30.45,0.045,29.28,19.1,6.11,02:00:00,2024-03-08
HCM01,Nhà Bè,38.0,29.92,0.029,22.24,16.37,7.26,02:30:00,2024-03-08
HCM01,Nhà Bè,38.0,30.32,0.088,34.3,18.83,7.05,03:00:00,2024-03-08
HCM01,Nhà Bè,38.0,30.25,0.036,25.91,15.81,7.23,03:30:00,2024-03-08
HCM01,Nhà Bè,38.0,29.39,0.035,31.13,15.29,7.66,04:00:00,2024-03-08
HCM01,Nhà Bè,38.0,29.07,0.069,25.22,16.59,6.68,04:30:00,2024-03-08
HCM01,Nhà Bè,38.0,27.99,0.054,28.1,16.99,6.6,05:00:00,2024-03-08
HCM01,Nhà Bè,38.0,29.15,0.047,31.87,17.37,6.62,05:30:00,2024-03-08
HCM01,Nhà Bè,38.0,29.26,0.058,22.45,15.3,6.43,06:00:00,2024-03-08
HCM01,Nhà Bè,38.0,29.28,0.105,25.88,15.9,6.6,06:30:00,2024-03-08
HCM01,Nhà Bè,38.0,27.93,0.082,18.01,16.32,6.21,07:00:00,2024-03-08
HCM01,Nhà Bè,38.0,29.45,0.089,24.63,17.01,6.24,07:30:00,2024-03-08
HCM01,Nhà Bè,38.0,28.52,0.041,27.24,16.04,7.33,08:00:00,2024-03-08
HCM01,Nhà Bè,38.0,30.87,0.018,25.38,17.81,6.08,08:30:00,2024-03-08
HCM01,Nhà Bè,38.0,28.84,0.067,26.61,16.75,6.47,09:00:00,2024-03-08
HCM01,Nhà Bè,38.0,28.35,0.1,21.27,15.82,6.41,09:30:00,2024-03-08
HCM01,Nhà Bè,38.0,29.34,-0.004,26.55,14.93,6.42,10:00:00,2024-03-08
HCM01,Nhà Bè,38.0,28.14,0.058,26.94,17.44,7.35,10:30:00,2024-03-08
HCM01,Nhà Bè,38.0,30.56,0.017,24.42,16.36,7.13,11:00:00,2024-03-08
HCM01,Nhà Bè,38.0,29.7,-0.038,24.2,17.08,7.73,11:30:00,2024-03-08
HCM01,Nhà Bè,38.0,27.93,-0.014,32.98,16.5,7.43,12:00:00,2024-03-08
HCM01,Nhà Bè,38.0,29.46,-0.013,28.62,15.95,6.8,12:30:00,2024-03-08
HCM01,Nhà Bè,38.0,30.35,-0.023,18.68,14.5,7.12,13:00:00,2024-03-08
HCM01,Nhà Bè,38.0,30.03,0.01,19.04,12.55,6.42,13:30:00,2024-03-08
HCM01,Nhà Bè,38.0,29.61,0.008,25.37,14.7,7.01,14:00:00,2024-03-08
HCM01,Nhà Bè,38.0,31.46,-0.021,20.32,13.96,6.65,14:30:00,2024-03-08
HCM01,Nhà Bè,38.0,30.11,0.021,20.67,16.32,7.28,15:00:00,2024-03-08
HCM01,Nhà Bè,38.0,29.3,-0.048,19.96,13.84,6.59,15:30:00,2024-03-08
HCM01,Nhà Bè,38.0,30.21,-0.039,15.21,12.34,6.55,16:00:00,2024-03-08
HCM01,Nhà Bè,38.0,31.28,-0.064,18.85,12.64,6.75,16:30:00,2024-03-08
HCM01,Nhà Bè,38.0,29.85,-0.002,17.81,12.97,6.62,17:00:00,2024-03-08
HCM01,Nhà Bè,38.0,29.89,-0.011,21.85,14.11,7.18,17:30:00,2024-03-08
HCM01,Nhà Bè,38.0,30.24,-0.055,22.24,11.96,6.85,18:00:00,2024-03-08
HCM01,Nhà Bè,38.0,29.94,-0.052,20.19,10.95,7.05,18:30:00,2024-03-08
HCM01,Nhà Bè,38.0,28.72,-0.044,13.39,11.27,7.78,19:00:00,2024-03-08
HCM01,Nhà Bè,38.0,30.13,-0.052,16.45,13.2,7.25,19:30:00,2024-03-08
HCM01,Nhà Bè,38.0,29.45,-0.014,27.15,14.56,6.03,20:00:00,2024-03-08
HCM01,Nhà Bè,38.0,30.19,-0.077,21.82,12.52,7.45,20:30:00,2024-03-08
HCM01,Nhà Bè,38.0,29.73,-0.051,27.34,14.46,6.25,21:00:00,2024-03-08
HCM01,Nhà Bè,38.0,31.25,-0.011,21.89,13.03,7.82,21:30:00,2024-03-08
HCM01,Nhà Bè,38.0,29.77,-0.056,20.55,11.62,6.67,22:00:00,2024-03-08
HCM01,Nhà Bè,38.0,29.25,0.032,23.03,15.1,7.11,22:30:00,2024-03-08
HCM01,Nhà Bè,38.0,28.99,-0.048,26.08,15.98,7.2,23:00:00,2024-03-08
HCM01,Nhà Bè,38.0,29.35,0.009,21.84,15.94,6.13,23:30:00,2024-03-08
HCM02,Cát Lái,58.0,30.81,0.025,11.38,10.0,7.81,00:00:00,2024-03-09
HCM02,Cát Lái,58.0,30.78,0.003,15.9,8.84,6.67,00:30:00,2024-03-09
HCM02,Cát Lái,58.0,29.94,0.055,18.29,9.35,6.82,01:00:00,2024-03-09
HCM02,Cát Lái,58.0,31.13,0.014,14.75,9.98,7.03,01:30:00,2024-03-09
HCM02,Cát Lái,58.0,29.95,0.003,18.0,11.64,7.75,02:00:00,2024-03-09
HCM02,Cát Lái,58.0,29.91,0.022,16.07,9.15,7.06,02:30:00,2024-03-09
HCM02,Cát Lái,58.0,29.49,-0.01,14.34,10.04,6.56,03:00:00,2024-03-09
HCM02,Cát Lái,58.0,30.49,0.03,18.8,9.97,7.32,03:30:00,2024-03-09
HCM02,Cát Lái,58.0,30.1,0.035,11.65,9.24,7.51,04:00:00,2024-03-09
HCM02,Cát Lái,58.0,29.07,0.027,14.05,9.36,6.75,04:30:00,2024-03-09
HCM02,Cát Lái,58.0,28.1,0.068,14.86,9.65,6.89,05:00:00,2024-03-09
HCM02,Cát Lái,58.0,30.41,0.029,13.04,9.3,6.67,05:30:00,2024-03-09
HCM02,Cát Lái,58.0,29.34,0.057,18.89,10.29,8.35,06:00:00,2024-03-09
HCM02,Cát Lái,58.0,30.31,0.091,19.96,9.01,6.85,06:30:00,2024-03-09
HCM02,Cát Lái,58.0,30.1,0.014,13.07,10.41,7.11,07:00:00,2024-03-09
HCM02,Cát Lái,58.0,29.92,0.028,17.19,8.92,7.46,07:30:00,2024-03-09
HCM02,Cát Lái,58.0,29.85,0.013,14.69,10.06,7.44,08:00:00,2024-03-09
HCM02,Cát Lái,58.0,30.59,0.077,16.88,7.91,7.51,08:30:00,2024-03-09
HCM02,Cát Lái,58.0,28.77,0.084,16.36,9.37,7.56,09:00:00,2024-03-09
HCM02,Cát Lái,58.0,30.06,-0.015,16.55,10.19,7.69,09:30:00,2024-03-09
HCM02,Cát Lái,58.0,32.01,0.012,16.31,9.9,7.91,10:00:00,2024-03-09
HCM02,Cát Lái,58.0,29.49,0.058,13.23,9.28,6.67,10:30:00,2024-03-09
HCM02,Cát Lái,58.0,30.82,0.024,14.11,10.11,7.46,11:00:00,2024-03-09
HCM02,Cát Lái,58.0,30.86,-0.025,16.55,10.38,7.61,11:30:00,2024-03-09
HCM02,Cát Lái,58.0,29.25,0.016,12.41,8.94,6.2,12:00:00,2024-03-09
HCM02,Cát Lái,58.0,30.64,0.013,16.05,9.81,7.55,12:30:00,2024-03-09
HCM02,Cát Lái,58.0,28.9,0.044,11.25,7.8,8.29,13:00:00,2024-03-09
HCM02,Cát Lái,58.0,29.28,-0.054,11.61,8.2,7.45,13:30:00,2024-03-09
HCM02,Cát Lái,58.0,30.44,-0.05,13.57,9.37,7.11,14:00:00,2024-03-09
HCM02,Cát Lái,58.0,30.55,0.018,14.82,8.27,6.96,14:30:00,2024-03-09
HCM02,Cát Lái,58.0,30.05,-0.05,18.26,9.72,7.94,15:00:00,2024-03-09
HCM02,Cát Lái,58.0,30.28,-0.045,15.94,7.12,7.87,15:30:00,2024-03-09
HCM02,Cát Lái,58.0,28.9,0.029,18.22,9.13,7.51,16:00:00,2024-03-09
HCM02,Cát Lái,58.0,29.77,-0.067,10.72,6.41,6.72,16:30:00,2024-03-09
HCM02,Cát Lái,58.0,29.27,-0.095,10.04,8.17,8.2,17:00:00,2024-03-09
HCM02,Cát Lái,58.0,30.77,-0.038,15.57,8.98,7.23,17:30:00,2024-03-09
HCM02,Cát Lái,58.0,30.0,0.011,11.88,7.83,6.42,18:00:00,2024-03-09
HCM02,Cát Lái,58.0,30.22,-0.037,13.44,6.52,7.44,18:30:00,2024-03-09
HCM02,Cát Lái,58.0,28.69,-0.079,12.69,7.84,7.35,19:00:00,2024-03-09
HCM02,Cát Lái,58.0,31.25,-0.03,10.49,7.15,7.67,19:30:00,2024-03-09
HCM02,Cát Lái,58.0,29.51,-0.062,11.75,8.56,6.92,20:00:00,2024-03-09
HCM02,Cát Lái,58.0,30.21,0.017,15.13,7.02,8.01,20:30:00,2024-03-09
HCM02,Cát Lái,58.0,30.92,-0.009,8.15,6.15,7.5,21:00:00,2024-03-09
HCM02,Cát Lái,58.0,28.93,-0.031,15.76,8.36,7.45,21:30:00,2024-03-09
HCM02,Cát Lái,58.0,30.27,-0.047,16.63,8.07,6.77,22:00:00,2024-03-09
HCM02,Cát Lái,58.0,29.07,-0.059,12.97,8.19,7.52,22:30:00,2024-03-09
HCM02,Cát Lái,58.0,30.51,0.0,13.76,9.43,7.34,23:00:00,2024-03-09
HCM02,Cát Lái,58.0,31.66,0.011,17.25,8.64,8.03,23:30:00,2024-03-09
HCM04,Long Đại,80.0,29.73,-0.021,3.26,2.12,7.2,00:00:00,2024-03-09
HCM04,Long Đại,80.0,30.84,-0.031,3.42,2.31,7.45,00:30:00,2024-03-09
HCM04,Long Đại,80.0,30.87,0.027,3.28,2.22,7.93,01:00:00,2024-03-09
HCM04,Long Đại,80.0,27.96,0.06,3.86,2.58,6.23,01:30:00,2024-03-09
HCM04,Long Đại,80.0,29.37,0.07,4.28,2.91,7.58,02:00:00,2024-03-09
HCM04,Long Đại,80.0,28.84,0.048,4.1,2.84,8.58,02:30:00,2024-03-09
HCM04,Long Đại,80.0,30.45,-0.035,3.17,2.29,7.02,03:00:00,2024-03-09
HCM04,Long Đại,80.0,30.28,-0.002,3.86,2.46,6.77,03:30:00,2024-03-09
HCM04,Long Đại,80.0,29.22,0.056,4.38,2.47,7.84,04:00:00,2024-03-09
HCM04,Long Đại,80.0,29.51,0.05,3.33,2.84,8.22,04:30:00,2024-03-09
HCM04,Long Đại,80.0,29.36,0.053,2.31,1.9,7.9,05:00:00,2024-03-09
HCM04,Long Đại,80.0,28.9,0.066,4.44,3.24,7.54,05:30:00,2024-03-09
HCM04,Long Đại,80.0,30.37,0.013,3.71,2.58,7.36,06:00:00,2024-03-09
HCM04,Long Đại,80.0,30.04,0.009,3.2,2.1,8.27,06:30:00,2024-03-09
HCM04,Long Đại,80.0,29.83,0.039,5.1,2.77,8.13,07:00:00,2024-03-09
HCM04,Long Đại,80.0,29.35,0.083,5.38,2.64,7.32,07:30:00,2024-03-09
HCM04,Long Đại,80.0,30.05,0.004,3.87,2.44,7.87,08:00:00,2024-03-09
HCM04,Long Đại,80.0,30.14,0.037,4.13,2.65,8.3,08:30:00,2024-03-09
HCM04,Long Đại,80.0,30.04,0.054,4.62,2.86,7.23,09:00:00,2024-03-09
HCM04,Long Đại,80.0,29.98,0.03,4.57,2.61,7.66,09:30:00,2024-03-09
HCM04,Long Đại,80.0,30.82,0.08,4.1,2.41,6.88,10:00:00,2024-03-09
HCM04,Long Đại,80.0,29.96,0.037,3.82,2.36,7.5,10:30:00,2024-03-09
HCM04,Long Đại,80.0,29.11,0.002,4.12,2.55,7.77,11:00:00,2024-03-09
HCM04,Long Đại,80.0,30.1,-0.062,2.46,2.34,7.23,11:30:00,2024-03-09
HCM04,Long Đại,80.0,29.82,-0.006,3.12,2.1,7.71,12:00:00,2024-03-09
HCM04,Long Đại,80.0,28.8,-0.025,3.27,1.97,7.43,12:30:00,2024-03-09
HCM04,Long Đại,80.0,29.8,-0.018,4.03,1.94,8.31,13:00:00,2024-03-09
HCM04,Long Đại,80.0,29.96,-0.013,3.84,2.07,6.85,13:30:00,2024-03-09
HCM04,Long Đại,80.0,29.98,-0.063,2.92,2.48,7.27,14:00:00,2024-03-09
HCM04,Long Đại,80.0,28.54,0.025,3.02,1.71,7.33,14:30:00,2024-03-09
HCM04,Long Đại,80.0,29.04,-0.007,3.98,2.15,7.39,15:00:00,2024-03-09
HCM04,Long Đại,80.0,29.65,-0.052,3.29,2.0,6.44,15:30:00,2024-03-09
HCM04,Long Đại,80.0,29.69,-0.024,4.31,2.36,7.23,16:00:00,2024-03-09
HCM04,Long Đại,80.0,31.01,-0.079,3.17,2.04,7.82,16:30:00,2024-03-09
HCM04,Long Đại,80.0,30.72,-0.056,2.39,1.51,7.31,17:00:00,2024-03-09
HCM04,Long Đại,80.0,30.35,-0.074,2.53,1.65,7.45,17:30:00,2024-03-09
HCM04,Long Đại,80.0,30.04,-0.014,1.62,1.74,7.67,18:00:00,2024-03-09
HCM04,Long Đại,80.0,29.49,-0.052,1.86,1.75,8.08,18:30:00,2024-03-09
HCM04,Long Đại,80.0,29.39,-0.046,2.83,1.78,7.44,19:00:00,2024-03-09
HCM04,Long Đại,80.0,30.26,-0.047,3.47,1.97,7.74,19:30:00,2024-03-09
HCM04,Long Đại,80.0,30.58,-0.019,2.74,1.89,8.5,20:00:00,2024-03-09
HCM04,Long Đại,80.0,31.28,-0.059,2.09,1.34,6.96,20:30:00,2024-03-09
HCM04,Long Đại,80.0,30.57,-0.049,3.2,2.35,6.84,21:00:00,2024-03-09
HCM04,Long Đại,80.0,30.78,-0.041,4.57,2.49,7.85,21:30:00,2024-03-09
HCM04,Long Đại,80.0,30.25,-0.097,2.54,1.61,7.74,22:00:00,2024-03-09
HCM04,Long Đại,80.0,31.64,0.013,3.95,2.23,7.2,22:30:00,2024-03-09
HCM04,Long Đại,80.0,28.81,-0.05,3.9,2.16,8.09,23:00:00,2024-03-09
HCM04,Long Đại,80.0,29.18,-0.009,3.73,2.05,6.92,23:30:00,2024-03-09
HCM03,Lý Nhơn,7.0,29.76,-0.026,39.02,26.52,6.99,00:00:00,2024-03-09
HCM03,Lý Nhơn,7.0,30.65,0.032,34.71,23.55,6.11,00:30:00,2024-03-09
HCM03,Lý Nhơn,7.0,30.86,0.004,40.9,22.92,6.78,01:00:00,2024-03-09
HCM03,Lý Nhơn,7.0,31.25,-0.011,39.56,26.94,6.68,01:30:00,2024-03-09
HCM03,Lý Nhơn,7.0,29.98,0.053,49.58,30.18,6.08,02:00:00,2024-03-09
HCM03,Lý Nhơn,7.0,30.06,0.02,30.55,23.38,6.09,02:30:00,2024-03-09
HCM03,Lý Nhơn,7.0,31.07,-0.024,42.67,27.08,6.48,03:00:00,2024-03-09
HCM03,Lý Nhơn,7.0,30.52,-0.003,43.95,25.6,6.29,03:30:00,2024-03-09
HCM03,Lý Nhơn,7.0,30.91,0.043,39.66,29.15,7.25,04:00:00,2024-03-09
HCM03,Lý Nhơn,7.0,30.03,0.013,42.25,29.6,5.91,04:30:00,2024-03-09
HCM03,Lý Nhơn,7.0,29.54,0.049,59.5,28.0,5.92,05:00:00,2024-03-09
HCM03,Lý Nhơn,7.0,29.85,0.08,57.33,28.28,7.25,05:30:00,2024-03-09
HCM03,Lý Nhơn,7.0,29.7,0.028,49.61,30.48,6.68,06:00:00,2024-03-09
HCM03,Lý Nhơn,7.0,29.08,0.104,48.08,29.59,6.39,06:30:00,2024-03-09
HCM03,Lý Nhơn,7.0,30.34,-0.008,35.53,30.05,6.51,07:00:00,2024-03-09
HCM03,Lý Nhơn,7.0,28.71,0.05,63.74,31.05,6.67,07:30:00,2024-03-09
HCM03,Lý Nhơn,7.0,30.57,0.041,50.14,33.66,5.52,08:00:00,2024-03-09
HCM03,Lý Nhơn,7.0,29.39,0.047,53.59,31.57,5.76,08:30:00,2024-03-09
HCM03,Lý Nhơn,7.0,30.1,-0.003,43.16,24.05,6.19,09:00:00,2024-03-09
HCM03,Lý Nhơn,7.0,30.21,0.002,38.39,27.67,6.97,09:30:00,2024-03-09
HCM03,Lý Nhơn,7.0,32.46,0.043,51.1,33.37,5.84,10:00:00,2024-03-09
HCM03,Lý Nhơn,7.0,28.85,0.033,32.79,22.25,6.68,10:30:00,2024-03-09
HCM03,Lý Nhơn,7.0,30.19,-0.013,46.16,24.45,6.3,11:00:00,2024-03-09
HCM03,Lý Nhơn,7.0,30.0,-0.008,40.57,25.03,7.22,11:30:00,2024-03-09
HCM03,Lý Nhơn,7.0,29.1,0.001,32.4,24.88,6.11,12:00:00,2024-03-09
HCM03,Lý Nhơn,7.0,29.95,0.081,38.46,23.16,6.77,12:30:00,2024-03-09
HCM03,Lý Nhơn,7.0,30.84,0.008,45.63,26.07,7.0,13:00:00,2024-03-09
HCM03,Lý Nhơn,7.0,29.74,-0.021,34.18,21.32,6.77,13:30:00,2024-03-09
HCM03,Lý Nhơn,7.0,29.93,-0.026,35.5,27.92,7.13,14:00:00,2024-03-09
HCM03,Lý Nhơn,7.0,29.32,-0.065,40.37,22.98,7.41,14:30:00,2024-03-09
HCM03,Lý Nhơn,7.0,30.71,-0.052,32.71,24.79,6.93,15:00:00,2024-03-09
HCM03,Lý Nhơn,7.0,30.25,-0.086,32.5,19.41,6.71,15:30:00,2024-03-09
HCM03,Lý Nhơn,7.0,30.83,0.023,36.87,23.05,7.69,16:00:00,2024-03-09
HCM03,Lý Nhơn,7.0,30.69,0.014,29.88,20.06,6.95,16:30:00,2024-03-09
HCM03,Lý Nhơn,7.0,30.52,-0.025,25.52,21.31,6.71,17:00:00,2024-03-09
HCM03,Lý Nhơn,7.0,29.57,-0.033,31.11,21.35,6.22,17:30:00,2024-03-09
HCM03,Lý Nhơn,7.0,29.39,-0.046,34.32,21.96,6.72,18:00:00,2024-03-09
HCM03,Lý Nhơn,7.0,30.05,-0.036,41.18,22.51,6.07,18:30:00,2024-03-09
HCM03,Lý Nhơn,7.0,29.12,-0.037,35.15,22.84,6.92,19:00:00,2024-03-09
HCM03,Lý Nhơn,7.0,29.8,-0.054,44.05,23.0,5.97,19:30:00,2024-03-09
HCM03,Lý Nhơn,7.0,31.43,-0.036,33.64,19.96,6.44,20:00:00,2024-03-09
HCM03,Lý Nhơn,7.0,29.28,-0.024,41.67,22.21,6.02,20:30:00,2024-03-09
HCM03,Lý Nhơn,7.0,30.67,-0.051,49.69,25.8,5.43,21:00:00,2024-03-09
HCM03,Lý Nhơn,7.0,30.6,-0.033,37.25,23.1,6.25,21:30:00,2024-03-09
HCM03,Lý Nhơn,7.0,31.44,-0.073,42.32,26.0,6.56,22:00:00,2024-03-09
HCM03,Lý Nhơn,7.0,30.76,-0.025,41.32,24.45,6.54,22:30:00,2024-03-09
HCM03,Lý Nhơn,7.0,29.98,0.003,48.0,25.1,7.11,23:00:00,2024-03-09
HCM03,Lý Nhơn,7.0,30.03,-0.014,29.12,20.06,6.58,23:30:00,2024-03-09
HCM01,Nhà Bè,38.0,29.13,0.049,25.0,14.82,6.06,00:00:00,2024-03-09
HCM01,Nhà Bè,38.0,31.3,0.04,18.61,14.11,6.94,00:30:00,2024-03-09
HCM01,Nhà Bè,38.0,30.89,0.004,33.33,15.44,7.05,01:00:00,2024-03-09
HCM01,Nhà Bè,38.0,30.26,0.023,30.07,16.36,5.81,01:30:00,2024-03-09
HCM01,Nhà Bè,38.0,30.07,-0.005,25.16,14.48,6.42,02:00:00,2024-03-09
HCM01,Nhà Bè,38.0,29.56,0.013,33.1,15.52,7.33,02:30:00,2024-03-09
HCM01,Nhà Bè,38.0,30.31,0.073,22.65,13.19,6.82,03:00:00,2024-03-09
HCM01,Nhà Bè,38.0,30.93,-0.009,18.74,13.64,7.06,03:30:00,2024-03-09
HCM01,Nhà Bè,38.0,31.0,0.072,33.52,17.26,6.54,04:00:00,2024-03-09
HCM01,Nhà Bè,38.0,30.14,0.083,25.24,14.69,4.95,04:30:00,2024-03-09
HCM01,Nhà Bè,38.0,30.17,0.044,27.58,17.15,7.48,05:00:00,2024-03-09
HCM01,Nhà Bè,38.0,30.55,0.025,27.11,15.82,7.04,05:30:00,2024-03-09
HCM01,Nhà Bè,38.0,30.16,0.041,23.07,17.84,6.3,06:00:00,2024-03-09
HCM01,Nhà Bè,38.0,30.05,0.044,22.2,15.35,7.51,06:30:00,2024-03-09
HCM01,Nhà Bè,38.0,31.29,0.104,25.42,15.59,6.91,07:00:00,2024-03-09
HCM01,Nhà Bè,38.0,29.44,0.052,28.72,16.59,6.62,07:30:00,2024-03-09
HCM01,Nhà Bè,38.0,31.44,0.058,34.04,17.47,6.4,08:00:00,2024-03-09
HCM01,Nhà Bè,38.0,30.22,-0.046,21.38,16.22,6.53,08:30:00,2024-03-09
HCM01,Nhà Bè,38.0,30.72,0.017,25.36,11.49,6.84,09:00:00,2024-03-09
HCM01,Nhà Bè,38.0,30.53,0.045,28.86,15.37,7.11,09:30:00,2024-03-09
HCM01,Nhà Bè,38.0,29.18,0.023,16.09,10.84,7.39,10:00:00,2024-03-09
HCM01,Nhà Bè,38.0,28.79,0.002,13.12,14.7,6.93,10:30:00,2024-03-09
HCM01,Nhà Bè,38.0,29.55,-0.005,28.29,15.6,7.13,11:00:00,2024-03-09
HCM01,Nhà Bè,38.0,31.3,-0.053,25.04,14.7,6.95,11:30:00,2024-03-09
HCM01,Nhà Bè,38.0,30.72,0.029,21.02,15.41,6.85,12:00:00,2024-03-09
HCM01,Nhà Bè,38.0,28.85,0.0,20.28,14.21,7.47,12:30:00,2024-03-09
HCM01,Nhà Bè,38.0,29.67,-0.021,33.21,14.29,5.91,13:00:00,2024-03-09
HCM01,Nhà Bè,38.0,29.87,-0.061,21.4,13.72,6.78,13:30:00,2024-03-09
HCM01,Nhà Bè,38.0,29.26,-0.019,25.96,15.8,6.55,14:00:00,2024-03-09
HCM01,Nhà Bè,38.0,30.29,-0.01,24.41,15.5,7.58,14:30:00,2024-03-09
HCM01,Nhà Bè,38.0,31.45,-0.054,18.53,12.13,6.47,15:00:00,2024-03-09
HCM01,Nhà Bè,38.0,30.02,-0.043,24.79,13.38,6.76,15:30:00,2024-03-09
HCM01,Nhà Bè,38.0,30.12,-0.077,17.03,11.8,6.83,16:00:00,2024-03-09
HCM01,Nhà Bè,38.0,29.52,-0.066,22.72,13.02,7.18,16:30:00,2024-03-09
HCM01,Nhà Bè,38.0,29.22,-0.004,20.58,12.35,6.56,17:00:00,2024-03-09
HCM01,Nhà Bè,38.0,29.42,-0.054,25.76,12.93,7.4,17:30:00,2024-03-09
HCM01,Nhà Bè,38.0,31.43,0.002,18.6,11.77,6.96,18:00:00,2024-03-09
HCM01,Nhà Bè,38.0,31.0,-0.075,22.17,14.33,7.55,18:30:00,2024-03-09
HCM01,Nhà Bè,38.0,30.88,-0.066,21.05,16.01,6.87,19:00:00,2024-03-09
HCM01,Nhà Bè,38.0,29.95,-0.079,16.78,11.16,6.7,19:30:00,2024-03-09
HCM01,Nhà Bè,38.0,29.94,-0.084,23.61,12.31,7.46,20:00:00,2024-03-09
HCM01,Nhà Bè,38.0,30.5,-0.033,20.32,12.14,7.31,20:30:00,2024-03-09
HCM01,Nhà Bè,38.0,29.86,0.025,20.78,12.55,6.17,21:00:00,2024-03-09
HCM01,Nhà Bè,38.0,31.0,-0.025,20.48,11.37,6.93,21:30:00,2024-03-09
HCM01,Nhà Bè,38.0,30.95,-0.008,28.18,13.42,7.29,22:00:00,2024-03-09
HCM01,Nhà Bè,38.0,30.28,-0.022,20.92,12.64,7.03,22:30:00,2024-03-09
HCM01,Nhà Bè,38.0,30.22,0.076,26.23,15.3,7.16,23:00:00,2024-03-09
HCM01,Nhà Bè,38.0,29.78,0.02,22.85,11.7,7.11,23:30:00,2024-03-09
HCM02,Cát Lái,58.0,30.87,0.048,10.77,7.21,7.66,00:00:00,2024-03-10
HCM02,Cát Lái,58.0,30.16,-0.013,17.12,9.65,6.84,00:30:00,2024-03-10
HCM02,Cát Lái,58.0,29.89,0.002,16.4,10.41,7.76,01:00:00,2024-03-10
HCM02,Cát Lái,58.0,28.89,-0.023,14.27,10.01,6.52,01:30:00,2024-03-10
HCM02,Cát Lái,58.0,28.45,0.023,16.87,9.28,7.17,02:00:00,2024-03-10
HCM02,Cát Lái,58.0,30.75,0.135,13.72,9.17,6.53,02:30:00,2024-03-10
HCM02,Cát Lái,58.0,30.34,0.017,13.9,8.74,6.93,03:00:00,2024-03-10
HCM02,Cát Lái,58.0,29.66,0.115,15.27,9.6,6.55,03:30:00,2024-03-10
HCM02,Cát Lái,58.0,30.58,0.097,16.1,9.73,7.38,04:00:00,2024-03-10
HCM02,Cát Lái,58.0,31.59,0.047,11.74,7.68,6.72,04:30:00,2024-03-10
HCM02,Cát Lái,58.0,30.09,0.03,19.0,9.65,7.91,05:00:00,2024-03-10
HCM02,Cát Lái,58.0,29.31,0.041,13.78,10.69,6.95,05:30:00,2024-03-10
HCM02,Cát Lái,58.0,30.27,0.091,15.84,9.26,7.2,06:00:00,2024-03-10
HCM02,Cát Lái,58.0,28.68,-0.005,19.85,11.06,7.32,06:30:00,2024-03-10
HCM02,Cát Lái,58.0,29.93,0.028,15.51,10.84,6.65,07:00:00,2024-03-10
HCM02,Cát Lái,58.0,29.41,0.073,17.38,12.48,7.02,07:30:00,2024-03-10
HCM02,Cát Lái,58.0,30.03,0.07,19.5,9.76,7.42,08:00:00,2024-03-10
HCM02,Cát Lái,58.0,31.31,0.044,18.99,9.8,5.17,08:30:00,2024-03-10
HCM02,Cát Lái,58.0,30.73,0.02,12.9,10.79,7.52,09:00:00,2024-03-10
HCM02,Cát Lái,58.0,30.26,0.003,17.5,9.33,6.91,09:30:00,2024-03-10
HCM02,Cát Lái,58.0,29.62,0.005,16.41,10.29,6.94,10:00:00,2024-03-10
HCM02,Cát Lái,58.0,28.89,0.018,16.66,9.5,7.74,10:30:00,2024-03-10
HCM02,Cát Lái,58.0,28.57,-0.001,13.64,8.73,7.36,11:00:00,2024-03-10
HCM02,Cát Lái,58.0,29.25,-0.0,12.69,7.66,6.63,11:30:00,2024-03-10
HCM02,Cát Lái,58.0,29.86,0.025,11.07,8.95,6.67,12:00:00,2024-03-10
HCM02,Cát Lái,58.0,29.52,0.036,14.16,10.53,7.82,12:30:00,2024-03-10
HCM02,Cát Lái,58.0,29.4,-0.052,16.16,9.0,6.71,13:00:00,2024-03-10
HCM02,Cát Lái,58.0,30.41,0.012,12.74,8.08,7.2,13:30:00,2024-03-10
HCM02,Cát Lái,58.0,30.98,-0.022,13.09,8.3,7.04,14:00:00,2024-03-10
HCM02,Cát Lái,58.0,31.22,-0.045,9.72,8.16,7.79,14:30:00,2024-03-10
HCM02,Cát Lái,58.0,29.38,-0.025,11.73,8.32,7.54,15:00:00,2024-03-10
HCM02,Cát Lái,58.0,30.19,-0.105,10.22,6.37,7.09,15:30:00,2024-03-10
HCM02,Cát Lái,58.0,28.81,-0.112,12.77,7.43,7.93,16:00:00,2024-03-10
HCM02,Cát Lái,58.0,29.89,-0.055,13.14,7.49,7.07,16:30:00,2024-03-10
HCM02,Cát Lái,58.0,30.04,-0.043,15.0,8.72,6.79,17:00:00,2024-03-10
HCM02,Cát Lái,58.0,30.18,-0.039,11.27,7.59,7.5,17:30:00,2024-03-10
HCM02,Cát Lái,58.0,29.64,-0.038,17.14,9.09,6.87,18:00:00,2024-03-10
HCM02,Cát Lái,58.0,29.38,-0.081,16.76,8.29,6.39,18:30:00,2024-03-10
HCM02,Cát Lái,58.0,30.51,-0.034,8.59,7.69,7.17,19:00:00,2024-03-10
HCM02,Cát Lái,58.0,30.49,-0.055,12.38,7.93,6.06,19:30:00,2024-03-10
HCM02,Cát Lái,58.0,28.83,-0.091,17.75,7.99,8.21,20:00:00,2024-03-10
HCM02,Cát Lái,58.0,29.37,-0.084,9.92,7.6,6.96,20:30:00,2024-03-10
HCM02,Cát Lái,58.0,29.92,-0.07,9.19,8.5,7.7,21:00:00,2024-03-10
HCM02,Cát Lái,58.0,28.57,-0.004,13.98,8.54,7.55,21:30:00,2024-03-10
HCM02,Cát Lái,58.0,29.76,-0.015,18.29,9.7,7.55,22:00:00,2024-03-10
HCM02,Cát Lái,58.0,30.93,-0.001,15.11,9.23,6.67,22:30:00,2024-03-10
HCM02,Cát Lái,58.0,31.35,-0.011,15.41,8.33,6.44,23:00:00,2024-03-10
HCM02,Cát Lái,58.0,28.89,-0.006,16.89,9.45,7.42,23:30:00,2024-03-10
HCM04,Long Đại,80.0,31.43,-0.035,4.14,2.53,7.48,00:00:00,2024-03-10
HCM04,Long Đại,80.0,30.69,-0.021,3.55,2.75,7.39,00:30:00,2024-03-10
HCM04,Long Đại,80.0,29.04,-0.013,4.62,2.69,7.33,01:00:00,2024-03-10
HCM04,Long Đại,80.0,29.46,0.077,4.36,2.44,6.97,01:30:00,2024-03-10
HCM04,Long Đại,80.0,28.55,0.027,4.71,2.22,8.46,02:00:00,2024-03-10
HCM04,Long Đại,80.0,30.75,0.067,5.41,3.05,7.81,02:30:00,2024-03-10
HCM04,Long Đại,80.0,29.0,0.043,4.03,2.28,7.65,03:00:00,2024-03-10
HCM04,Long Đại,80.0,29.85,-0.02,2.59,2.3,7.34,03:30:00,2024-03-10
HCM04,Long Đại,80.0,29.89,-0.01,5.03,2.76,7.18,04:00:00,2024-03-10
HCM04,Long Đại,80.0,29.81,0.053,4.41,2.2,7.51,04:30:00,2024-03-10
HCM04,Long Đại,80.0,30.45,0.033,3.64,2.32,7.07,05:00:00,2024-03-10
HCM04,Long Đại,80.0,30.6,0.079,6.12,2.85,6.52,05:30:00,2024-03-10
HCM04,Long Đại,80.0,29.1,0.077,4.52,2.97,7.58,06:00:00,2024-03-10
HCM04,Long Đại,80.0,29.56,0.062,4.38,3.17,7.45,06:30:00,2024-03-10
HCM04,Long Đại,80.0,31.04,0.067,3.68,2.56,7.69,07:00:00,2024-03-10
HCM04,Long Đại,80.0,30.29,0.074,4.7,2.68,6.95,07:30:00,2024-03-10
HCM04,Long Đại,80.0,28.74,0.024,3.76,2.28,7.51,08:00:00,2024-03-10
HCM04,Long Đại,80.0,29.05,-0.01,3.59,2.77,6.6,08:30:00,2024-03-10
HCM04,Long Đại,80.0,30.21,0.022,5.03,2.94,7.37,09:00:00,2024-03-10
HCM04,Long Đại,80.0,29.86,0.083,4.41,2.25,7.13,09:30:00,2024-03-10
HCM04,Long Đại,80.0,30.45,0.049,2.71,2.25,8.15,10:00:00,2024-03-10
HCM04,Long Đại,80.0,30.47,0.017,3.26,2.24,8.15,10:30:00,2024-03-10
HCM04,Long Đại,80.0,30.04,0.052,4.34,2.84,7.27,11:00:00,2024-03-10
HCM04,Long Đại,80.0,31.37,-0.015,4.75,2.45,7.24,11:30:00,2024-03-10
HCM04,Long Đại,80.0,29.17,-0.089,3.98,2.38,6.91,12:00:00,2024-03-10
HCM04,Long Đại,80.0,30.47,0.059,4.17,2.16,6.98,12:30:00,2024-03-10
HCM04,Long Đại,80.0,30.86,-0.007,2.31,1.94,7.67,13:00:00,2024-03-10
HCM04,Long Đại,80.0,31.08,-0.007,3.92,2.19,7.83,13:30:00,2024-03-10
HCM04,Long Đại,80.0,30.58,-0.023,4.47,2.29,7.44,14:00:00,2024-03-10
HCM04,Long Đại,80.0,30.75,-0.036,3.28,2.08,7.7,14:30:00,2024-03-10
HCM04,Long Đại,80.0,31.81,-0.065,3.78,2.27,7.72,15:00:00,2024-03-10
HCM04,Long Đại,80.0,30.09,-0.042,2.52,1.3,8.33,15:30:00,2024-03-10
HCM04,Long Đại,80.0,30.71,-0.046,2.21,1.85,7.81,16:00:00,2024-03-10
HCM04,Long Đại,80.0,28.92,-0.061,3.44,2.1,7.94,16:30:00,2024-03-10
HCM04,Long Đại,80.0,30.65,-0.106,3.66,2.14,7.14,17:00:00,2024-03-10
HCM04,Long Đại,80.0,28.82,-0.04,3.04,2.2,7.17,17:30:00,2024-03-10
HCM04,Long Đại,80.0,29.86,-0.136,3.65,1.98,6.82,18:00:00,2024-03-10
HCM04,Long Đại,80.0,28.92,-0.12,3.04,2.1,7.31,18:30:00,2024-03-10
HCM04,Long Đại,80.0,32.31,-0.06,3.23,2.46,7.87,19:00:00,2024-03-10
HCM04,Long Đại,80.0,30.35,-0.057,3.82,2.04,7.15,19:30:00,2024-03-10
HCM04,Long Đại,80.0,31.26,-0.023,3.96,2.36,8.04,20:00:00,2024-03-10
HCM04,Long Đại,80.0,28.47,-0.039,4.08,2.01,6.8,20:30:00,2024-03-10
HCM04,Long Đại,80.0,30.22,-0.047,2.25,1.66,8.19,21:00:00,2024-03-10
HCM04,Long Đại,80.0,31.71,-0.029,4.1,2.22,7.37,21:30:00,2024-03-10
HCM04,Long Đại,80.0,30.52,-0.024,3.97,2.16,7.58,22:00:00,2024-03-10
HCM04,Long Đại,80.0,31.71,-0.039,2.84,1.88,7.4,22:30:00,2024-03-10
HCM04,Long Đại,80.0,28.44,0.009,3.73,2.0,7.43,23:00:00,2024-03-10
HCM04,Long Đại,80.0,29.56,-0.025,3.21,1.72,7.78,23:30:00,2024-03-10
HCM03,Lý Nhơn,7.0,29.93,-0.022,35.51,19.99,6.17,00:00:00,2024-03-10
HCM03,Lý Nhơn,7.0,29.88,-0.036,38.04,23.8,6.17,00:30:00,2024-03-10
HCM03,Lý Nhơn,7.0,30.07,-0.017,44.83,31.8,7.11,01:00:00,2024-03-10
HCM03,Lý Nhơn,7.0,29.58,0.04,34.64,25.76,6.43,01:30:00,2024-03-10
HCM03,Lý Nhơn,7.0,30.37,0.053,41.38,25.32,7.11,02:00:00,2024-03-10
HCM03,Lý Nhơn,7.0,29.92,0.023,53.16,29.64,7.13,02:30:00,2024-03-10
HCM03,Lý Nhơn,7.0,28.25,0.07,42.04,28.76,5.9,03:00:00,2024-03-10
HCM03,Lý Nhơn,7.0,29.02,0.034,48.92,23.71,6.25,03:30:00,2024-03-10
HCM03,Lý Nhơn,7.0,31.33,0.083,51.05,29.23,6.88,04:00:00,2024-03-10
HCM03,Lý Nhơn,7.0,30.25,0.028,56.05,31.23,6.8,04:30:00,2024-03-10
HCM03,Lý Nhơn,7.0,30.82,0.057,45.62,30.52,5.03,05:00:00,2024-03-10
HCM03,Lý Nhơn,7.0,29.7,0.046,42.31,32.02,6.52,05:30:00,2024-03-10
HCM03,Lý Nhơn,7.0,30.27,0.065,41.81,28.58,6.37,06:00:00,2024-03-10
HCM03,Lý Nhơn,7.0,30.27,0.106,45.68,32.09,6.29,06:30:00,2024-03-10
HCM03,Lý Nhơn,7.0,30.45,0.035,44.03,27.89,6.03,07:00:00,2024-03-10
HCM03,Lý Nhơn,7.0,29.53,0.064,66.05,35.36,5.72,07:30:00,2024-03-10
HCM03,Lý Nhơn,7.0,31.88,0.076,48.61,29.42,5.92,08:00:00,2024-03-10
HCM03,Lý Nhơn,7.0,30.48,0.035,47.22,26.62,6.19,08:30:00,2024-03-10
HCM03,Lý Nhơn,7.0,30.06,0.025,41.54,24.47,6.87,09:00:00,2024-03-10
HCM03,Lý Nhơn,7.0,30.09,0.06,37.78,26.41,6.61,09:30:00,2024-03-10
HCM03,Lý Nhơn,7.0,30.16,0.087,47.53,25.8,5.83,10:00:00,2024-03-10
HCM03,Lý Nhơn,7.0,30.24,0.007,41.27,24.34,5.92,10:30:00,2024-03-10
HCM03,Lý Nhơn,7.0,30.3,0.046,44.73,27.56,6.43,11:00:00,2024-03-10
HCM03,Lý Nhơn,7.0,29.19,-0.034,46.71,24.68,6.24,11:30:00,2024-03-10
HCM03,Lý Nhơn,7.0,30.68,0.004,37.12,27.12,6.23,12:00:00,2024-03-10
HCM03,Lý Nhơn,7.0,31.49,0.004,33.34,24.97,5.56,12:30:00,2024-03-10
HCM03,Lý Nhơn,7.0,28.84,-0.029,34.04,26.26,6.47,13:00:00,2024-03-10
HCM03,Lý Nhơn,7.0,29.3,0.027,40.24,27.3,5.76,13:30:00,2024-03-10
HCM03,Lý Nhơn,7.0,30.62,-0.033,48.76,22.45,6.91,14:00:00,2024-03-10
HCM03,Lý Nhơn,7.0,29.88,-0.076,23.15,22.05,6.21,14:30:00,2024-03-10
HCM03,Lý Nhơn,7.0,30.28,0.018,44.71,25.28,6.7,15:00:00,2024-03-10
HCM03,Lý Nhơn,7.0,30.13,0.021,38.19,19.24,6.61,15:30:00,2024-03-10
HCM03,Lý Nhơn,7.0,31.38,-0.036,30.91,22.02,6.76,16:00:00,2024-03-10
HCM03,Lý Nhơn,7.0,31.66,0.006,34.63,24.4,6.87,16:30:00,2024-03-10
HCM03,Lý Nhơn,7.0,30.59,-0.023,29.53,20.43,6.37,17:00:00,2024-03-10
HCM03,Lý Nhơn,7.0,29.36,-0.034,31.6,21.5,6.74,17:30:00,2024-03-10
HCM03,Lý Nhơn,7.0,31.02,-0.045,39.49,23.76,6.3,18:00:00,2024-03-10
HCM03,Lý Nhơn,7.0,29.79,-0.037,38.19,19.95,6.35,18:30:00,2024-03-10
HCM03,Lý Nhơn,7.0,30.3,-0.032,43.77,23.76,7.19,19:00:00,2024-03-10
HCM03,Lý Nhơn,7.0,30.72,-0.078,34.47,22.16,5.67,19:30:00,2024-03-10
HCM03,Lý Nhơn,7.0,30.59,-0.01,34.66,22.68,6.34,20:00:00,2024-03-10
HCM03,Lý Nhơn,7.0,29.79,-0.018,31.67,21.51,5.69,20:30:00,2024-03-10
HCM03,Lý Nhơn,7.0,30.74,-0.095,40.15,21.13,7.25,21:00:00,2024-03-10
HCM03,Lý Nhơn,7.0,30.44,-0.089,47.45,24.04,6.5,21:30:00,2024-03-10
HCM03,Lý Nhơn,7.0,32.11,-0.026,31.43,26.67,6.42,22:00:00,2024-03-10
HCM03,Lý Nhơn,7.0,28.98,-0.078,35.73,25.82,7.4,22:30:00,2024-03-10
HCM03,Lý Nhơn,7.0,30.71,0.018,39.39,24.27,6.85,23:00:00,2024-03-10
HCM03,Lý Nhơn,7.0,30.0,-0.036,46.85,30.26,6.71,23:30:00,2024-03-10
HCM01,Nhà Bè,38.0,29.74,0.049,23.84,15.24,6.58,00:00:00,2024-03-10
HCM01,Nhà Bè,38.0,28.88,0.002,26.51,15.91,5.72,00:30:00,2024-03-10
HCM01,Nhà Bè,38.0,29.4,0.003,21.64,15.96,7.21,01:00:00,2024-03-10
HCM01,Nhà Bè,38.0,29.05,0.057,29.67,17.57,6.95,01:30:00,2024-03-10
HCM01,Nhà Bè,38.0,30.06,0.044,17.17,13.61,7.02,02:00:00,2024-03-10
HCM01,Nhà Bè,38.0,30.56,-0.003,32.81,17.92,6.55,02:30:00,2024-03-10
HCM01,Nhà Bè,38.0,28.96,0.063,25.96,15.73,6.52,03:00:00,2024-03-10
HCM01,Nhà Bè,38.0,29.43,0.057,23.16,16.53,6.21,03:30:00,2024-03-10
HCM01,Nhà Bè,38.0,29.31,0.106,26.34,17.15,7.3,04:00:00,2024-03-10
HCM01,Nhà Bè,38.0,30.59,0.049,25.16,14.36,5.63,04:30:00,2024-03-10
HCM01,Nhà Bè,38.0,29.83,0.073,28.95,19.02,6.28,05:00:00,2024-03-10
HCM01,Nhà Bè,38.0,30.79,0.028,22.98,16.15,6.9,05:30:00,2024-03-10
HCM01,Nhà Bè,38.0,30.52,0.045,18.98,17.87,6.93,06:00:00,2024-03-10
HCM01,Nhà Bè,38.0,30.22,0.053,25.87,18.18,6.82,06:30:00,2024-03-10
HCM01,Nhà Bè,38.0,29.19,0.094,29.74,16.64,6.61,07:00:00,2024-03-10
HCM01,Nhà Bè,38.0,29.36,0.033,36.22,19.44,7.46,07:30:00,2024-03-10
HCM01,Nhà Bè,38.0,29.61,-0.035,27.55,18.81,7.89,08:00:00,2024-03-10
HCM01,Nhà Bè,38.0,31.58,0.022,29.03,17.83,6.88,08:30:00,2024-03-10
HCM01,Nhà Bè,38.0,29.93,0.046,32.8,18.0,7.37,09:00:00,2024-03-10
HCM01,Nhà Bè,38.0,29.84,0.061,24.56,16.7,6.05,09:30:00,2024-03-10
HCM01,Nhà Bè,38.0,29.51,0.041,30.39,18.14,6.86,10:00:00,2024-03-10
HCM01,Nhà Bè,38.0,29.99,0.043,31.25,14.28,7.11,10:30:00,2024-03-10
HCM01,Nhà Bè,38.0,30.21,0.008,19.92,13.53,6.85,11:00:00,2024-03-10
HCM01,Nhà Bè,38.0,31.49,-0.027,18.42,12.87,7.08,11:30:00,2024-03-10
HCM01,Nhà Bè,38.0,30.47,-0.005,16.11,13.75,6.85,12:00:00,2024-03-10
HCM01,Nhà Bè,38.0,30.4,-0.027,27.81,16.15,6.11,12:30:00,2024-03-10
HCM01,Nhà Bè,38.0,29.35,0.021,24.66,14.3,6.69,13:00:00,2024-03-10
HCM01,Nhà Bè,38.0,31.27,-0.009,25.18,13.69,6.72,13:30:00,2024-03-10
HCM01,Nhà Bè,38.0,30.09,0.021,20.86,13.22,7.31,14:00:00,2024-03-10
HCM01,Nhà Bè,38.0,29.85,-0.038,22.28,13.57,6.38,14:30:00,2024-03-10
HCM01,Nhà Bè,38.0,30.29,-0.006,20.82,13.42,6.47,15:00:00,2024-03-10
HCM01,Nhà Bè,38.0,29.08,-0.046,19.65,11.89,6.92,15:30:00,2024-03-10
HCM01,Nhà Bè,38.0,29.21,0.014,20.26,12.52,6.92,16:00:00,2024-03-10
HCM01,Nhà Bè,38.0,30.91,-0.087,20.9,13.65,6.52,16:30:00,2024-03-10
HCM01,Nhà Bè,38.0,29.74,-0.011,20.22,13.71,7.1,17:00:00,2024-03-10
HCM01,Nhà Bè,38.0,29.64,-0.05,24.11,14.23,6.51,17:30:00,2024-03-10
HCM01,Nhà Bè,38.0,31.08,-0.035,18.52,12.12,6.58,18:00:00,2024-03-10
HCM01,Nhà Bè,38.0,31.94,-0.073,18.42,14.59,6.84,18:30:00,2024-03-10
HCM01,Nhà Bè,38.0,29.58,-0.025,17.14,11.3,7.2,19:00:00,2024-03-10
HCM01,Nhà Bè,38.0,28.9,-0.041,15.91,14.04,7.07,19:30:00,2024-03-10
HCM01,Nhà Bè,38.0,29.54,-0.064,25.48,13.34,7.06,20:00:00,2024-03-10
HCM01,Nhà Bè,38.0,31.14,0.024,23.14,15.6,6.11,20:30:00,2024-03-10
HCM01,Nhà Bè,38.0,29.98,-0.051,14.84,10.06,7.19,21:00:00,2024-03-10
HCM01,Nhà Bè,38.0,30.19,-0.007,21.95,12.41,7.61,21:30:00,2024-03-10
HCM01,Nhà Bè,38.0,29.8,-0.066,23.23,12.99,6.05,22:00:00,2024-03-10
HCM01,Nhà Bè,38.0,30.05,-0.029,16.06,14.68,6.37,22:30:00,2024-03-10
HCM01,Nhà Bè,38.0,29.79,0.019,21.36,14.34,6.74,23:00:00,2024-03-10
HCM01,Nhà Bè,38.0,28.85,0.044,26.23,15.35,6.06,23:30:00,2024-03-10
HCM02,Cát Lái,58.0,30.18,-0.009,12.07,5.87,7.3,00:00:00,2024-03-21
HCM02,Cát Lái,58.0,29.62,0.012,7.87,4.99,6.69,00:30:00,2024-03-21
HCM02,Cát Lái,58.0,29.33,0.023,10.68,6.03,7.11,01:00:00,2024-03-21
HCM02,Cát Lái,58.0,29.48,0.067,11.63,7.6,6.62,01:30:00,2024-03-21
HCM02,Cát Lái,58.0,28.23,0.059,12.33,6.65,6.74,02:00:00,2024-03-21
HCM02,Cát Lái,58.0,30.1,0.031,10.42,5.52,8.14,02:30:00,2024-03-21
HCM02,Cát Lái,58.0,29.47,0.006,12.13,6.49,7.0,03:00:00,2024-03-21
HCM02,Cát Lái,58.0,29.93,0.068,9.75,6.0,6.71,03:30:00,2024-03-21
HCM02,Cát Lái,58.0,29.66,0.075,12.0,6.22,7.58,04:00:00,2024-03-21
HCM02,Cát Lái,58.0,29.54,0.014,10.87,7.4,8.27,04:30:00,2024-03-21
HCM02,Cát Lái,58.0,30.17,0.023,9.51,6.41,7.14,05:00:00,2024-03-21
HCM02,Cát Lái,58.0,31.19,0.038,9.04,6.36,7.97,05:30:00,2024-03-21
HCM02,Cát Lái,58.0,28.35,0.083,8.08,6.19,7.27,06:00:00,2024-03-21
HCM02,Cát Lái,58.0,30.66,0.062,11.82,8.38,6.85,06:30:00,2024-03-21
HCM02,Cát Lái,58.0,30.42,0.044,11.43,6.81,8.2,07:00:00,2024-03-21
HCM02,Cát Lái,58.0,30.36,0.072,14.47,8.05,7.36,07:30:00,2024-03-21
HCM02,Cát Lái,58.0,30.37,0.088,10.66,6.35,7.14,08:00:00,2024-03-21
HCM02,Cát Lái,58.0,30.79,0.07,11.61,7.24,7.25,08:30:00,2024-03-21
HCM02,Cát Lái,58.0,28.98,0.049,12.82,6.94,7.79,09:00:00,2024-03-21
HCM02,Cát Lái,58.0,29.71,0.034,9.56,6.58,7.06,09:30:00,2024-03-21
HCM02,Cát Lái,58.0,30.16,0.002,13.2,7.28,7.15,10:00:00,2024-03-21
HCM02,Cát Lái,58.0,31.38,-0.035,8.26,6.22,7.45,10:30:00,2024-03-21
HCM02,Cát Lái,58.0,30.4,-0.013,10.25,6.48,7.51,11:00:00,2024-03-21
HCM02,Cát Lái,58.0,29.85,0.017,11.05,5.61,7.59,11:30:00,2024-03-21
HCM02,Cát Lái,58.0,29.17,0.018,8.83,6.58,6.65,12:00:00,2024-03-21
HCM02,Cát Lái,58.0,32.55,-0.039,9.73,5.0,7.57,12:30:00,2024-03-21
HCM02,Cát Lái,58.0,28.93,0.022,7.04,4.64,6.86,13:00:00,2024-03-21
HCM02,Cát Lái,58.0,30.02,-0.042,7.02,4.71,7.32,13:30:00,2024-03-21
HCM02,Cát Lái,58.0,29.77,0.021,7.34,6.19,7.97,14:00:00,2024-03-21
HCM02,Cát Lái,58.0,30.24,0.009,7.84,5.82,6.86,14:30:00,2024-03-21
HCM02,Cát Lái,58.0,29.39,-0.012,12.03,5.86,6.7,15:00:00,2024-03-21
HCM02,Cát Lái,58.0,30.83,-0.016,10.25,6.06,7.96,15:30:00,2024-03-21
HCM02,Cát Lái,58.0,30.1,-0.1,8.81,4.85,7.87,16:00:00,2024-03-21
HCM02,Cát Lái,58.0,29.48,-0.068,9.92,5.6,6.95,16:30:00,2024-03-21
HCM02,Cát Lái,58.0,29.41,-0.001,10.4,5.81,6.24,17:00:00,2024-03-21
HCM02,Cát Lái,58.0,29.65,-0.071,8.27,5.28,6.53,17:30:00,2024-03-21
HCM02,Cát Lái,58.0,30.03,-0.023,8.11,4.5,6.9,18:00:00,2024-03-21
HCM02,Cát Lái,58.0,29.41,-0.065,7.03,4.66,7.09,18:30:00,2024-03-21
HCM02,Cát Lái,58.0,30.18,-0.068,8.59,5.26,7.01,19:00:00,2024-03-21
HCM02,Cát Lái,58.0,29.97,0.009,7.22,5.37,7.09,19:30:00,2024-03-21
HCM02,Cát Lái,58.0,30.61,-0.114,9.67,5.76,8.07,20:00:00,2024-03-21
HCM02,Cát Lái,58.0,29.77,-0.097,10.63,5.81,7.26,20:30:00,2024-03-21
HCM02,Cát Lái,58.0,30.9,-0.046,11.18,6.15,7.13,21:00:00,2024-03-21
HCM02,Cát Lái,58.0,32.46,0.004,8.33,4.69,7.88,21:30:00,2024-03-21
HCM02,Cát Lái,58.0,31.16,-0.086,7.42,5.48,6.87,22:00:00,2024-03-21
HCM02,Cát Lái,58.0,31.14,0.009,10.43,5.16,6.95,22:30:00,2024-03-21
HCM02,Cát Lái,58.0,29.57,-0.011,6.88,5.45,7.55,23:00:00,2024-03-21
HCM02,Cát Lái,58.0,29.77,0.008,10.51,6.92,7.74,23:30:00,2024-03-21
HCM04,Long Đại,80.0,29.49,0.027,3.04,1.87,7.19,00:00:00,2024-03-21
HCM04,Long Đại,80.0,29.26,-0.038,2.23,1.73,6.63,00:30:00,2024-03-21
HCM04,Long Đại,80.0,30.48,-0.004,2.48,1.55,7.96,01:00:00,2024-03-21
HCM04,Long Đại,80.0,28.7,0.0,2.96,1.81,8.56,01:30:00,2024-03-21
HCM04,Long Đại,80.0,28.97,0.037,2.42,1.87,6.5,02:00:00,2024-03-21
HCM04,Long Đại,80.0,31.08,0.087,3.5,1.93,7.33,02:30:00,2024-03-21
HCM04,Long Đại,80.0,28.59,0.044,1.73,1.16,7.04,03:00:00,2024-03-21
HCM04,Long Đại,80.0,31.98,0.056,3.54,2.2,7.37,03:30:00,2024-03-21
HCM04,Long Đại,80.0,30.43,0.038,1.98,1.29,8.15,04:00:00,2024-03-21
HCM04,Long Đại,80.0,30.1,0.043,4.23,2.16,8.26,04:30:00,2024-03-21
HCM04,Long Đại,80.0,30.6,0.03,2.9,2.46,7.49,05:00:00,2024-03-21
HCM04,Long Đại,80.0,31.25,0.062,3.73,2.18,6.9,05:30:00,2024-03-21
HCM04,Long Đại,80.0,29.74,0.072,3.08,1.65,7.38,06:00:00,2024-03-21
HCM04,Long Đại,80.0,29.07,0.037,3.99,2.26,6.99,06:30:00,2024-03-21
HCM04,Long Đại,80.0,28.7,0.037,1.95,1.37,7.93,07:00:00,2024-03-21
HCM04,Long Đại,80.0,30.03,0.023,2.65,1.78,7.23,07:30:00,2024-03-21
HCM04,Long Đại,80.0,30.29,-0.001,2.94,1.96,7.43,08:00:00,2024-03-21
HCM04,Long Đại,80.0,29.95,0.074,2.04,1.37,7.68,08:30:00,2024-03-21
HCM04,Long Đại,80.0,31.08,0.033,3.79,2.07,6.92,09:00:00,2024-03-21
HCM04,Long Đại,80.0,30.57,-0.045,2.16,1.35,7.71,09:30:00,2024-03-21
HCM04,Long Đại,80.0,29.1,0.029,2.42,1.97,7.4,10:00:00,2024-03-21
HCM04,Long Đại,80.0,30.93,0.055,2.98,1.91,7.8,10:30:00,2024-03-21
HCM04,Long Đại,80.0,30.07,0.048,3.5,2.02,7.22,11:00:00,2024-03-21
HCM04,Long Đại,80.0,30.14,0.008,2.42,1.72,6.9,11:30:00,2024-03-21
HCM04,Long Đại,80.0,29.93,-0.029,3.25,2.05,7.12,12:00:00,2024-03-21
HCM04,Long Đại,80.0,30.2,-0.0,2.61,2.05,7.13,12:30:00,2024-03-21
HCM04,Long Đại,80.0,30.53,-0.038,2.63,1.55,7.55,13:00:00,2024-03-21
HCM04,Long Đại,80.0,31.12,-0.085,3.33,2.0,7.22,13:30:00,2024-03-21
HCM04,Long Đại,80.0,31.18,-0.028,2.59,1.56,7.14,14:00:00,2024-03-21
HCM04,Long Đại,80.0,29.4,-0.019,2.52,1.61,6.97,14:30:00,2024-03-21
HCM04,Long Đại,80.0,31.52,-0.037,2.05,1.56,7.64,15:00:00,2024-03-21
HCM04,Long Đại,80.0,30.69,-0.029,2.71,1.68,7.46,15:30:00,2024-03-21
HCM04,Long Đại,80.0,30.91,-0.041,2.76,1.51,7.8,16:00:00,2024-03-21
HCM04,Long Đại,80.0,30.96,-0.061,1.66,1.37,7.99,16:30:00,2024-03-21
HCM04,Long Đại,80.0,30.58,-0.058,3.36,1.84,6.58,17:00:00,2024-03-21
HCM04,Long Đại,80.0,28.47,-0.024,1.94,1.66,6.62,17:30:00,2024-03-21
HCM04,Long Đại,80.0,30.66,-0.053,1.53,1.24,7.81,18:00:00,2024-03-21
HCM04,Long Đại,80.0,30.97,-0.07,2.35,1.61,6.34,18:30:00,2024-03-21
HCM04,Long Đại,80.0,30.2,-0.096,2.91,1.65,7.98,19:00:00,2024-03-21
HCM04,Long Đại,80.0,30.05,-0.066,1.35,1.03,7.62,19:30:00,2024-03-21
HCM04,Long Đại,80.0,30.61,-0.025,2.35,1.48,7.55,20:00:00,2024-03-21
HCM04,Long Đại,80.0,28.98,-0.021,2.98,1.83,6.63,20:30:00,2024-03-21
HCM04,Long Đại,80.0,29.01,-0.021,2.58,1.7,7.05,21:00:00,2024-03-21
HCM04,Long Đại,80.0,29.57,-0.02,2.95,2.13,7.98,21:30:00,2024-03-21
HCM04,Long Đại,80.0,30.84,-0.044,2.32,1.46,7.74,22:00:00,2024-03-21
HCM04,Long Đại,80.0,30.42,-0.004,2.07,1.28,7.72,22:30:00,2024-03-21
HCM04,Long Đại,80.0,30.54,-0.031,2.26,1.65,6.94,23:00:00,2024-03-21
HCM04,Long Đại,80.0,31.59,0.038,2.59,1.63,7.75,23:30:00,2024-03-21
HCM03,Lý Nhơn,7.0,31.51,0.056,39.09,17.23,7.02,00:00:00,2024-03-21
HCM03,Lý Nhơn,7.0,30.54,0.05,30.2,15.52,5.64,00:30:00,2024-03-21
HCM03,Lý Nhơn,7.0,29.19,0.001,24.8,15.56,7.04,01:00:00,2024-03-21
HCM03,Lý Nhơn,7.0,30.16,0.019,31.02,19.53,6.29,01:30:00,2024-03-21
HCM03,Lý Nhơn,7.0,29.26,0.029,13.79,14.55,6.98,02:00:00,2024-03-21
HCM03,Lý Nhơn,7.0,30.63,0.051,24.16,17.54,6.56,02:30:00,2024-03-21
HCM03,Lý Nhơn,7.0,30.73,-0.031,36.6,22.21,6.81,03:00:00,2024-03-21
HCM03,Lý Nhơn,7.0,30.35,0.045,24.86,17.09,6.78,03:30:00,2024-03-21
HCM03,Lý Nhơn,7.0,30.08,0.096,32.62,19.07,5.87,04:00:00,2024-03-21
HCM03,Lý Nhơn,7.0,30.69,0.038,42.32,19.64,6.72,04:30:00,2024-03-21
HCM03,Lý Nhơn,7.0,29.94,0.067,40.56,21.7,7.14,05:00:00,2024-03-21
HCM03,Lý Nhơn,7.0,29.89,0.042,27.48,18.22,7.32,05:30:00,2024-03-21
HCM03,Lý Nhơn,7.0,31.01,0.013,34.14,22.34,7.31,06:00:00,2024-03-21
HCM03,Lý Nhơn,7.0,29.95,0.056,26.29,20.57,6.55,06:30:00,2024-03-21
HCM03,Lý Nhơn,7.0,30.77,0.063,27.76,17.52,7.42,07:00:00,2024-03-21
HCM03,Lý Nhơn,7.0,30.59,0.115,36.42,18.7,6.12,07:30:00,2024-03-21
HCM03,Lý Nhơn,7.0,28.97,0.078,30.86,20.53,6.77,08:00:00,2024-03-21
HCM03,Lý Nhơn,7.0,29.65,0.037,34.46,20.04,5.93,08:30:00,2024-03-21
HCM03,Lý Nhơn,7.0,30.74,0.009,31.48,18.9,8.08,09:00:00,2024-03-21
HCM03,Lý Nhơn,7.0,30.56,0.062,23.19,17.15,7.38,09:30:00,2024-03-21
HCM03,Lý Nhơn,7.0,30.42,-0.027,34.19,18.89,7.47,10:00:00,2024-03-21
HCM03,Lý Nhơn,7.0,30.68,-0.002,28.34,18.0,7.39,10:30:00,2024-03-21
HCM03,Lý Nhơn,7.0,28.92,0.049,28.23,17.53,6.76,11:00:00,2024-03-21
HCM03,Lý Nhơn,7.0,30.31,-0.024,31.96,19.19,6.49,11:30:00,2024-03-21
HCM03,Lý Nhơn,7.0,31.14,-0.003,28.05,15.33,7.21,12:00:00,2024-03-21
HCM03,Lý Nhơn,7.0,30.01,-0.002,24.88,18.87,6.87,12:30:00,2024-03-21
HCM03,Lý Nhơn,7.0,30.09,0.028,23.61,15.73,7.7,13:00:00,2024-03-21
HCM03,Lý Nhơn,7.0,29.45,-0.019,24.37,17.08,6.32,13:30:00,2024-03-21
HCM03,Lý Nhơn,7.0,29.88,-0.073,22.34,16.22,5.41,14:00:00,2024-03-21
HCM03,Lý Nhơn,7.0,30.9,-0.045,25.27,16.04,7.08,14:30:00,2024-03-21
HCM03,Lý Nhơn,7.0,30.25,-0.042,24.19,13.82,7.89,15:00:00,2024-03-21
HCM03,Lý Nhơn,7.0,29.44,-0.037,23.24,14.06,7.24,15:30:00,2024-03-21
HCM03,Lý Nhơn,7.0,29.32,-0.071,22.11,14.17,7.15,16:00:00,2024-03-21
HCM03,Lý Nhơn,7.0,30.78,-0.03,21.5,13.31,6.54,16:30:00,2024-03-21
HCM03,Lý Nhơn,7.0,29.62,-0.081,21.72,13.73,6.97,17:00:00,2024-03-21
HCM03,Lý Nhơn,7.0,31.97,-0.03,23.89,14.78,6.49,17:30:00,2024-03-21
HCM03,Lý Nhơn,7.0,29.64,-0.083,21.46,13.89,7.14,18:00:00,2024-03-21
HCM03,Lý Nhơn,7.0,29.33,-0.072,16.65,11.99,7.17,18:30:00,2024-03-21
HCM03,Lý Nhơn,7.0,29.59,-0.033,27.0,17.26,6.87,19:00:00,2024-03-21
HCM03,Lý Nhơn,7.0,30.34,-0.037,26.97,15.33,6.65,19:30:00,2024-03-21
HCM03,Lý Nhơn,7.0,30.04,-0.043,25.4,13.25,7.0,20:00:00,2024-03-21
HCM03,Lý Nhơn,7.0,29.88,-0.016,18.83,11.31,7.3,20:30:00,2024-03-21
HCM03,Lý Nhơn,7.0,30.44,-0.128,16.34,12.9,7.03,21:00:00,2024-03-21
HCM03,Lý Nhơn,7.0,30.13,-0.003,24.82,14.11,6.97,21:30:00,2024-03-21
HCM03,Lý Nhơn,7.0,30.74,-0.014,11.52,11.62,7.39,22:00:00,2024-03-21
HCM03,Lý Nhơn,7.0,31.29,0.021,23.23,15.41,6.85,22:30:00,2024-03-21
HCM03,Lý Nhơn,7.0,29.33,-0.034,15.11,15.95,6.72,23:00:00,2024-03-21
HCM03,Lý Nhơn,7.0,29.32,-0.031,27.71,17.2,7.2,23:30:00,2024-03-21
HCM01,Nhà Bè,38.0,29.21,0.029,12.42,9.16,7.06,00:00:00,2024-03-21
HCM01,Nhà Bè,38.0,31.11,-0.032,15.3,10.88,7.65,00:30:00,2024-03-21
HCM01,Nhà Bè,38.0,28.96,-0.007,20.73,11.81,7.31,01:00:00,2024-03-21
HCM01,Nhà Bè,38.0,28.79,0.008,20.04,10.67,7.32,01:30:00,2024-03-21
HCM01,Nhà Bè,38.0,29.37,-0.02,16.21,10.66,7.37,02:00:00,2024-03-21
HCM01,Nhà Bè,38.0,31.33,0.009,12.99,9.53,7.43,02:30:00,2024-03-21
HCM01,Nhà Bè,38.0,30.62,0.137,12.89,12.38,7.19,03:00:00,2024-03-21
HCM01,Nhà Bè,38.0,29.5,0.033,16.59,10.42,8.13,03:30:00,2024-03-21
HCM01,Nhà Bè,38.0,30.28,0.053,19.68,11.58,7.63,04:00:00,2024-03-21
HCM01,Nhà Bè,38.0,30.75,0.047,18.05,12.27,7.34,04:30:00,2024-03-21
HCM01,Nhà Bè,38.0,29.74,0.022,18.86,12.23,7.68,05:00:00,2024-03-21
HCM01,Nhà Bè,38.0,28.9,0.047,26.56,14.18,6.94,05:30:00,2024-03-21
HCM01,Nhà Bè,38.0,30.51,-0.009,20.12,10.14,7.65,06:00:00,2024-03-21
HCM01,Nhà Bè,38.0,29.33,0.022,18.93,9.83,7.49,06:30:00,2024-03-21
HCM01,Nhà Bè,38.0,30.16,0.034,20.63,12.71,6.73,07:00:00,2024-03-21
HCM01,Nhà Bè,38.0,30.86,0.052,20.27,12.55,6.35,07:30:00,2024-03-21
HCM01,Nhà Bè,38.0,29.41,0.078,9.78,7.84,6.88,08:00:00,2024-03-21
HCM01,Nhà Bè,38.0,30.12,0.027,12.71,9.25,5.92,08:30:00,2024-03-21
HCM01,Nhà Bè,38.0,29.39,0.027,16.56,12.08,7.19,09:00:00,2024-03-21
HCM01,Nhà Bè,38.0,30.48,0.016,14.31,12.0,7.16,09:30:00,2024-03-21
HCM01,Nhà Bè,38.0,31.53,0.022,14.89,11.78,7.69,10:00:00,2024-03-21
HCM01,Nhà Bè,38.0,30.22,0.058,21.36,11.21,7.17,10:30:00,2024-03-21
HCM01,Nhà Bè,38.0,30.64,-0.03,15.48,10.39,7.56,11:00:00,2024-03-21
HCM01,Nhà Bè,38.0,30.19,-0.004,16.14,10.05,7.3,11:30:00,2024-03-21
HCM01,Nhà Bè,38.0,29.24,-0.012,16.65,10.38,6.76,12:00:00,2024-03-21
HCM01,Nhà Bè,38.0,29.7,-0.04,16.89,10.36,6.5,12:30:00,2024-03-21
HCM01,Nhà Bè,38.0,30.63,-0.06,13.75,10.94,7.32,13:00:00,2024-03-21
HCM01,Nhà Bè,38.0,28.28,-0.01,13.11,8.83,6.81,13:30:00,2024-03-21
HCM01,Nhà Bè,38.0,28.12,-0.091,14.27,9.54,6.73,14:00:00,2024-03-21
HCM01,Nhà Bè,38.0,31.05,0.002,12.28,8.96,6.77,14:30:00,2024-03-21
HCM01,Nhà Bè,38.0,30.53,-0.038,16.33,9.8,6.92,15:00:00,2024-03-21
HCM01,Nhà Bè,38.0,29.71,-0.062,12.31,8.34,6.8,15:30:00,2024-03-21
HCM01,Nhà Bè,38.0,31.46,-0.03,12.14,9.1,7.63,16:00:00,2024-03-21
HCM01,Nhà Bè,38.0,29.38,-0.055,15.52,8.82,7.88,16:30:00,2024-03-21
HCM01,Nhà Bè,38.0,29.1,-0.091,14.23,9.22,7.2,17:00:00,2024-03-21
HCM01,Nhà Bè,38.0,30.52,-0.013,12.1,8.58,6.21,17:30:00,2024-03-21
HCM01,Nhà Bè,38.0,30.17,-0.069,12.47,8.4,6.2,18:00:00,2024-03-21
HCM01,Nhà Bè,38.0,29.17,-0.051,10.29,7.8,6.96,18:30:00,2024-03-21
HCM01,Nhà Bè,38.0,30.09,0.012,14.36,9.2,6.76,19:00:00,2024-03-21
HCM01,Nhà Bè,38.0,30.31,-0.036,13.15,9.06,6.46,19:30:00,2024-03-21
HCM01,Nhà Bè,38.0,30.9,-0.073,9.29,8.61,6.93,20:00:00,2024-03-21
HCM01,Nhà Bè,38.0,31.16,-0.018,15.69,9.31,8.07,20:30:00,2024-03-21
HCM01,Nhà Bè,38.0,30.17,-0.054,14.27,9.34,6.99,21:00:00,2024-03-21
HCM01,Nhà Bè,38.0,28.84,-0.04,18.27,10.41,6.82,21:30:00,2024-03-21
HCM01,Nhà Bè,38.0,30.58,-0.03,15.17,9.85,6.93,22:00:00,2024-03-21
HCM01,Nhà Bè,38.0,30.48,-0.061,13.46,7.11,7.23,22:30:00,2024-03-21
HCM01,Nhà Bè,38.0,30.5,-0.037,12.01,8.52,6.91,23:00:00,2024-03-21
HCM01,Nhà Bè,38.0,30.5,-0.034,19.82,9.86,7.09,23:30:00,2024-03-21
HCM02,Cát Lái,58.0,29.17,-0.032,7.48,5.53,6.87,00:00:00,2024-03-22
HCM02,Cát Lái,58.0,31.67,0.033,12.69,7.58,7.42,00:30:00,2024-03-22
HCM02,Cát Lái,58.0,31.24,0.063,12.92,7.1,7.57,01:00:00,2024-03-22
HCM02,Cát Lái,58.0,30.6,0.044,9.28,6.58,6.41,01:30:00,2024-03-22
HCM02,Cát Lái,58.0,29.57,-0.003,10.47,6.49,7.13,02:00:00,2024-03-22
HCM02,Cát Lái,58.0,29.74,0.014,12.05,7.88,7.08,02:30:00,2024-03-22
HCM02,Cát Lái,58.0,29.75,0.039,13.7,8.55,8.03,03:00:00,2024-03-22
HCM02,Cát Lái,58.0,29.8,0.076,9.48,7.32,6.88,03:30:00,2024-03-22
HCM02,Cát Lái,58.0,29.54,0.035,11.99,6.9,7.09,04:00:00,2024-03-22
HCM02,Cát Lái,58.0,30.41,0.011,11.25,7.91,6.57,04:30:00,2024-03-22
HCM02,Cát Lái,58.0,30.25,0.086,15.52,7.96,6.83,05:00:00,2024-03-22
HCM02,Cát Lái,58.0,29.91,0.052,14.41,7.61,7.0,05:30:00,2024-03-22
HCM02,Cát Lái,58.0,30.12,0.085,18.07,8.49,7.88,06:00:00,2024-03-22
HCM02,Cát Lái,58.0,30.32,0.113,10.82,6.43,6.17,06:30:00,2024-03-22
HCM02,Cát Lái,58.0,29.81,0.046,12.3,9.17,6.88,07:00:00,2024-03-22
HCM02,Cát Lái,58.0,29.54,0.118,13.1,7.94,6.79,07:30:00,2024-03-22
HCM02,Cát Lái,58.0,30.76,0.015,14.41,9.45,5.97,08:00:00,2024-03-22
HCM02,Cát Lái,58.0,30.37,0.02,13.32,7.23,6.71,08:30:00,2024-03-22
HCM02,Cát Lái,58.0,30.91,0.084,11.21,7.35,7.44,09:00:00,2024-03-22
HCM02,Cát Lái,58.0,31.98,0.049,11.61,6.58,6.82,09:30:00,2024-03-22
HCM02,Cát Lái,58.0,28.62,0.005,12.78,7.23,7.06,10:00:00,2024-03-22
HCM02,Cát Lái,58.0,29.67,-0.029,14.06,7.49,6.82,10:30:00,2024-03-22
HCM02,Cát Lái,58.0,30.1,0.012,9.01,6.77,7.86,11:00:00,2024-03-22
HCM02,Cát Lái,58.0,30.49,0.059,10.32,6.4,7.29,11:30:00,2024-03-22
HCM02,Cát Lái,58.0,31.6,0.004,11.77,6.31,7.36,12:00:00,2024-03-22
HCM02,Cát Lái,58.0,27.76,0.025,11.54,6.45,7.1,12:30:00,2024-03-22
HCM02,Cát Lái,58.0,29.82,-0.027,10.92,6.78,8.31,13:00:00,2024-03-22
HCM02,Cát Lái,58.0,31.17,-0.062,10.17,6.01,7.17,13:30:00,2024-03-22
HCM02,Cát Lái,58.0,29.38,-0.058,9.4,6.58,6.56,14:00:00,2024-03-22
HCM02,Cát Lái,58.0,31.08,-0.032,8.72,6.05,7.57,14:30:00,2024-03-22
HCM02,Cát Lái,58.0,29.15,-0.001,8.46,5.28,7.24,15:00:00,2024-03-22
HCM02,Cát Lái,58.0,30.3,-0.002,7.97,5.52,6.58,15:30:00,2024-03-22
HCM02,Cát Lái,58.0,30.01,-0.061,8.77,6.57,7.48,16:00:00,2024-03-22
HCM02,Cát Lái,58.0,30.13,-0.041,9.08,5.48,6.72,16:30:00,2024-03-22
HCM02,Cát Lái,58.0,28.5,-0.076,12.39,5.18,6.53,17:00:00,2024-03-22
HCM02,Cát Lái,58.0,30.68,-0.041,9.8,5.84,7.45,17:30:00,2024-03-22
HCM02,Cát Lái,58.0,29.66,-0.052,6.9,4.96,7.17,18:00:00,2024-03-22
HCM02,Cát Lái,58.0,28.11,-0.096,8.28,5.4,7.06,18:30:00,2024-03-22
HCM02,Cát Lái,58.0,30.74,-0.069,9.0,5.55,6.37,19:00:00,2024-03-22
HCM02,Cát Lái,58.0,30.08,-0.062,9.45,5.63,8.18,19:30:00,2024-03-22
HCM02,Cát Lái,58.0,29.75,-0.054,9.56,5.63,7.21,20:00:00,2024-03-22
HCM02,Cát Lái,58.0,29.41,-0.083,9.81,6.13,7.19,20:30:00,2024-03-22
HCM02,Cát Lái,58.0,29.46,-0.088,10.16,6.1,7.04,21:00:00,2024-03-22
HCM02,Cát Lái,58.0,31.03,-0.031,10.6,6.97,6.1,21:30:00,2024-03-22
HCM02,Cát Lái,58.0,30.78,-0.042,11.61,5.81,7.95,22:00:00,2024-03-22
HCM02,Cát Lái,58.0,30.74,-0.001,10.25,6.21,7.69,22:30:00,2024-03-22
HCM02,Cát Lái,58.0,30.33,-0.056,12.88,7.23,7.22,23:00:00,2024-03-22
HCM02,Cát Lái,58.0,30.46,0.013,9.54,6.14,7.22,23:30:00,2024-03-22
HCM04,Long Đại,80.0,29.05,0.001,5.25,2.29,7.33,00:00:00,2024-03-22
HCM04,Long Đại,80.0,30.39,-0.003,3.26,2.38,8.04,00:30:00,2024-03-22
HCM04,Long Đại,80.0,29.33,0.067,3.88,1.78,7.29,01:00:00,2024-03-22
HCM04,Long Đại,80.0,28.39,0.052,3.33,1.69,7.54,01:30:00,2024-03-22
HCM04,Long Đại,80.0,30.13,0.032,4.53,2.31,8.39,02:00:00,2024-03-22
HCM04,Long Đại,80.0,30.27,0.04,2.69,1.84,8.14,02:30:00,2024-03-22
HCM04,Long Đại,80.0,29.5,0.013,2.72,2.05,6.97,03:00:00,2024-03-22
HCM04,Long Đại,80.0,29.86,0.03,3.87,2.13,6.79,03:30:00,2024-03-22
HCM04,Long Đại,80.0,31.16,0.067,5.17,2.55,6.29,04:00:00,2024-03-22
HCM04,Long Đại,80.0,30.92,0.035,3.03,1.55,7.3,04:30:00,2024-03-22
HCM04,Long Đại,80.0,30.69,0.026,2.73,1.62,6.05,05:00:00,2024-03-22
HCM04,Long Đại,80.0,30.23,-0.019,4.02,2.12,7.03,05:30:00,2024-03-22
HCM04,Long Đại,80.0,29.37,0.014,2.65,1.86,6.6,06:00:00,2024-03-22
HCM04,Long Đại,80.0,31.39,0.028,3.14,2.31,7.01,06:30:00,2024-03-22
HCM04,Long Đại,80.0,30.34,0.029,3.24,2.29,7.51,07:00:00,2024-03-22
HCM04,Long Đại,80.0,28.89,0.031,3.02,2.02,7.39,07:30:00,2024-03-22
HCM04,Long Đại,80.0,29.71,0.038,4.34,2.31,6.41,08:00:00,2024-03-22
HCM04,Long Đại,80.0,31.05,0.023,3.44,1.91,7.95,08:30:00,2024-03-22
HCM04,Long Đại,80.0,28.11,0.018,4.23,2.58,8.23,09:00:00,2024-03-22
HCM04,Long Đại,80.0,30.24,0.005,3.18,1.89,7.9,09:30:00,2024-03-22
HCM04,Long Đại,80.0,29.93,0.051,1.92,1.57,7.64,10:00:00,2024-03-22
HCM04,Long Đại,80.0,28.74,0.017,3.21,1.98,6.61,10:30:00,2024-03-22
HCM04,Long Đại,80.0,28.98,0.059,2.75,1.68,8.18,11:00:00,2024-03-22
HCM04,Long Đại,80.0,30.78,0.002,3.27,1.84,8.03,11:30:00,2024-03-22
HCM04,Long Đại,80.0,30.77,0.036,2.66,1.83,6.77,12:00:00,2024-03-22
HCM04,Long Đại,80.0,29.4,0.031,2.41,1.89,7.92,12:30:00,2024-03-22
HCM04,Long Đại,80.0,30.26,0.015,2.41,1.77,6.63,13:00:00,2024-03-22
HCM04,Long Đại,80.0,31.6,-0.025,3.27,1.91,8.08,13:30:00,2024-03-22
HCM04,Long Đại,80.0,29.84,0.043,2.69,1.67,7.48,14:00:00,2024-03-22
HCM04,Long Đại,80.0,29.44,-0.036,2.97,2.09,7.63,14:30:00,2024-03-22
HCM04,Long Đại,80.0,29.85,-0.005,4.04,2.27,7.85,15:00:00,2024-03-22
HCM04,Long Đại,80.0,30.43,-0.05,2.11,1.28,7.98,15:30:00,2024-03-22
HCM04,Long Đại,80.0,28.54,-0.092,4.24,2.09,7.36,16:00:00,2024-03-22
HCM04,Long Đại,80.0,29.89,-0.021,1.94,1.43,7.84,16:30:00,2024-03-22
HCM04,Long Đại,80.0,30.71,-0.066,3.19,1.86,8.66,17:00:00,2024-03-22
HCM04,Long Đại,80.0,29.51,-0.045,2.81,1.41,7.48,17:30:00,2024-03-22
HCM04,Long Đại,80.0,30.15,-0.077,2.61,1.83,6.77,18:00:00,2024-03-22
HCM04,Long Đại,80.0,29.61,-0.091,2.99,1.7,8.03,18:30:00,2024-03-22
HCM04,Long Đại,80.0,30.55,-0.031,2.87,1.85,7.64,19:00:00,2024-03-22
HCM04,Long Đại,80.0,30.22,-0.04,2.48,1.58,7.13,19:30:00,2024-03-22
HCM04,Long Đại,80.0,30.45,0.001,3.66,1.6,7.19,20:00:00,2024-03-22
HCM04,Long Đại,80.0,28.96,-0.097,3.05,1.82,5.67,20:30:00,2024-03-22
HCM04,Long Đại,80.0,30.59,-0.067,2.86,1.68,7.14,21:00:00,2024-03-22
HCM04,Long Đại,80.0,29.41,-0.011,3.98,2.26,8.07,21:30:00,2024-03-22
HCM04,Long Đại,80.0,30.03,-0.05,4.06,2.17,6.6,22:00:00,2024-03-22
HCM04,Long Đại,80.0,30.14,0.018,2.11,1.6,7.35,22:30:00,2024-03-22
HCM04,Long Đại,80.0,28.62,0.002,2.36,1.6,7.09,23:00:00,2024-03-22
HCM04,Long Đại,80.0,30.46,-0.004,2.89,1.92,7.77,23:30:00,2024-03-22
HCM03,Lý Nhơn,7.0,28.74,-0.026,32.03,17.12,6.41,00:00:00,2024-03-22
HCM03,Lý Nhơn,7.0,30.82,0.043,32.8,17.19,6.09,00:30:00,2024-03-22
HCM03,Lý Nhơn,7.0,28.93,-0.023,35.34,20.77,7.14,01:00:00,2024-03-22
HCM03,Lý Nhơn,7.0,28.44,-0.029,33.27,19.81,6.94,01:30:00,2024-03-22
HCM03,Lý Nhơn,7.0,29.59,0.031,32.2,23.02,7.11,02:00:00,2024-03-22
HCM03,Lý Nhơn,7.0,28.74,-0.016,40.65,21.35,7.17,02:30:00,2024-03-22
HCM03,Lý Nhơn,7.0,30.59,0.021,28.84,21.77,6.94,03:00:00,2024-03-22
HCM03,Lý Nhơn,7.0,30.6,0.062,29.47,19.93,6.74,03:30:00,2024-03-22
HCM03,Lý Nhơn,7.0,30.08,0.074,38.2,24.12,5.47,04:00:00,2024-03-22
HCM03,Lý Nhơn,7.0,30.51,0.057,35.15,22.74,6.5,04:30:00,2024-03-22
HCM03,Lý Nhơn,7.0,30.93,0.009,37.66,20.91,7.84,05:00:00,2024-03-22
HCM03,Lý Nhơn,7.0,29.29,0.064,40.21,23.75,5.71,05:30:00,2024-03-22
HCM03,Lý Nhơn,7.0,31.38,0.095,23.77,19.47,6.41,06:00:00,2024-03-22
HCM03,Lý Nhơn,7.0,29.08,0.064,53.03,24.51,5.88,06:30:00,2024-03-22
HCM03,Lý Nhơn,7.0,28.92,0.006,44.88,22.25,6.25,07:00:00,2024-03-22
HCM03,Lý Nhơn,7.0,30.03,0.051,27.03,18.8,7.21,07:30:00,2024-03-22
HCM03,Lý Nhơn,7.0,30.43,0.047,37.66,22.1,6.52,08:00:00,2024-03-22
HCM03,Lý Nhơn,7.0,29.82,0.047,26.55,22.29,6.92,08:30:00,2024-03-22
HCM03,Lý Nhơn,7.0,27.85,0.011,33.52,18.82,7.84,09:00:00,2024-03-22
HCM03,Lý Nhơn,7.0,30.15,-0.003,35.38,23.26,6.91,09:30:00,2024-03-22
HCM03,Lý Nhơn,7.0,27.82,0.091,34.72,21.11,7.43,10:00:00,2024-03-22
HCM03,Lý Nhơn,7.0,30.14,-0.032,27.38,19.09,5.96,10:30:00,2024-03-22
HCM03,Lý Nhơn,7.0,30.2,0.064,31.15,19.24,6.65,11:00:00,2024-03-22
HCM03,Lý Nhơn,7.0,30.03,-0.03,28.88,19.16,6.57,11:30:00,2024-03-22
HCM03,Lý Nhơn,7.0,29.46,-0.011,30.21,18.65,6.23,12:00:00,2024-03-22
HCM03,Lý Nhơn,7.0,30.55,-0.011,27.78,19.16,6.84,12:30:00,2024-03-22
HCM03,Lý Nhơn,7.0,30.53,-0.047,29.77,16.85,6.7,13:00:00,2024-03-22
HCM03,Lý Nhơn,7.0,30.66,-0.037,26.28,16.39,6.81,13:30:00,2024-03-22
HCM03,Lý Nhơn,7.0,29.46,0.016,31.74,19.17,6.63,14:00:00,2024-03-22
HCM03,Lý Nhơn,7.0,30.16,-0.027,30.05,18.54,7.02,14:30:00,2024-03-22
HCM03,Lý Nhơn,7.0,30.38,-0.047,28.09,15.76,6.14,15:00:00,2024-03-22
HCM03,Lý Nhơn,7.0,30.2,0.001,29.85,16.09,7.25,15:30:00,2024-03-22
HCM03,Lý Nhơn,7.0,29.81,-0.038,24.29,17.28,7.43,16:00:00,2024-03-22
HCM03,Lý Nhơn,7.0,30.59,-0.024,20.87,16.93,7.0,16:30:00,2024-03-22
HCM03,Lý Nhơn,7.0,29.9,-0.075,21.99,16.24,7.62,17:00:00,2024-03-22
HCM03,Lý Nhơn,7.0,31.0,-0.075,23.2,16.21,7.5,17:30:00,2024-03-22
HCM03,Lý Nhơn,7.0,29.65,-0.078,29.16,15.88,6.97,18:00:00,2024-03-22
HCM03,Lý Nhơn,7.0,28.47,-0.071,23.78,16.38,6.28,18:30:00,2024-03-22
HCM03,Lý Nhơn,7.0,30.22,-0.007,24.87,16.8,7.13,19:00:00,2024-03-22
HCM03,Lý Nhơn,7.0,28.6,-0.007,37.21,20.31,6.92,19:30:00,2024-03-22
HCM03,Lý Nhơn,7.0,30.73,-0.007,29.62,15.57,7.81,20:00:00,2024-03-22
HCM03,Lý Nhơn,7.0,30.5,-0.048,28.5,17.92,6.45,20:30:00,2024-03-22
HCM03,Lý Nhơn,7.0,28.58,-0.046,26.97,15.09,7.47,21:00:00,2024-03-22
HCM03,Lý Nhơn,7.0,31.04,-0.062,32.3,19.66,6.96,21:30:00,2024-03-22
HCM03,Lý Nhơn,7.0,29.32,-0.02,27.67,19.72,6.55,22:00:00,2024-03-22
HCM03,Lý Nhơn,7.0,29.84,-0.042,28.1,15.93,6.47,22:30:00,2024-03-22
HCM03,Lý Nhơn,7.0,31.12,-0.039,32.56,19.69,6.95,23:00:00,2024-03-22
HCM03,Lý Nhơn,7.0,30.72,0.001,29.47,19.39,6.04,23:30:00,2024-03-22
HCM01,Nhà Bè,38.0,30.45,-0.05,21.05,12.0,6.79,00:00:00,2024-03-22
HCM01,Nhà Bè,38.0,28.91,0.002,19.5,10.94,6.9,00:30:00,2024-03-22
HCM01,Nhà Bè,38.0,28.79,-0.023,22.74,13.44,6.32,01:00:00,2024-03-22
HCM01,Nhà Bè,38.0,29.36,0.022,18.58,10.59,6.99,01:30:00,2024-03-22
HCM01,Nhà Bè,38.0,29.79,-0.004,20.7,11.57,7.31,02:00:00,2024-03-22
HCM01,Nhà Bè,38.0,31.02,0.021,23.06,14.25,7.06,02:30:00,2024-03-22
HCM01,Nhà Bè,38.0,28.92,0.072,14.23,10.82,6.66,03:00:00,2024-03-22
HCM01,Nhà Bè,38.0,31.37,0.073,22.81,12.5,7.19,03:30:00,2024-03-22
HCM01,Nhà Bè,38.0,29.19,0.015,12.38,11.95,6.91,04:00:00,2024-03-22
HCM01,Nhà Bè,38.0,29.88,0.06,17.32,11.63,6.35,04:30:00,2024-03-22
HCM01,Nhà Bè,38.0,28.15,0.053,18.76,10.83,7.0,05:00:00,2024-03-22
HCM01,Nhà Bè,38.0,30.72,0.063,22.4,11.31,7.53,05:30:00,2024-03-22
HCM01,Nhà Bè,38.0,30.24,0.079,17.73,11.29,7.11,06:00:00,2024-03-22
HCM01,Nhà Bè,38.0,28.7,0.061,15.01,11.4,6.41,06:30:00,2024-03-22
HCM01,Nhà Bè,38.0,28.08,0.053,10.8,11.22,6.4,07:00:00,2024-03-22
HCM01,Nhà Bè,38.0,30.29,0.096,24.32,12.88,6.74,07:30:00,2024-03-22
HCM01,Nhà Bè,38.0,29.28,0.064,22.42,12.68,7.13,08:00:00,2024-03-22
HCM01,Nhà Bè,38.0,29.27,0.047,17.2,9.67,7.63,08:30:00,2024-03-22
HCM01,Nhà Bè,38.0,32.01,0.023,13.98,11.92,6.78,09:00:00,2024-03-22
HCM01,Nhà Bè,38.0,30.29,0.073,16.53,12.18,7.58,09:30:00,2024-03-22
HCM01,Nhà Bè,38.0,27.86,0.04,22.16,11.95,6.74,10:00:00,2024-03-22
HCM01,Nhà Bè,38.0,29.5,0.045,16.7,11.35,6.5,10:30:00,2024-03-22
HCM01,Nhà Bè,38.0,31.46,0.042,12.22,8.47,6.49,11:00:00,2024-03-22
HCM01,Nhà Bè,38.0,29.39,0.02,17.94,10.22,6.98,11:30:00,2024-03-22
HCM01,Nhà Bè,38.0,30.6,-0.029,16.96,12.46,7.23,12:00:00,2024-03-22
HCM01,Nhà Bè,38.0,30.29,0.034,11.88,10.08,7.27,12:30:00,2024-03-22
HCM01,Nhà Bè,38.0,30.29,-0.013,17.4,11.33,5.91,13:00:00,2024-03-22
HCM01,Nhà Bè,38.0,30.24,-0.036,17.63,11.6,6.66,13:30:00,2024-03-22
HCM01,Nhà Bè,38.0,29.94,-0.006,17.57,11.96,7.53,14:00:00,2024-03-22
HCM01,Nhà Bè,38.0,28.92,-0.058,19.42,10.32,7.44,14:30:00,2024-03-22
HCM01,Nhà Bè,38.0,29.19,-0.04,14.09,11.77,7.21,15:00:00,2024-03-22
HCM01,Nhà Bè,38.0,29.9,-0.058,18.52,10.98,6.39,15:30:00,2024-03-22
HCM01,Nhà Bè,38.0,30.21,-0.052,14.08,9.3,7.28,16:00:00,2024-03-22
HCM01,Nhà Bè,38.0,30.63,-0.007,18.2,9.75,6.42,16:30:00,2024-03-22
HCM01,Nhà Bè,38.0,31.94,-0.08,15.68,8.92,6.49,17:00:00,2024-03-22
HCM01,Nhà Bè,38.0,30.02,-0.064,18.53,10.88,7.68,17:30:00,2024-03-22
HCM01,Nhà Bè,38.0,29.74,-0.039,17.42,9.19,6.93,18:00:00,2024-03-22
HCM01,Nhà Bè,38.0,30.7,-0.026,13.87,8.04,7.87,18:30:00,2024-03-22
HCM01,Nhà Bè,38.0,30.19,-0.074,12.92,8.99,6.8,19:00:00,2024-03-22
HCM01,Nhà Bè,38.0,31.24,-0.047,15.58,11.33,7.29,19:30:00,2024-03-22
HCM01,Nhà Bè,38.0,29.49,-0.039,14.39,9.7,7.68,20:00:00,2024-03-22
HCM01,Nhà Bè,38.0,29.83,-0.0,16.5,10.01,7.21,20:30:00,2024-03-22
HCM01,Nhà Bè,38.0,29.28,-0.053,12.71,8.69,7.72,21:00:00,2024-03-22
HCM01,Nhà Bè,38.0,30.38,-0.06,13.69,10.71,7.74,21:30:00,2024-03-22
HCM01,Nhà Bè,38.0,29.89,-0.001,17.63,10.15,7.41,22:00:00,2024-03-22
HCM01,Nhà Bè,38.0,29.71,-0.053,13.67,8.42,6.62,22:30:00,2024-03-22
HCM01,Nhà Bè,38.0,31.2,-0.008,14.79,8.81,7.46,23:00:00,2024-03-22
HCM01,Nhà Bè,38.0,28.99,-0.009,19.5,10.22,7.99,23:30:00,2024-03-22
HCM02,Cát Lái,58.0,29.03,-0.023,9.14,7.66,6.91,00:00:00,2024-03-23
HCM02,Cát Lái,58.0,30.65,-0.04,7.97,5.65,7.9,00:30:00,2024-03-23
HCM02,Cát Lái,58.0,29.75,0.013,10.86,6.62,8.04,01:00:00,2024-03-23
HCM02,Cát Lái,58.0,29.07,0.028,13.53,6.94,7.34,01:30:00,2024-03-23
HCM02,Cát Lái,58.0,30.11,0.059,12.77,8.62,6.71,02:00:00,2024-03-23
HCM02,Cát Lái,58.0,30.06,0.029,12.66,7.87,7.14,02:30:00,2024-03-23
HCM02,Cát Lái,58.0,30.08,0.0,11.92,7.83,7.57,03:00:00,2024-03-23
HCM02,Cát Lái,58.0,30.1,0.054,17.37,8.52,6.92,03:30:00,2024-03-23
HCM02,Cát Lái,58.0,28.52,-0.003,12.95,7.14,7.14,04:00:00,2024-03-23
HCM02,Cát Lái,58.0,29.67,0.022,11.28,7.72,6.83,04:30:00,2024-03-23
HCM02,Cát Lái,58.0,29.06,0.016,13.15,8.73,6.98,05:00:00,2024-03-23
HCM02,Cát Lái,58.0,29.96,0.026,18.75,9.73,7.37,05:30:00,2024-03-23
HCM02,Cát Lái,58.0,28.46,0.069,13.46,9.15,7.69,06:00:00,2024-03-23
HCM02,Cát Lái,58.0,29.67,0.031,16.29,8.76,6.79,06:30:00,2024-03-23
HCM02,Cát Lái,58.0,31.07,0.058,14.06,8.4,7.11,07:00:00,2024-03-23
HCM02,Cát Lái,58.0,30.52,0.105,12.91,6.84,6.52,07:30:00,2024-03-23
HCM02,Cát Lái,58.0,30.2,0.044,12.04,7.1,7.13,08:00:00,2024-03-23
HCM02,Cát Lái,58.0,31.25,0.036,10.45,7.05,6.28,08:30:00,2024-03-23
HCM02,Cát Lái,58.0,29.98,0.049,11.63,9.02,7.31,09:00:00,2024-03-23
HCM02,Cát Lái,58.0,29.62,0.038,12.43,7.71,7.7,09:30:00,2024-03-23
HCM02,Cát Lái,58.0,31.01,0.059,9.56,7.13,7.69,10:00:00,2024-03-23
HCM02,Cát Lái,58.0,29.21,-0.01,16.19,8.4,6.71,10:30:00,2024-03-23
HCM02,Cát Lái,58.0,29.15,0.019,10.86,7.84,6.08,11:00:00,2024-03-23
HCM02,Cát Lái,58.0,31.53,0.005,7.16,7.1,6.61,11:30:00,2024-03-23
HCM02,Cát Lái,58.0,28.03,-0.045,12.21,6.77,6.47,12:00:00,2024-03-23
HCM02,Cát Lái,58.0,29.31,0.001,11.06,7.1,7.66,12:30:00,2024-03-23
HCM02,Cát Lái,58.0,30.96,-0.032,10.72,6.04,6.48,13:00:00,2024-03-23
HCM02,Cát Lái,58.0,29.88,-0.02,10.8,6.66,7.32,13:30:00,2024-03-23
HCM02,Cát Lái,58.0,31.01,-0.056,12.15,7.45,7.5,14:00:00,2024-03-23
HCM02,Cát Lái,58.0,30.26,-0.024,13.08,7.74,7.76,14:30:00,2024-03-23
HCM02,Cát Lái,58.0,30.2,-0.032,8.3,6.65,7.88,15:00:00,2024-03-23
HCM02,Cát Lái,58.0,28.97,-0.076,8.62,6.77,7.36,15:30:00,2024-03-23
HCM02,Cát Lái,58.0,29.21,-0.061,11.96,6.94,6.67,16:00:00,2024-03-23
HCM02,Cát Lái,58.0,29.1,-0.043,9.81,6.21,6.42,16:30:00,2024-03-23
HCM02,Cát Lái,58.0,29.85,-0.126,9.66,6.34,7.41,17:00:00,2024-03-23
HCM02,Cát Lái,58.0,30.37,-0.02,7.3,6.06,7.34,17:30:00,2024-03-23
HCM02,Cát Lái,58.0,29.02,-0.106,9.15,6.28,7.51,18:00:00,2024-03-23
HCM02,Cát Lái,58.0,29.39,-0.031,8.04,6.32,6.67,18:30:00,2024-03-23
HCM02,Cát Lái,58.0,30.14,-0.092,12.61,6.67,6.55,19:00:00,2024-03-23
HCM02,Cát Lái,58.0,29.2,-0.068,9.34,5.72,7.24,19:30:00,2024-03-23
HCM02,Cát Lái,58.0,28.99,-0.077,8.31,5.97,6.72,20:00:00,2024-03-23
HCM02,Cát Lái,58.0,30.12,0.016,9.67,6.09,6.47,20:30:00,2024-03-23
HCM02,Cát Lái,58.0,30.62,-0.019,10.41,7.49,7.02,21:00:00,2024-03-23
HCM02,Cát Lái,58.0,30.76,-0.076,13.73,6.12,7.38,21:30:00,2024-03-23
HCM02,Cát Lái,58.0,30.77,0.012,8.59,7.54,7.13,22:00:00,2024-03-23
HCM02,Cát Lái,58.0,29.94,-0.029,11.99,7.35,8.0,22:30:00,2024-03-23
HCM02,Cát Lái,58.0,31.14,0.021,7.79,7.78,6.6,23:00:00,2024-03-23
HCM02,Cát Lái,58.0,29.7,0.017,11.33,7.76,7.25,23:30:00,2024-03-23
HCM04,Long Đại,80.0,30.44,-0.086,3.16,2.21,7.9,00:00:00,2024-03-23
HCM04,Long Đại,80.0,30.51,-0.014,2.04,1.34,6.83,00:30:00,2024-03-23
HCM04,Long Đại,80.0,30.02,0.026,2.43,1.46,7.32,01:00:00,2024-03-23
HCM04,Long Đại,80.0,29.88,0.025,4.69,2.34,8.16,01:30:00,2024-03-23
HCM04,Long Đại,80.0,29.8,0.042,3.22,1.69,7.46,02:00:00,2024-03-23
HCM04,Long Đại,80.0,30.65,0.055,3.34,2.05,7.49,02:30:00,2024-03-23
HCM04,Long Đại,80.0,31.56,0.029,3.23,1.87,8.58,03:00:00,2024-03-23
HCM04,Long Đại,80.0,29.73,0.053,3.55,2.11,7.66,03:30:00,2024-03-23
HCM04,Long Đại,80.0,29.41,0.022,2.84,2.37,6.96,04:00:00,2024-03-23
HCM04,Long Đại,80.0,29.91,0.1,3.13,1.82,7.4,04:30:00,2024-03-23
HCM04,Long Đại,80.0,29.38,0.078,4.68,2.6,8.24,05:00:00,2024-03-23
HCM04,Long Đại,80.0,29.51,0.015,3.08,2.66,7.37,05:30:00,2024-03-23
HCM04,Long Đại,80.0,30.54,-0.007,3.72,2.66,7.0,06:00:00,2024-03-23
HCM04,Long Đại,80.0,30.79,0.056,2.8,1.75,7.67,06:30:00,2024-03-23
HCM04,Long Đại,80.0,31.95,-0.004,3.54,1.88,7.53,07:00:00,2024-03-23
HCM04,Long Đại,80.0,29.7,0.028,2.48,1.51,6.89,07:30:00,2024-03-23
HCM04,Long Đại,80.0,29.5,0.051,3.99,2.27,8.11,08:00:00,2024-03-23
HCM04,Long Đại,80.0,30.84,0.039,4.19,2.62,6.65,08:30:00,2024-03-23
HCM04,Long Đại,80.0,29.61,0.108,2.81,1.79,7.21,09:00:00,2024-03-23
HCM04,Long Đại,80.0,30.39,0.017,3.11,1.85,7.12,09:30:00,2024-03-23
HCM04,Long Đại,80.0,31.31,0.026,4.25,2.17,8.07,10:00:00,2024-03-23
HCM04,Long Đại,80.0,30.92,0.07,2.31,2.36,6.92,10:30:00,2024-03-23
HCM04,Long Đại,80.0,30.47,0.004,3.66,2.2,8.37,11:00:00,2024-03-23
HCM04,Long Đại,80.0,32.59,0.026,3.39,1.95,7.17,11:30:00,2024-03-23
HCM04,Long Đại,80.0,29.83,-0.02,3.88,1.98,6.25,12:00:00,2024-03-23
HCM04,Long Đại,80.0,29.57,-0.017,3.69,2.12,6.77,12:30:00,2024-03-23
HCM04,Long Đại,80.0,30.36,-0.042,4.58,2.72,7.77,13:00:00,2024-03-23
HCM04,Long Đại,80.0,28.06,0.025,3.24,1.85,7.49,13:30:00,2024-03-23
HCM04,Long Đại,80.0,28.96,0.002,3.69,1.9,7.76,14:00:00,2024-03-23
HCM04,Long Đại,80.0,29.34,-0.011,2.75,1.57,8.23,14:30:00,2024-03-23
HCM04,Long Đại,80.0,27.82,-0.022,2.43,1.33,7.22,15:00:00,2024-03-23
HCM04,Long Đại,80.0,29.4,-0.065,2.51,1.57,7.34,15:30:00,2024-03-23
HCM04,Long Đại,80.0,30.56,-0.035,2.93,2.14,7.75,16:00:00,2024-03-23
HCM04,Long Đại,80.0,29.67,-0.005,2.85,2.16,8.09,16:30:00,2024-03-23
HCM04,Long Đại,80.0,29.15,-0.0,2.56,1.36,8.26,17:00:00,2024-03-23
HCM04,Long Đại,80.0,28.85,-0.012,2.34,1.35,8.01,17:30:00,2024-03-23
HCM04,Long Đại,80.0,30.16,-0.065,2.54,1.64,7.27,18:00:00,2024-03-23
HCM04,Long Đại,80.0,29.73,-0.084,3.59,2.1,7.03,18:30:00,2024-03-23
HCM04,Long Đại,80.0,29.54,-0.055,3.08,1.8,7.91,19:00:00,2024-03-23
HCM04,Long Đại,80.0,29.48,-0.073,3.36,1.85,6.8,19:30:00,2024-03-23
HCM04,Long Đại,80.0,29.71,-0.047,3.16,1.87,7.17,20:00:00,2024-03-23
HCM04,Long Đại,80.0,31.38,0.01,2.59,1.71,7.72,20:30:00,2024-03-23
HCM04,Long Đại,80.0,30.08,-0.051,3.02,1.91,7.76,21:00:00,2024-03-23
HCM04,Long Đại,80.0,29.82,-0.002,3.21,1.92,7.57,21:30:00,2024-03-23
HCM04,Long Đại,80.0,30.7,-0.05,2.69,1.76,7.39,22:00:00,2024-03-23
HCM04,Long Đại,80.0,29.53,0.006,2.76,1.64,7.07,22:30:00,2024-03-23
HCM04,Long Đại,80.0,29.19,0.013,2.04,1.58,6.76,23:00:00,2024-03-23
HCM04,Long Đại,80.0,31.13,-0.018,3.13,1.83,7.32,23:30:00,2024-03-23
HCM03,Lý Nhơn,7.0,30.8,0.001,28.2,18.02,6.9,00:00:00,2024-03-23
HCM03,Lý Nhơn,7.0,30.89,0.01,30.76,18.07,6.82,00:30:00,2024-03-23
HCM03,Lý Nhơn,7.0,28.35,0.123,30.63,17.35,6.48,01:00:00,2024-03-23
HCM03,Lý Nhơn,7.0,30.67,-0.054,25.37,14.28,7.98,01:30:00,2024-03-23
HCM03,Lý Nhơn,7.0,29.76,0.027,24.09,20.24,6.79,02:00:00,2024-03-23
HCM03,Lý Nhơn,7.0,29.91,0.008,50.01,20.16,6.96,02:30:00,2024-03-23
HCM03,Lý Nhơn,7.0,30.59,0.086,22.64,18.72,6.31,03:00:00,2024-03-23
HCM03,Lý Nhơn,7.0,30.22,0.059,42.02,24.63,5.9,03:30:00,2024-03-23
HCM03,Lý Nhơn,7.0,29.72,0.046,28.26,21.86,6.91,04:00:00,2024-03-23
HCM03,Lý Nhơn,7.0,30.39,0.066,29.99,17.28,7.22,04:30:00,2024-03-23
HCM03,Lý Nhơn,7.0,29.37,0.036,48.3,25.35,6.37,05:00:00,2024-03-23
HCM03,Lý Nhơn,7.0,29.86,0.048,30.31,21.09,7.38,05:30:00,2024-03-23
HCM03,Lý Nhơn,7.0,30.58,0.022,41.64,20.09,6.73,06:00:00,2024-03-23
HCM03,Lý Nhơn,7.0,29.54,0.093,30.89,19.15,6.59,06:30:00,2024-03-23
HCM03,Lý Nhơn,7.0,29.24,0.022,38.97,21.55,6.52,07:00:00,2024-03-23
HCM03,Lý Nhơn,7.0,29.29,0.035,37.96,22.13,7.44,07:30:00,2024-03-23
HCM03,Lý Nhơn,7.0,30.9,-0.001,40.8,23.79,6.34,08:00:00,2024-03-23
HCM03,Lý Nhơn,7.0,29.35,0.098,28.29,19.64,6.6,08:30:00,2024-03-23
HCM03,Lý Nhơn,7.0,28.47,0.013,46.56,19.24,7.2,09:00:00,2024-03-23
HCM03,Lý Nhơn,7.0,30.15,0.065,25.69,19.29,6.29,09:30:00,2024-03-23
HCM03,Lý Nhơn,7.0,28.89,0.011,26.09,15.3,6.78,10:00:00,2024-03-23
HCM03,Lý Nhơn,7.0,29.67,0.0,29.24,17.07,7.05,10:30:00,2024-03-23
HCM03,Lý Nhơn,7.0,30.47,0.053,34.43,19.84,6.87,11:00:00,2024-03-23
HCM03,Lý Nhơn,7.0,30.3,0.033,33.38,21.27,6.66,11:30:00,2024-03-23
HCM03,Lý Nhơn,7.0,30.3,-0.0,25.8,18.88,6.76,12:00:00,2024-03-23
HCM03,Lý Nhơn,7.0,30.04,0.011,20.95,13.61,7.49,12:30:00,2024-03-23
HCM03,Lý Nhơn,7.0,29.5,-0.055,20.73,15.07,6.81,13:00:00,2024-03-23
HCM03,Lý Nhơn,7.0,29.46,-0.036,31.46,16.64,7.59,13:30:00,2024-03-23
HCM03,Lý Nhơn,7.0,29.45,-0.053,26.1,14.22,7.34,14:00:00,2024-03-23
HCM03,Lý Nhơn,7.0,29.22,-0.005,21.12,18.27,6.6,14:30:00,2024-03-23
HCM03,Lý Nhơn,7.0,31.28,-0.05,28.69,17.37,7.07,15:00:00,2024-03-23
HCM03,Lý Nhơn,7.0,29.82,-0.04,20.77,14.5,5.96,15:30:00,2024-03-23
HCM03,Lý Nhơn,7.0,30.93,-0.017,19.84,14.52,6.37,16:00:00,2024-03-23
HCM03,Lý Nhơn,7.0,30.55,-0.096,22.63,14.5,6.46,16:30:00,2024-03-23
HCM03,Lý Nhơn,7.0,29.93,-0.069,20.74,13.52,6.37,17:00:00,2024-03-23
HCM03,Lý Nhơn,7.0,30.04,-0.094,23.06,15.21,6.57,17:30:00,2024-03-23
HCM03,Lý Nhơn,7.0,27.85,-0.036,23.81,12.48,6.89,18:00:00,2024-03-23
HCM03,Lý Nhơn,7.0,30.85,-0.058,18.33,16.25,6.49,18:30:00,2024-03-23
HCM03,Lý Nhơn,7.0,29.5,-0.072,26.45,15.94,6.73,19:00:00,2024-03-23
HCM03,Lý Nhơn,7.0,31.14,-0.057,21.76,15.22,7.14,19:30:00,2024-03-23
HCM03,Lý Nhơn,7.0,30.64,-0.042,23.06,15.9,7.4,20:00:00,2024-03-23
HCM03,Lý Nhơn,7.0,29.63,-0.045,22.97,14.92,6.23,20:30:00,2024-03-23
HCM03,Lý Nhơn,7.0,29.89,-0.05,25.27,15.77,6.05,21:00:00,2024-03-23
HCM03,Lý Nhơn,7.0,29.41,-0.01,27.5,16.98,6.53,21:30:00,2024-03-23
HCM03,Lý Nhơn,7.0,31.2,-0.058,27.92,18.14,6.75,22:00:00,2024-03-23
HCM03,Lý Nhơn,7.0,31.61,-0.013,30.01,15.57,7.03,22:30:00,2024-03-23
HCM03,Lý Nhơn,7.0,29.75,-0.008,23.85,18.0,6.67,23:00:00,2024-03-23
HCM03,Lý Nhơn,7.0,28.93,-0.002,31.79,21.04,7.07,23:30:00,2024-03-23
HCM01,Nhà Bè,38.0,30.84,0.043,18.62,10.01,7.02,00:00:00,2024-03-23
HCM01,Nhà Bè,38.0,29.01,-0.021,13.23,9.51,6.91,00:30:00,2024-03-23
HCM01,Nhà Bè,38.0,30.92,0.012,13.83,12.07,7.32,01:00:00,2024-03-23
HCM01,Nhà Bè,38.0,29.97,0.001,19.95,13.66,6.46,01:30:00,2024-03-23
HCM01,Nhà Bè,38.0,29.46,-0.013,19.88,11.79,6.64,02:00:00,2024-03-23
HCM01,Nhà Bè,38.0,30.51,0.02,16.78,10.73,7.58,02:30:00,2024-03-23
HCM01,Nhà Bè,38.0,30.91,0.065,23.78,12.78,6.9,03:00:00,2024-03-23
HCM01,Nhà Bè,38.0,30.36,0.027,23.7,11.6,7.01,03:30:00,2024-03-23
HCM01,Nhà Bè,38.0,29.77,0.017,19.73,13.9,6.44,04:00:00,2024-03-23
HCM01,Nhà Bè,38.0,29.77,0.027,17.36,11.51,7.29,04:30:00,2024-03-23
HCM01,Nhà Bè,38.0,29.63,0.055,14.61,12.7,7.7,05:00:00,2024-03-23
HCM01,Nhà Bè,38.0,30.05,0.07,17.08,11.31,6.94,05:30:00,2024-03-23
HCM01,Nhà Bè,38.0,29.7,0.013,27.36,14.66,6.13,06:00:00,2024-03-23
HCM01,Nhà Bè,38.0,31.37,0.064,21.23,13.4,7.27,06:30:00,2024-03-23
HCM01,Nhà Bè,38.0,30.24,0.088,21.44,12.58,6.75,07:00:00,2024-03-23
HCM01,Nhà Bè,38.0,30.76,0.045,26.05,12.55,7.08,07:30:00,2024-03-23
HCM01,Nhà Bè,38.0,30.35,0.027,14.52,12.35,7.13,08:00:00,2024-03-23
HCM01,Nhà Bè,38.0,30.19,-0.019,18.5,9.52,7.46,08:30:00,2024-03-23
HCM01,Nhà Bè,38.0,29.22,0.074,18.22,13.74,7.57,09:00:00,2024-03-23
HCM01,Nhà Bè,38.0,30.07,0.033,22.93,12.22,6.04,09:30:00,2024-03-23
HCM01,Nhà Bè,38.0,29.89,0.015,26.36,13.04,6.66,10:00:00,2024-03-23
HCM01,Nhà Bè,38.0,30.07,0.03,14.85,12.4,6.93,10:30:00,2024-03-23
HCM01,Nhà Bè,38.0,29.9,-0.008,12.9,10.52,7.18,11:00:00,2024-03-23
HCM01,Nhà Bè,38.0,28.98,-0.034,15.41,11.6,7.01,11:30:00,2024-03-23
HCM01,Nhà Bè,38.0,29.71,-0.02,11.92,10.97,6.41,12:00:00,2024-03-23
HCM01,Nhà Bè,38.0,30.11,0.031,20.57,12.6,6.51,12:30:00,2024-03-23
HCM01,Nhà Bè,38.0,31.47,-0.031,19.37,10.44,6.78,13:00:00,2024-03-23
HCM01,Nhà Bè,38.0,29.84,-0.05,16.69,10.77,7.16,13:30:00,2024-03-23
HCM01,Nhà Bè,38.0,30.79,-0.053,15.61,8.04,7.14,14:00:00,2024-03-23
HCM01,Nhà Bè,38.0,29.98,0.001,21.34,10.86,6.89,14:30:00,2024-03-23
HCM01,Nhà Bè,38.0,29.36,-0.023,15.79,9.61,7.25,15:00:00,2024-03-23
HCM01,Nhà Bè,38.0,30.93,-0.05,19.94,10.08,7.2,15:30:00,2024-03-23
HCM01,Nhà Bè,38.0,29.45,-0.031,16.3,8.64,6.35,16:00:00,2024-03-23
HCM01,Nhà Bè,38.0,28.85,-0.016,19.04,10.96,6.3,16:30:00,2024-03-23
HCM01,Nhà Bè,38.0,29.5,-0.081,16.13,10.33,5.7,17:00:00,2024-03-23
HCM01,Nhà Bè,38.0,30.54,-0.017,11.57,9.4,7.58,17:30:00,2024-03-23
HCM01,Nhà Bè,38.0,30.75,-0.029,20.87,11.12,6.28,18:00:00,2024-03-23
HCM01,Nhà Bè,38.0,28.61,-0.085,20.13,9.99,6.87,18:30:00,2024-03-23
HCM01,Nhà Bè,38.0,29.32,-0.094,16.05,9.3,7.25,19:00:00,2024-03-23
HCM01,Nhà Bè,38.0,29.29,-0.034,13.65,9.78,7.72,19:30:00,2024-03-23
HCM01,Nhà Bè,38.0,30.28,-0.124,15.2,9.64,6.97,20:00:00,2024-03-23
HCM01,Nhà Bè,38.0,30.39,-0.051,12.9,9.85,7.19,20:30:00,2024-03-23
HCM01,Nhà Bè,38.0,29.75,-0.019,15.39,10.42,6.81,21:00:00,2024-03-23
HCM01,Nhà Bè,38.0,28.46,-0.049,14.99,10.26,6.47,21:30:00,2024-03-23
HCM01,Nhà Bè,38.0,28.73,0.018,18.19,10.69,7.69,22:00:00,2024-03-23
HCM01,Nhà Bè,38.0,28.07,-0.012,13.52,9.69,7.5,22:30:00,2024-03-23
HCM01,Nhà Bè,38.0,30.55,0.001,19.8,12.67,7.02,23:00:00,2024-03-23
HCM01,Nhà Bè,38.0,29.39,0.02,15.74,10.8,7.62,23:30:00,2024-03-23
HCM02,Cát Lái,58.0,30.14,-0.005,14.45,7.41,6.07,00:00:00,2024-03-24
HCM02,Cát Lái,58.0,30.9,-0.011,9.83,7.73,7.68,00:30:00,2024-03-24
HCM02,Cát Lái,58.0,28.71,0.038,12.72,8.37,7.65,01:00:00,2024-03-24
HCM02,Cát Lái,58.0,29.29,0.069,10.17,8.67,7.38,01:30:00,2024-03-24
HCM02,Cát Lái,58.0,30.22,0.008,11.31,8.32,7.1,02:00:00,2024-03-24
HCM02,Cát Lái,58.0,29.58,0.062,14.47,8.78,6.65,02:30:00,2024-03-24
HCM02,Cát Lái,58.0,29.94,-0.005,10.68,7.76,6.68,03:00:00,2024-03-24
HCM02,Cát Lái,58.0,28.1,0.038,11.99,7.48,7.02,03:30:00,2024-03-24
HCM02,Cát Lái,58.0,27.65,0.068,15.54,9.27,6.51,04:00:00,2024-03-24
HCM02,Cát Lái,58.0,30.39,0.059,14.16,8.62,8.53,04:30:00,2024-03-24
HCM02,Cát Lái,58.0,31.33,0.027,9.53,7.6,6.37,05:00:00,2024-03-24
HCM02,Cát Lái,58.0,30.32,0.042,16.4,10.26,6.88,05:30:00,2024-03-24
HCM02,Cát Lái,58.0,28.76,0.071,9.92,9.25,6.46,06:00:00,2024-03-24
HCM02,Cát Lái,58.0,28.47,0.0,18.73,10.14,6.94,06:30:00,2024-03-24
HCM02,Cát Lái,58.0,29.9,0.037,9.89,7.47,8.13,07:00:00,2024-03-24
HCM02,Cát Lái,58.0,29.31,0.061,13.38,9.81,7.12,07:30:00,2024-03-24
HCM02,Cát Lái,58.0,31.35,0.031,14.2,8.49,6.78,08:00:00,2024-03-24
HCM02,Cát Lái,58.0,27.12,0.048,11.05,8.47,7.12,08:30:00,2024-03-24
HCM02,Cát Lái,58.0,29.49,0.06,11.48,8.9,7.74,09:00:00,2024-03-24
HCM02,Cát Lái,58.0,28.74,0.001,13.82,8.46,7.57,09:30:00,2024-03-24
HCM02,Cát Lái,58.0,30.49,0.037,13.27,8.22,6.66,10:00:00,2024-03-24
HCM02,Cát Lái,58.0,30.79,0.047,13.75,10.08,7.21,10:30:00,2024-03-24
HCM02,Cát Lái,58.0,29.73,-0.034,14.5,9.68,6.43,11:00:00,2024-03-24
HCM02,Cát Lái,58.0,30.98,0.037,11.37,7.49,7.26,11:30:00,2024-03-24
HCM02,Cát Lái,58.0,30.82,0.014,10.31,6.28,6.62,12:00:00,2024-03-24
HCM02,Cát Lái,58.0,29.75,-0.033,14.69,8.43,6.72,12:30:00,2024-03-24
HCM02,Cát Lái,58.0,30.07,-0.034,12.87,7.48,6.73,13:00:00,2024-03-24
HCM02,Cát Lái,58.0,28.58,-0.039,13.55,8.25,6.5,13:30:00,2024-03-24
HCM02,Cát Lái,58.0,30.33,-0.048,8.51,7.2,7.05,14:00:00,2024-03-24
HCM02,Cát Lái,58.0,30.57,-0.014,9.86,7.39,7.72,14:30:00,2024-03-24
HCM02,Cát Lái,58.0,30.06,-0.098,17.3,8.31,7.52,15:00:00,2024-03-24
HCM02,Cát Lái,58.0,31.16,-0.074,11.39,6.83,6.89,15:30:00,2024-03-24
HCM02,Cát Lái,58.0,29.92,-0.049,11.29,7.84,7.74,16:00:00,2024-03-24
HCM02,Cát Lái,58.0,29.27,-0.019,10.13,7.57,7.09,16:30:00,2024-03-24
HCM02,Cát Lái,58.0,30.08,-0.031,10.7,6.37,7.96,17:00:00,2024-03-24
HCM02,Cát Lái,58.0,30.24,-0.008,11.24,6.77,6.56,17:30:00,2024-03-24
HCM02,Cát Lái,58.0,28.63,-0.055,7.48,6.52,7.76,18:00:00,2024-03-24
HCM02,Cát Lái,58.0,29.53,-0.055,7.93,6.26,8.47,18:30:00,2024-03-24
HCM02,Cát Lái,58.0,30.4,-0.048,12.24,7.72,7.12,19:00:00,2024-03-24
HCM02,Cát Lái,58.0,30.11,-0.031,10.96,7.01,7.39,19:30:00,2024-03-24
HCM02,Cát Lái,58.0,29.16,-0.033,10.03,6.49,7.3,20:00:00,2024-03-24
HCM02,Cát Lái,58.0,30.85,-0.051,11.03,7.22,7.48,20:30:00,2024-03-24
HCM02,Cát Lái,58.0,30.78,-0.01,9.2,6.15,7.47,21:00:00,2024-03-24
HCM02,Cát Lái,58.0,29.52,-0.06,7.35,5.52,8.08,21:30:00,2024-03-24
HCM02,Cát Lái,58.0,30.72,0.023,9.35,8.56,7.66,22:00:00,2024-03-24
HCM02,Cát Lái,58.0,30.1,-0.005,13.06,8.46,7.49,22:30:00,2024-03-24
HCM02,Cát Lái,58.0,29.49,0.032,14.55,7.71,6.94,23:00:00,2024-03-24
HCM02,Cát Lái,58.0,30.86,-0.011,11.89,6.95,7.88,23:30:00,2024-03-24
HCM04,Long Đại,80.0,30.93,-0.007,3.55,1.95,7.3,00:00:00,2024-03-24
HCM04,Long Đại,80.0,30.59,0.026,4.0,2.2,8.1,00:30:00,2024-03-24
HCM04,Long Đại,80.0,30.11,-0.046,4.33,2.48,7.44,01:00:00,2024-03-24
HCM04,Long Đại,80.0,29.58,0.019,3.47,2.13,8.05,01:30:00,2024-03-24
HCM04,Long Đại,80.0,30.39,0.033,4.05,2.48,6.84,02:00:00,2024-03-24
HCM04,Long Đại,80.0,31.33,0.013,2.19,1.87,8.21,02:30:00,2024-03-24
HCM04,Long Đại,80.0,30.12,0.005,4.35,2.81,6.85,03:00:00,2024-03-24
HCM04,Long Đại,80.0,30.31,0.048,4.37,2.61,6.95,03:30:00,2024-03-24
HCM04,Long Đại,80.0,29.27,0.041,3.77,2.41,7.86,04:00:00,2024-03-24
HCM04,Long Đại,80.0,31.28,0.028,2.67,2.19,7.51,04:30:00,2024-03-24
HCM04,Long Đại,80.0,30.72,-0.001,3.71,2.79,6.69,05:00:00,2024-03-24
HCM04,Long Đại,80.0,30.92,0.105,3.41,2.38,7.15,05:30:00,2024-03-24
HCM04,Long Đại,80.0,30.75,0.007,4.0,2.98,7.61,06:00:00,2024-03-24
HCM04,Long Đại,80.0,29.93,0.06,3.61,2.58,7.74,06:30:00,2024-03-24
HCM04,Long Đại,80.0,30.39,0.065,4.37,2.63,6.82,07:00:00,2024-03-24
HCM04,Long Đại,80.0,29.34,0.019,3.99,2.28,7.36,07:30:00,2024-03-24
HCM04,Long Đại,80.0,30.49,0.029,3.19,1.85,7.37,08:00:00,2024-03-24
HCM04,Long Đại,80.0,28.87,0.002,2.63,2.32,7.23,08:30:00,2024-03-24
HCM04,Long Đại,80.0,30.14,-0.028,3.46,2.07,7.29,09:00:00,2024-03-24
HCM04,Long Đại,80.0,30.64,0.069,3.71,2.18,7.51,09:30:00,2024-03-24
HCM04,Long Đại,80.0,30.25,0.016,3.3,2.16,7.15,10:00:00,2024-03-24
HCM04,Long Đại,80.0,28.74,0.023,3.88,1.91,6.71,10:30:00,2024-03-24
HCM04,Long Đại,80.0,30.38,0.027,2.17,1.46,7.23,11:00:00,2024-03-24
HCM04,Long Đại,80.0,30.43,-0.066,4.61,2.46,7.6,11:30:00,2024-03-24
HCM04,Long Đại,80.0,30.43,-0.024,2.93,2.45,7.4,12:00:00,2024-03-24
HCM04,Long Đại,80.0,29.82,0.019,3.22,1.57,6.53,12:30:00,2024-03-24
HCM04,Long Đại,80.0,30.43,-0.012,3.03,1.66,6.29,13:00:00,2024-03-24
HCM04,Long Đại,80.0,30.25,-0.008,2.54,1.89,7.94,13:30:00,2024-03-24
HCM04,Long Đại,80.0,29.53,0.013,2.59,1.74,7.65,14:00:00,2024-03-24
HCM04,Long Đại,80.0,29.16,-0.058,2.72,1.64,7.63,14:30:00,2024-03-24
HCM04,Long Đại,80.0,29.41,-0.027,2.96,1.8,7.22,15:00:00,2024-03-24
HCM04,Long Đại,80.0,29.45,-0.052,3.09,1.74,8.08,15:30:00,2024-03-24
HCM04,Long Đại,80.0,29.76,-0.035,3.25,1.98,7.33,16:00:00,2024-03-24
HCM04,Long Đại,80.0,29.18,-0.089,2.56,1.67,7.95,16:30:00,2024-03-24
HCM04,Long Đại,80.0,29.51,-0.067,2.92,1.51,6.88,17:00:00,2024-03-24
HCM04,Long Đại,80.0,29.3,-0.04,2.55,1.53,7.33,17:30:00,2024-03-24
HCM04,Long Đại,80.0,29.9,-0.083,4.17,2.24,6.68,18:00:00,2024-03-24
HCM04,Long Đại,80.0,30.27,-0.053,2.59,1.72,7.03,18:30:00,2024-03-24
HCM04,Long Đại,80.0,31.98,-0.016,3.7,2.15,7.77,19:00:00,2024-03-24
HCM04,Long Đại,80.0,29.68,-0.028,3.92,2.27,7.78,19:30:00,2024-03-24
HCM04,Long Đại,80.0,30.67,-0.075,2.53,1.77,7.31,20:00:00,2024-03-24
HCM04,Long Đại,80.0,30.66,-0.093,3.28,2.21,7.71,20:30:00,2024-03-24
HCM04,Long Đại,80.0,30.33,-0.065,3.6,2.11,6.62,21:00:00,2024-03-24
HCM04,Long Đại,80.0,29.15,-0.044,3.05,2.02,7.68,21:30:00,2024-03-24
HCM04,Long Đại,80.0,30.24,-0.04,3.05,1.82,7.16,22:00:00,2024-03-24
HCM04,Long Đại,80.0,29.0,0.016,3.61,2.1,7.37,22:30:00,2024-03-24
HCM04,Long Đại,80.0,30.71,-0.042,2.85,2.16,7.34,23:00:00,2024-03-24
HCM04,Long Đại,80.0,29.74,-0.099,3.37,1.8,7.29,23:30:00,2024-03-24
HCM03,Lý Nhơn,7.0,29.56,0.011,23.98,17.53,6.35,00:00:00,2024-03-24
HCM03,Lý Nhơn,7.0,28.52,-0.016,34.07,20.44,7.26,00:30:00,2024-03-24
HCM03,Lý Nhơn,7.0,29.16,0.013,32.46,20.61,6.65,01:00:00,2024-03-24
HCM03,Lý Nhơn,7.0,29.63,-0.033,28.89,22.81,5.88,01:30:00,2024-03-24
HCM03,Lý Nhơn,7.0,30.86,0.083,39.03,23.52,6.09,02:00:00,2024-03-24
HCM03,Lý Nhơn,7.0,28.75,-0.011,30.27,17.17,6.99,02:30:00,2024-03-24
HCM03,Lý Nhơn,7.0,30.08,0.064,36.34,21.6,7.01,03:00:00,2024-03-24
HCM03,Lý Nhơn,7.0,28.91,0.049,50.42,27.33,6.79,03:30:00,2024-03-24
HCM03,Lý Nhơn,7.0,29.27,0.064,34.79,21.96,6.53,04:00:00,2024-03-24
HCM03,Lý Nhơn,7.0,31.04,0.046,32.96,21.77,6.69,04:30:00,2024-03-24
HCM03,Lý Nhơn,7.0,29.67,0.039,29.72,18.43,7.38,05:00:00,2024-03-24
HCM03,Lý Nhơn,7.0,30.9,0.052,54.11,26.31,6.86,05:30:00,2024-03-24
HCM03,Lý Nhơn,7.0,29.88,0.027,44.57,22.89,6.34,06:00:00,2024-03-24
HCM03,Lý Nhơn,7.0,30.7,0.105,39.21,21.4,6.11,06:30:00,2024-03-24
HCM03,Lý Nhơn,7.0,30.78,0.061,37.64,25.11,5.91,07:00:00,2024-03-24
HCM03,Lý Nhơn,7.0,29.4,0.088,46.48,23.92,6.83,07:30:00,2024-03-24
HCM03,Lý Nhơn,7.0,30.56,0.056,36.99,23.1,7.18,08:00:00,2024-03-24
HCM03,Lý Nhơn,7.0,31.01,0.017,41.48,26.36,6.2,08:30:00,2024-03-24
HCM03,Lý Nhơn,7.0,29.12,0.016,42.27,24.46,6.4,09:00:00,2024-03-24
HCM03,Lý Nhơn,7.0,29.01,0.05,29.13,15.45,6.78,09:30:00,2024-03-24
HCM03,Lý Nhơn,7.0,30.57,-0.0,29.57,22.0,7.02,10:00:00,2024-03-24
HCM03,Lý Nhơn,7.0,30.67,0.032,38.49,21.61,6.87,10:30:00,2024-03-24
HCM03,Lý Nhơn,7.0,29.16,-0.04,41.57,23.51,6.03,11:00:00,2024-03-24
HCM03,Lý Nhơn,7.0,29.28,0.023,33.13,20.93,8.07,11:30:00,2024-03-24
HCM03,Lý Nhơn,7.0,30.25,-0.05,20.06,16.16,7.02,12:00:00,2024-03-24
HCM03,Lý Nhơn,7.0,29.3,-0.033,39.51,21.84,7.62,12:30:00,2024-03-24
HCM03,Lý Nhơn,7.0,29.55,-0.004,26.4,21.14,6.28,13:00:00,2024-03-24
HCM03,Lý Nhơn,7.0,30.63,-0.014,32.92,20.6,7.88,13:30:00,2024-03-24
HCM03,Lý Nhơn,7.0,28.43,-0.042,27.92,16.93,6.67,14:00:00,2024-03-24
HCM03,Lý Nhơn,7.0,30.05,-0.019,29.92,17.94,6.81,14:30:00,2024-03-24
HCM03,Lý Nhơn,7.0,29.98,0.026,27.57,16.42,7.62,15:00:00,2024-03-24
HCM03,Lý Nhơn,7.0,29.55,-0.027,27.44,18.81,7.6,15:30:00,2024-03-24
HCM03,Lý Nhơn,7.0,30.33,-0.034,25.51,14.04,6.74,16:00:00,2024-03-24
HCM03,Lý Nhơn,7.0,30.61,-0.083,23.02,15.43,6.72,16:30:00,2024-03-24
HCM03,Lý Nhơn,7.0,29.89,-0.091,28.67,15.67,6.12,17:00:00,2024-03-24
HCM03,Lý Nhơn,7.0,29.81,-0.06,21.9,15.23,6.1,17:30:00,2024-03-24
HCM03,Lý Nhơn,7.0,29.16,-0.064,24.58,15.13,6.27,18:00:00,2024-03-24
HCM03,Lý Nhơn,7.0,31.07,-0.088,27.72,16.89,7.79,18:30:00,2024-03-24
HCM03,Lý Nhơn,7.0,30.14,-0.076,24.21,18.3,7.42,19:00:00,2024-03-24
HCM03,Lý Nhơn,7.0,31.38,0.004,25.63,16.94,6.38,19:30:00,2024-03-24
HCM03,Lý Nhơn,7.0,29.11,-0.051,24.56,13.97,6.92,20:00:00,2024-03-24
HCM03,Lý Nhơn,7.0,29.91,-0.056,27.37,21.12,6.32,20:30:00,2024-03-24
HCM03,Lý Nhơn,7.0,30.37,-0.046,28.0,17.57,6.69,21:00:00,2024-03-24
HCM03,Lý Nhơn,7.0,30.77,-0.062,33.89,15.96,5.94,21:30:00,2024-03-24
HCM03,Lý Nhơn,7.0,28.53,0.03,40.89,20.17,6.39,22:00:00,2024-03-24
HCM03,Lý Nhơn,7.0,30.22,-0.028,32.68,22.46,7.04,22:30:00,2024-03-24
HCM03,Lý Nhơn,7.0,29.45,0.034,35.15,23.03,6.71,23:00:00,2024-03-24
HCM03,Lý Nhơn,7.0,30.19,-0.007,31.52,20.04,7.05,23:30:00,2024-03-24
HCM01,Nhà Bè,38.0,30.48,0.008,20.45,11.74,7.37,00:00:00,2024-03-24
HCM01,Nhà Bè,38.0,29.67,0.065,26.8,12.49,7.22,00:30:00,2024-03-24
HCM01,Nhà Bè,38.0,29.92,0.019,21.54,13.11,6.78,01:00:00,2024-03-24
HCM01,Nhà Bè,38.0,30.24,0.075,20.18,13.11,8.02,01:30:00,2024-03-24
HCM01,Nhà Bè,38.0,28.72,0.017,22.74,14.59,6.64,02:00:00,2024-03-24
HCM01,Nhà Bè,38.0,29.71,-0.003,20.83,13.03,7.59,02:30:00,2024-03-24
HCM01,Nhà Bè,38.0,29.8,0.032,28.07,14.98,8.2,03:00:00,2024-03-24
HCM01,Nhà Bè,38.0,30.24,0.064,24.02,16.0,7.5,03:30:00,2024-03-24
HCM01,Nhà Bè,38.0,29.62,-0.033,20.44,15.09,6.64,04:00:00,2024-03-24
HCM01,Nhà Bè,38.0,30.62,0.056,22.84,14.61,7.22,04:30:00,2024-03-24
HCM01,Nhà Bè,38.0,29.06,0.043,19.38,12.88,7.29,05:00:00,2024-03-24
HCM01,Nhà Bè,38.0,30.45,0.096,19.4,11.54,7.09,05:30:00,2024-03-24
HCM01,Nhà Bè,38.0,28.75,0.072,18.55,12.67,7.37,06:00:00,2024-03-24
HCM01,Nhà Bè,38.0,28.51,0.078,21.82,13.87,6.57,06:30:00,2024-03-24
HCM01,Nhà Bè,38.0,29.8,0.013,24.48,12.68,6.83,07:00:00,2024-03-24
HCM01,Nhà Bè,38.0,30.55,0.039,28.1,14.09,7.0,07:30:00,2024-03-24
HCM01,Nhà Bè,38.0,27.96,0.055,26.61,15.94,6.68,08:00:00,2024-03-24
HCM01,Nhà Bè,38.0,29.08,0.052,29.32,15.12,6.85,08:30:00,2024-03-24
HCM01,Nhà Bè,38.0,29.62,0.012,16.98,12.31,7.18,09:00:00,2024-03-24
HCM01,Nhà Bè,38.0,30.53,0.082,19.93,12.22,7.35,09:30:00,2024-03-24
HCM01,Nhà Bè,38.0,29.99,0.014,16.96,13.56,8.18,10:00:00,2024-03-24
HCM01,Nhà Bè,38.0,30.24,0.067,22.24,13.04,7.22,10:30:00,2024-03-24
HCM01,Nhà Bè,38.0,30.38,0.055,20.11,11.04,7.67,11:00:00,2024-03-24
HCM01,Nhà Bè,38.0,29.11,0.076,23.0,12.01,6.5,11:30:00,2024-03-24
HCM01,Nhà Bè,38.0,30.53,-0.026,18.87,12.25,6.91,12:00:00,2024-03-24
HCM01,Nhà Bè,38.0,30.41,-0.036,17.44,11.89,7.62,12:30:00,2024-03-24
HCM01,Nhà Bè,38.0,30.25,-0.013,20.05,10.66,8.42,13:00:00,2024-03-24
HCM01,Nhà Bè,38.0,31.0,-0.036,20.4,11.99,6.84,13:30:00,2024-03-24
HCM01,Nhà Bè,38.0,30.15,-0.067,22.7,12.0,6.47,14:00:00,2024-03-24
HCM01,Nhà Bè,38.0,30.22,0.002,25.62,12.89,6.99,14:30:00,2024-03-24
HCM01,Nhà Bè,38.0,31.31,-0.022,16.62,11.23,7.96,15:00:00,2024-03-24
HCM01,Nhà Bè,38.0,31.0,-0.015,17.39,10.53,7.6,15:30:00,2024-03-24
HCM01,Nhà Bè,38.0,29.62,-0.009,17.08,10.0,7.64,16:00:00,2024-03-24
HCM01,Nhà Bè,38.0,29.36,-0.073,15.54,9.97,6.56,16:30:00,2024-03-24
HCM01,Nhà Bè,38.0,29.55,-0.072,17.7,9.18,7.55,17:00:00,2024-03-24
HCM01,Nhà Bè,38.0,29.19,-0.017,15.86,8.69,6.71,17:30:00,2024-03-24
HCM01,Nhà Bè,38.0,29.3,-0.045,16.41,9.91,6.4,18:00:00,2024-03-24
HCM01,Nhà Bè,38.0,30.4,-0.039,20.78,11.0,6.61,18:30:00,2024-03-24
HCM01,Nhà Bè,38.0,30.94,-0.124,13.41,9.57,6.69,19:00:00,2024-03-24
HCM01,Nhà Bè,38.0,30.28,0.008,18.79,10.87,6.22,19:30:00,2024-03-24
HCM01,Nhà Bè,38.0,29.76,-0.007,11.75,8.83,6.72,20:00:00,2024-03-24
HCM01,Nhà Bè,38.0,29.66,-0.035,16.23,9.35,7.29,20:30:00,2024-03-24
HCM01,Nhà Bè,38.0,29.15,-0.04,20.39,9.58,7.01,21:00:00,2024-03-24
HCM01,Nhà Bè,38.0,30.95,-0.038,19.57,10.18,6.68,21:30:00,2024-03-24
HCM01,Nhà Bè,38.0,29.58,-0.033,20.17,13.33,6.74,22:00:00,2024-03-24
HCM01,Nhà Bè,38.0,29.85,-0.021,17.25,10.63,7.7,22:30:00,2024-03-24
HCM01,Nhà Bè,38.0,30.23,-0.058,13.41,10.66,7.62,23:00:00,2024-03-24
HCM01,Nhà Bè,38.0,30.76,0.019,13.12,11.86,7.47,23:30:00,2024-03-24
HCM02,Cát Lái,58.0,31.13,-0.014,15.74,8.68,7.47,00:00:00,2024-03-25
HCM02,Cát Lái,58.0,29.66,0.051,9.25,5.76,7.14,00:30:00,2024-03-25
HCM02,Cát Lái,58.0,28.94,0.018,18.56,8.84,6.17,01:00:00,2024-03-25
HCM02,Cát Lái,58.0,29.82,-0.0,11.06,8.36,7.88,01:30:00,2024-03-25
HCM02,Cát Lái,58.0,31.48,0.075,11.96,7.97,6.95,02:00:00,2024-03-25
HCM02,Cát Lái,58.0,29.31,0.042,10.59,10.0,6.13,02:30:00,2024-03-25
HCM02,Cát Lái,58.0,30.5,0.014,19.79,9.84,7.35,03:00:00,2024-03-25
HCM02,Cát Lái,58.0,30.98,0.105,14.8,9.34,6.24,03:30:00,2024-03-25
HCM02,Cát Lái,58.0,31.82,0.072,11.71,9.88,7.14,04:00:00,2024-03-25
HCM02,Cát Lái,58.0,30.11,0.023,12.35,7.86,7.64,04:30:00,2024-03-25
HCM02,Cát Lái,58.0,30.48,0.081,21.88,11.3,7.11,05:00:00,2024-03-25
HCM02,Cát Lái,58.0,32.1,0.001,14.86,8.81,6.36,05:30:00,2024-03-25
HCM02,Cát Lái,58.0,30.5,0.049,13.68,7.48,6.79,06:00:00,2024-03-25
HCM02,Cát Lái,58.0,30.21,0.084,12.68,9.69,6.63,06:30:00,2024-03-25
HCM02,Cát Lái,58.0,29.49,0.051,13.84,8.99,7.83,07:00:00,2024-03-25
HCM02,Cát Lái,58.0,29.88,0.009,12.84,7.7,6.79,07:30:00,2024-03-25
HCM02,Cát Lái,58.0,29.73,0.062,15.17,8.06,8.05,08:00:00,2024-03-25
HCM02,Cát Lái,58.0,29.58,0.05,12.02,8.76,6.57,08:30:00,2024-03-25
HCM02,Cát Lái,58.0,28.2,0.008,12.63,8.3,7.29,09:00:00,2024-03-25
HCM02,Cát Lái,58.0,30.39,0.047,17.55,10.09,7.13,09:30:00,2024-03-25
HCM02,Cát Lái,58.0,29.08,0.029,14.14,9.72,6.35,10:00:00,2024-03-25
HCM02,Cát Lái,58.0,30.3,0.008,12.33,7.25,7.57,10:30:00,2024-03-25
HCM02,Cát Lái,58.0,29.48,0.068,13.3,8.75,6.28,11:00:00,2024-03-25
HCM02,Cát Lái,58.0,30.25,0.047,12.34,9.02,7.31,11:30:00,2024-03-25
HCM02,Cát Lái,58.0,30.52,-0.008,13.0,7.76,7.19,12:00:00,2024-03-25
HCM02,Cát Lái,58.0,30.78,-0.015,10.09,8.21,7.18,12:30:00,2024-03-25
HCM02,Cát Lái,58.0,28.78,-0.03,10.73,8.26,7.24,13:00:00,2024-03-25
HCM02,Cát Lái,58.0,29.59,-0.012,13.88,8.44,6.49,13:30:00,2024-03-25
HCM02,Cát Lái,58.0,30.61,-0.043,8.62,6.34,7.76,14:00:00,2024-03-25
HCM02,Cát Lái,58.0,29.65,-0.045,12.87,7.69,6.93,14:30:00,2024-03-25
HCM02,Cát Lái,58.0,31.75,-0.068,10.42,5.84,6.75,15:00:00,2024-03-25
HCM02,Cát Lái,58.0,30.03,0.02,7.56,5.91,6.85,15:30:00,2024-03-25
HCM02,Cát Lái,58.0,31.39,-0.059,9.74,7.44,7.25,16:00:00,2024-03-25
HCM02,Cát Lái,58.0,29.9,0.036,11.57,7.26,7.29,16:30:00,2024-03-25
HCM02,Cát Lái,58.0,29.54,-0.068,12.42,7.37,7.35,17:00:00,2024-03-25
HCM02,Cát Lái,58.0,30.28,-0.003,9.81,6.21,7.18,17:30:00,2024-03-25
HCM02,Cát Lái,58.0,29.86,-0.04,8.48,5.88,6.92,18:00:00,2024-03-25
HCM02,Cát Lái,58.0,30.17,-0.047,14.64,7.51,7.32,18:30:00,2024-03-25
HCM02,Cát Lái,58.0,30.38,-0.058,11.72,7.16,7.04,19:00:00,2024-03-25
HCM02,Cát Lái,58.0,30.75,-0.008,11.94,7.7,7.53,19:30:00,2024-03-25
HCM02,Cát Lái,58.0,28.48,-0.032,11.86,7.7,6.68,20:00:00,2024-03-25
HCM02,Cát Lái,58.0,29.97,-0.017,7.35,6.19,7.29,20:30:00,2024-03-25
HCM02,Cát Lái,58.0,31.17,-0.054,10.73,6.24,7.6,21:00:00,2024-03-25
HCM02,Cát Lái,58.0,30.97,-0.035,9.5,8.44,8.05,21:30:00,2024-03-25
HCM02,Cát Lái,58.0,29.53,-0.014,14.56,7.71,7.84,22:00:00,2024-03-25
HCM02,Cát Lái,58.0,29.74,-0.085,10.64,7.63,7.12,22:30:00,2024-03-25
HCM02,Cát Lái,58.0,30.27,0.06,10.41,7.26,6.55,23:00:00,2024-03-25
HCM02,Cát Lái,58.0,29.09,-0.036,7.97,6.64,7.47,23:30:00,2024-03-25
HCM04,Long Đại,80.0,30.29,0.008,3.69,2.07,8.21,00:00:00,2024-03-25
HCM04,Long Đại,80.0,29.49,-0.04,3.62,2.47,7.07,00:30:00,2024-03-25
HCM04,Long Đại,80.0,28.71,-0.041,3.62,2.22,6.89,01:00:00,2024-03-25
HCM04,Long Đại,80.0,30.95,0.003,3.94,2.34,7.96,01:30:00,2024-03-25
HCM04,Long Đại,80.0,29.59,0.044,4.17,2.73,7.3,02:00:00,2024-03-25
HCM04,Long Đại,80.0,30.58,-0.007,4.11,2.82,7.17,02:30:00,2024-03-25
HCM04,Long Đại,80.0,28.04,0.012,3.08,2.44,7.49,03:00:00,2024-03-25
HCM04,Long Đại,80.0,30.29,0.038,3.54,2.15,7.13,03:30:00,2024-03-25
HCM04,Long Đại,80.0,31.34,0.014,4.14,2.52,7.28,04:00:00,2024-03-25
HCM04,Long Đại,80.0,29.81,0.01,4.64,2.54,7.4,04:30:00,2024-03-25
HCM04,Long Đại,80.0,29.44,0.086,3.06,2.18,7.63,05:00:00,2024-03-25
HCM04,Long Đại,80.0,28.65,0.051,4.83,2.3,7.28,05:30:00,2024-03-25
HCM04,Long Đại,80.0,29.29,0.051,2.73,1.93,7.71,06:00:00,2024-03-25
HCM04,Long Đại,80.0,29.4,0.056,5.18,2.52,6.8,06:30:00,2024-03-25
HCM04,Long Đại,80.0,31.19,0.026,3.71,2.0,8.96,07:00:00,2024-03-25
HCM04,Long Đại,80.0,29.2,0.042,2.9,2.6,7.66,07:30:00,2024-03-25
HCM04,Long Đại,80.0,30.53,0.06,4.96,3.22,7.8,08:00:00,2024-03-25
HCM04,Long Đại,80.0,29.23,0.036,4.65,2.43,7.22,08:30:00,2024-03-25
HCM04,Long Đại,80.0,30.23,0.029,4.56,3.0,8.19,09:00:00,2024-03-25
HCM04,Long Đại,80.0,30.92,-0.012,5.21,2.97,7.81,09:30:00,2024-03-25
HCM04,Long Đại,80.0,30.36,0.002,2.38,2.05,6.76,10:00:00,2024-03-25
HCM04,Long Đại,80.0,28.72,0.072,5.23,3.02,7.16,10:30:00,2024-03-25
HCM04,Long Đại,80.0,29.54,0.007,4.14,2.1,7.25,11:00:00,2024-03-25
HCM04,Long Đại,80.0,30.1,0.006,3.65,2.39,7.37,11:30:00,2024-03-25
HCM04,Long Đại,80.0,27.55,-0.009,3.63,2.01,6.89,12:00:00,2024-03-25
HCM04,Long Đại,80.0,31.2,0.022,3.42,2.05,7.73,12:30:00,2024-03-25
HCM04,Long Đại,80.0,30.27,0.029,1.98,1.66,7.36,13:00:00,2024-03-25
HCM04,Long Đại,80.0,30.38,-0.049,2.87,2.04,7.08,13:30:00,2024-03-25
HCM04,Long Đại,80.0,30.07,-0.022,4.13,2.18,7.6,14:00:00,2024-03-25
HCM04,Long Đại,80.0,28.73,0.001,3.04,2.14,7.62,14:30:00,2024-03-25
HCM04,Long Đại,80.0,28.88,-0.045,3.4,1.82,7.13,15:00:00,2024-03-25
HCM04,Long Đại,80.0,30.21,-0.026,2.38,1.53,7.3,15:30:00,2024-03-25
HCM04,Long Đại,80.0,31.01,-0.067,2.96,2.1,7.6,16:00:00,2024-03-25
HCM04,Long Đại,80.0,30.7,-0.095,3.55,2.01,7.92,16:30:00,2024-03-25
HCM04,Long Đại,80.0,30.59,-0.126,3.35,1.89,7.08,17:00:00,2024-03-25
HCM04,Long Đại,80.0,29.22,-0.046,2.79,1.51,7.28,17:30:00,2024-03-25
HCM04,Long Đại,80.0,29.82,-0.077,3.44,1.93,7.24,18:00:00,2024-03-25
HCM04,Long Đại,80.0,29.45,-0.104,3.21,1.81,7.94,18:30:00,2024-03-25
HCM04,Long Đại,80.0,28.95,-0.039,3.79,1.96,6.95,19:00:00,2024-03-25
HCM04,Long Đại,80.0,28.99,-0.064,2.91,1.92,7.3,19:30:00,2024-03-25
HCM04,Long Đại,80.0,30.1,-0.082,4.04,2.34,7.63,20:00:00,2024-03-25
HCM04,Long Đại,80.0,29.74,-0.033,3.73,1.71,7.23,20:30:00,2024-03-25
HCM04,Long Đại,80.0,28.84,-0.057,2.68,1.83,8.16,21:00:00,2024-03-25
HCM04,Long Đại,80.0,28.77,-0.014,2.02,1.54,8.58,21:30:00,2024-03-25
HCM04,Long Đại,80.0,28.7,-0.021,3.87,2.18,7.94,22:00:00,2024-03-25
HCM04,Long Đại,80.0,30.0,0.032,4.57,2.24,8.89,22:30:00,2024-03-25
HCM04,Long Đại,80.0,29.62,0.003,3.67,2.07,7.44,23:00:00,2024-03-25
HCM04,Long Đại,80.0,28.87,0.012,3.07,2.07,7.43,23:30:00,2024-03-25
HCM03,Lý Nhơn,7.0,30.4,-0.007,34.93,24.37,6.74,00:00:00,2024-03-25
HCM03,Lý Nhơn,7.0,30.45,-0.026,46.34,25.93,5.76,00:30:00,2024-03-25
HCM03,Lý Nhơn,7.0,29.62,-0.001,41.11,24.25,6.63,01:00:00,2024-03-25
HCM03,Lý Nhơn,7.0,29.53,0.059,29.49,22.04,6.24,01:30:00,2024-03-25
HCM03,Lý Nhơn,7.0,30.46,0.005,44.38,23.19,6.31,02:00:00,2024-03-25
HCM03,Lý Nhơn,7.0,31.63,-0.012,36.55,21.39,6.49,02:30:00,2024-03-25
HCM03,Lý Nhơn,7.0,30.72,0.061,33.18,21.75,8.02,03:00:00,2024-03-25
HCM03,Lý Nhơn,7.0,29.61,0.077,39.75,25.77,7.06,03:30:00,2024-03-25
HCM03,Lý Nhơn,7.0,31.02,0.017,48.32,25.0,7.19,04:00:00,2024-03-25
HCM03,Lý Nhơn,7.0,30.76,0.047,45.0,27.81,7.22,04:30:00,2024-03-25
HCM03,Lý Nhơn,7.0,30.53,0.052,47.81,26.41,5.25,05:00:00,2024-03-25
HCM03,Lý Nhơn,7.0,29.35,0.095,38.05,22.57,7.25,05:30:00,2024-03-25
HCM03,Lý Nhơn,7.0,29.6,0.095,40.06,24.23,6.1,06:00:00,2024-03-25
HCM03,Lý Nhơn,7.0,29.48,0.014,39.44,25.26,6.68,06:30:00,2024-03-25
HCM03,Lý Nhơn,7.0,28.86,0.101,51.57,27.4,7.22,07:00:00,2024-03-25
HCM03,Lý Nhơn,7.0,29.54,0.005,38.45,21.35,7.09,07:30:00,2024-03-25
HCM03,Lý Nhơn,7.0,29.13,0.074,43.09,26.32,6.73,08:00:00,2024-03-25
HCM03,Lý Nhơn,7.0,29.89,0.029,28.05,20.42,6.44,08:30:00,2024-03-25
HCM03,Lý Nhơn,7.0,31.92,0.054,33.1,23.48,6.75,09:00:00,2024-03-25
HCM03,Lý Nhơn,7.0,28.44,-0.017,49.98,31.29,6.56,09:30:00,2024-03-25
HCM03,Lý Nhơn,7.0,29.08,0.0,37.77,23.82,6.03,10:00:00,2024-03-25
HCM03,Lý Nhơn,7.0,29.44,-0.017,49.33,25.13,7.5,10:30:00,2024-03-25
HCM03,Lý Nhơn,7.0,29.86,0.032,32.58,18.5,5.56,11:00:00,2024-03-25
HCM03,Lý Nhơn,7.0,30.05,-0.005,29.47,23.95,6.56,11:30:00,2024-03-25
HCM03,Lý Nhơn,7.0,29.9,-0.041,33.7,21.43,6.58,12:00:00,2024-03-25
HCM03,Lý Nhơn,7.0,31.32,0.021,26.35,20.96,6.36,12:30:00,2024-03-25
HCM03,Lý Nhơn,7.0,29.72,0.001,26.15,20.18,7.37,13:00:00,2024-03-25
HCM03,Lý Nhơn,7.0,30.32,-0.058,26.17,17.89,6.05,13:30:00,2024-03-25
HCM03,Lý Nhơn,7.0,30.02,-0.027,42.73,23.94,6.99,14:00:00,2024-03-25
HCM03,Lý Nhơn,7.0,29.04,0.003,35.83,22.82,6.8,14:30:00,2024-03-25
HCM03,Lý Nhơn,7.0,29.37,-0.029,28.67,22.39,6.42,15:00:00,2024-03-25
HCM03,Lý Nhơn,7.0,31.05,-0.031,20.94,16.72,6.4,15:30:00,2024-03-25
HCM03,Lý Nhơn,7.0,30.63,0.002,24.19,17.2,7.18,16:00:00,2024-03-25
HCM03,Lý Nhơn,7.0,30.09,-0.046,29.05,19.77,6.84,16:30:00,2024-03-25
HCM03,Lý Nhơn,7.0,30.41,-0.041,33.08,17.39,5.81,17:00:00,2024-03-25
HCM03,Lý Nhơn,7.0,30.48,-0.03,33.59,19.6,5.75,17:30:00,2024-03-25
HCM03,Lý Nhơn,7.0,30.35,-0.021,17.3,15.32,7.03,18:00:00,2024-03-25
HCM03,Lý Nhơn,7.0,30.21,-0.052,24.15,17.21,7.2,18:30:00,2024-03-25
HCM03,Lý Nhơn,7.0,30.65,-0.042,21.81,16.75,6.45,19:00:00,2024-03-25
HCM03,Lý Nhơn,7.0,31.98,-0.029,36.89,20.27,6.41,19:30:00,2024-03-25
HCM03,Lý Nhơn,7.0,30.1,-0.062,21.38,16.36,6.11,20:00:00,2024-03-25
HCM03,Lý Nhơn,7.0,28.58,-0.009,25.24,19.19,6.64,20:30:00,2024-03-25
HCM03,Lý Nhơn,7.0,29.13,-0.047,25.96,15.35,6.44,21:00:00,2024-03-25
HCM03,Lý Nhơn,7.0,29.7,-0.022,30.1,17.4,6.61,21:30:00,2024-03-25
HCM03,Lý Nhơn,7.0,28.98,-0.033,44.16,23.28,5.91,22:00:00,2024-03-25
HCM03,Lý Nhơn,7.0,29.68,-0.093,34.62,16.75,7.64,22:30:00,2024-03-25
HCM03,Lý Nhơn,7.0,31.63,-0.03,26.95,20.85,7.27,23:00:00,2024-03-25
HCM03,Lý Nhơn,7.0,30.46,0.018,38.92,22.69,6.89,23:30:00,2024-03-25
HCM01,Nhà Bè,38.0,28.54,-0.052,22.03,13.19,7.81,00:00:00,2024-03-25
HCM01,Nhà Bè,38.0,29.14,0.004,15.35,13.25,6.62,00:30:00,2024-03-25
HCM01,Nhà Bè,38.0,30.65,0.029,20.83,13.82,6.11,01:00:00,2024-03-25
HCM01,Nhà Bè,38.0,30.89,0.08,23.2,13.08,6.57,01:30:00,2024-03-25
HCM01,Nhà Bè,38.0,29.94,0.028,19.36,13.54,7.57,02:00:00,2024-03-25
HCM01,Nhà Bè,38.0,28.8,0.062,19.27,11.31,6.4,02:30:00,2024-03-25
HCM01,Nhà Bè,38.0,30.53,0.017,25.0,12.94,8.23,03:00:00,2024-03-25
HCM01,Nhà Bè,38.0,29.38,0.04,22.04,14.62,6.44,03:30:00,2024-03-25
HCM01,Nhà Bè,38.0,29.87,0.02,21.89,16.75,6.57,04:00:00,2024-03-25
HCM01,Nhà Bè,38.0,30.61,0.004,16.8,13.31,6.46,04:30:00,2024-03-25
HCM01,Nhà Bè,38.0,28.93,0.037,19.79,13.36,6.84,05:00:00,2024-03-25
HCM01,Nhà Bè,38.0,30.04,0.061,20.35,13.56,6.77,05:30:00,2024-03-25
HCM01,Nhà Bè,38.0,28.59,0.05,28.45,17.09,5.85,06:00:00,2024-03-25
HCM01,Nhà Bè,38.0,30.02,0.102,23.18,14.14,7.27,06:30:00,2024-03-25
HCM01,Nhà Bè,38.0,30.55,0.076,27.74,13.8,7.19,07:00:00,2024-03-25
HCM01,Nhà Bè,38.0,29.7,0.116,24.47,15.2,6.37,07:30:00,2024-03-25
HCM01,Nhà Bè,38.0,29.68,0.03,20.14,13.43,6.25,08:00:00,2024-03-25
HCM01,Nhà Bè,38.0,30.26,0.062,23.95,14.36,6.51,08:30:00,2024-03-25
HCM01,Nhà Bè,38.0,29.37,0.009,18.79,13.06,6.7,09:00:00,2024-03-25
HCM01,Nhà Bè,38.0,30.62,0.041,26.04,13.92,6.79,09:30:00,2024-03-25
HCM01,Nhà Bè,38.0,29.54,0.016,18.62,12.82,7.9,10:00:00,2024-03-25
HCM01,Nhà Bè,38.0,28.43,0.028,20.64,13.59,6.97,10:30:00,2024-03-25
HCM01,Nhà Bè,38.0,31.29,0.037,25.48,16.04,6.72,11:00:00,2024-03-25
HCM01,Nhà Bè,38.0,29.87,-0.009,25.8,14.81,7.42,11:30:00,2024-03-25
HCM01,Nhà Bè,38.0,30.23,-0.009,17.19,11.51,5.97,12:00:00,2024-03-25
HCM01,Nhà Bè,38.0,30.31,0.021,23.95,14.7,7.45,12:30:00,2024-03-25
HCM01,Nhà Bè,38.0,28.86,-0.021,15.17,11.11,6.99,13:00:00,2024-03-25
HCM01,Nhà Bè,38.0,29.19,-0.052,21.42,13.01,6.76,13:30:00,2024-03-25
HCM01,Nhà Bè,38.0,30.31,-0.054,11.17,10.48,6.57,14:00:00,2024-03-25
HCM01,Nhà Bè,38.0,29.4,0.006,17.95,11.99,7.43,14:30:00,2024-03-25
HCM01,Nhà Bè,38.0,28.54,-0.047,13.83,9.82,6.92,15:00:00,2024-03-25
HCM01,Nhà Bè,38.0,28.08,-0.039,17.83,10.82,6.83,15:30:00,2024-03-25
HCM01,Nhà Bè,38.0,30.33,-0.034,14.56,11.62,7.59,16:00:00,2024-03-25
HCM01,Nhà Bè,38.0,30.05,-0.034,23.09,12.5,6.8,16:30:00,2024-03-25
HCM01,Nhà Bè,38.0,31.55,-0.029,16.49,9.55,7.22,17:00:00,2024-03-25
HCM01,Nhà Bè,38.0,30.01,-0.09,18.46,12.28,6.96,17:30:00,2024-03-25
HCM01,Nhà Bè,38.0,29.93,-0.049,22.06,11.59,6.62,18:00:00,2024-03-25
HCM01,Nhà Bè,38.0,27.44,-0.054,11.8,10.4,6.95,18:30:00,2024-03-25
HCM01,Nhà Bè,38.0,30.39,-0.057,19.68,11.0,6.42,19:00:00,2024-03-25
HCM01,Nhà Bè,38.0,29.96,-0.011,13.53,8.67,7.1,19:30:00,2024-03-25
HCM01,Nhà Bè,38.0,30.41,-0.009,16.11,9.36,6.38,20:00:00,2024-03-25
HCM01,Nhà Bè,38.0,29.99,-0.056,19.93,11.81,7.4,20:30:00,2024-03-25
HCM01,Nhà Bè,38.0,31.44,-0.028,20.62,10.23,7.5,21:00:00,2024-03-25
HCM01,Nhà Bè,38.0,30.45,0.042,21.49,11.29,6.97,21:30:00,2024-03-25
HCM01,Nhà Bè,38.0,31.07,-0.058,17.29,10.4,7.55,22:00:00,2024-03-25
HCM01,Nhà Bè,38.0,30.53,-0.053,25.04,14.26,6.83,22:30:00,2024-03-25
HCM01,Nhà Bè,38.0,31.32,0.007,19.67,10.31,7.04,23:00:00,2024-03-25
HCM01,Nhà Bè,38.0,29.92,0.016,18.33,10.36,7.27,23:30:00,2024-03-25
HCM02,Cát Lái,58.0,29.38,0.019,15.41,8.92,6.69,00:00:00,2024-03-26
HCM02,Cát Lái,58.0,31.79,0.017,12.79,8.68,7.97,00:30:00,2024-03-26
HCM02,Cát Lái,58.0,29.96,0.045,12.49,7.67,7.51,01:00:00,2024-03-26
HCM02,Cát Lái,58.0,30.38,0.018,15.39,9.19,6.29,01:30:00,2024-03-26
HCM02,Cát Lái,58.0,29.26,-0.042,15.58,9.08,6.82,02:00:00,2024-03-26
HCM02,Cát Lái,58.0,30.96,0.023,12.72,9.68,6.03,02:30:00,2024-03-26
HCM02,Cát Lái,58.0,29.82,0.033,15.36,9.4,7.99,03:00:00,2024-03-26
HCM02,Cát Lái,58.0,28.8,0.048,12.5,7.86,6.64,03:30:00,2024-03-26
HCM02,Cát Lái,58.0,29.17,0.042,17.41,8.81,7.67,04:00:00,2024-03-26
HCM02,Cát Lái,58.0,28.7,-0.002,16.35,8.77,7.93,04:30:00,2024-03-26
HCM02,Cát Lái,58.0,29.84,0.0,14.82,8.41,7.05,05:00:00,2024-03-26
HCM02,Cát Lái,58.0,30.69,0.037,12.09,9.13,7.07,05:30:00,2024-03-26
HCM02,Cát Lái,58.0,29.69,0.033,13.89,8.74,7.22,06:00:00,2024-03-26
HCM02,Cát Lái,58.0,28.21,0.032,12.66,9.09,7.73,06:30:00,2024-03-26
HCM02,Cát Lái,58.0,29.19,0.027,13.49,9.7,7.31,07:00:00,2024-03-26
HCM02,Cát Lái,58.0,30.96,0.029,12.71,8.71,6.61,07:30:00,2024-03-26
HCM02,Cát Lái,58.0,30.74,0.061,13.0,8.61,7.54,08:00:00,2024-03-26
HCM02,Cát Lái,58.0,31.46,0.061,12.5,8.09,7.82,08:30:00,2024-03-26
HCM02,Cát Lái,58.0,29.3,0.045,13.48,9.56,6.81,09:00:00,2024-03-26
HCM02,Cát Lái,58.0,30.32,0.011,11.6,8.04,7.22,09:30:00,2024-03-26
HCM02,Cát Lái,58.0,30.63,0.015,14.1,9.22,6.9,10:00:00,2024-03-26
HCM02,Cát Lái,58.0,29.79,0.025,14.73,9.11,7.68,10:30:00,2024-03-26
HCM02,Cát Lái,58.0,29.81,-0.006,15.76,8.4,7.01,11:00:00,2024-03-26
HCM02,Cát Lái,58.0,29.31,-0.032,14.85,8.05,8.7,11:30:00,2024-03-26
HCM02,Cát Lái,58.0,30.66,-0.012,10.44,6.63,8.48,12:00:00,2024-03-26
HCM02,Cát Lái,58.0,30.25,-0.034,15.18,7.8,6.93,12:30:00,2024-03-26
HCM02,Cát Lái,58.0,31.02,-0.037,12.56,6.65,6.48,13:00:00,2024-03-26
HCM02,Cát Lái,58.0,29.66,-0.07,10.89,7.58,7.49,13:30:00,2024-03-26
HCM02,Cát Lái,58.0,29.74,-0.012,11.26,7.68,7.31,14:00:00,2024-03-26
HCM02,Cát Lái,58.0,29.99,-0.019,11.2,7.28,7.51,14:30:00,2024-03-26
HCM02,Cát Lái,58.0,30.59,-0.046,7.64,6.39,7.51,15:00:00,2024-03-26
HCM02,Cát Lái,58.0,30.24,-0.032,9.6,7.44,7.88,15:30:00,2024-03-26
HCM02,Cát Lái,58.0,30.55,-0.032,8.01,6.86,6.66,16:00:00,2024-03-26
HCM02,Cát Lái,58.0,28.87,-0.052,9.84,6.93,7.3,16:30:00,2024-03-26
HCM02,Cát Lái,58.0,29.29,-0.009,8.34,6.39,7.54,17:00:00,2024-03-26
HCM02,Cát Lái,58.0,30.1,-0.078,9.46,6.63,6.39,17:30:00,2024-03-26
HCM02,Cát Lái,58.0,29.5,-0.049,11.79,6.61,7.19,18:00:00,2024-03-26
HCM02,Cát Lái,58.0,30.13,-0.066,9.75,6.57,7.31,18:30:00,2024-03-26
HCM02,Cát Lái,58.0,29.21,-0.065,8.16,6.11,6.5,19:00:00,2024-03-26
HCM02,Cát Lái,58.0,29.87,-0.077,10.97,6.0,7.14,19:30:00,2024-03-26
HCM02,Cát Lái,58.0,28.59,-0.034,10.82,7.58,7.16,20:00:00,2024-03-26
HCM02,Cát Lái,58.0,30.67,-0.049,11.11,7.79,7.69,20:30:00,2024-03-26
HCM02,Cát Lái,58.0,30.82,-0.055,11.69,6.58,7.36,21:00:00,2024-03-26
HCM02,Cát Lái,58.0,29.64,-0.079,12.59,6.17,7.89,21:30:00,2024-03-26
HCM02,Cát Lái,58.0,30.13,-0.068,12.24,7.51,6.52,22:00:00,2024-03-26
HCM02,Cát Lái,58.0,29.63,-0.019,12.77,7.24,7.37,22:30:00,2024-03-26
HCM02,Cát Lái,58.0,30.5,-0.011,14.95,8.12,7.17,23:00:00,2024-03-26
HCM02,Cát Lái,58.0,29.58,-0.023,10.34,7.74,7.04,23:30:00,2024-03-26
HCM04,Long Đại,80.0,30.67,0.024,3.23,2.63,7.03,00:00:00,2024-03-26
HCM04,Long Đại,80.0,31.45,-0.006,4.69,2.31,7.47,00:30:00,2024-03-26
HCM04,Long Đại,80.0,29.5,0.054,3.83,2.48,6.88,01:00:00,2024-03-26
HCM04,Long Đại,80.0,30.56,0.016,3.83,2.91,8.03,01:30:00,2024-03-26
HCM04,Long Đại,80.0,30.7,0.024,5.91,2.73,7.44,02:00:00,2024-03-26
HCM04,Long Đại,80.0,29.5,0.042,4.59,2.93,7.27,02:30:00,2024-03-26
HCM04,Long Đại,80.0,30.74,0.082,5.4,2.83,7.98,03:00:00,2024-03-26
HCM04,Long Đại,80.0,29.66,0.074,5.69,3.13,6.91,03:30:00,2024-03-26
HCM04,Long Đại,80.0,30.33,0.095,3.67,2.42,7.13,04:00:00,2024-03-26
HCM04,Long Đại,80.0,29.9,0.062,5.0,3.0,7.18,04:30:00,2024-03-26
HCM04,Long Đại,80.0,30.9,-0.035,5.44,3.28,6.86,05:00:00,2024-03-26
HCM04,Long Đại,80.0,29.41,0.078,6.61,3.16,7.04,05:30:00,2024-03-26
HCM04,Long Đại,80.0,31.12,0.063,3.24,2.09,7.72,06:00:00,2024-03-26
HCM04,Long Đại,80.0,29.65,0.045,5.78,3.03,8.62,06:30:00,2024-03-26
HCM04,Long Đại,80.0,29.67,0.066,3.66,2.5,6.32,07:00:00,2024-03-26
HCM04,Long Đại,80.0,29.59,0.053,4.09,2.6,7.75,07:30:00,2024-03-26
HCM04,Long Đại,80.0,28.37,0.047,2.52,2.32,7.77,08:00:00,2024-03-26
HCM04,Long Đại,80.0,29.25,0.064,4.37,2.74,6.78,08:30:00,2024-03-26
HCM04,Long Đại,80.0,29.71,-0.009,4.34,2.83,6.89,09:00:00,2024-03-26
HCM04,Long Đại,80.0,29.39,0.042,2.37,2.06,7.01,09:30:00,2024-03-26
HCM04,Long Đại,80.0,30.02,0.024,4.21,2.78,8.51,10:00:00,2024-03-26
HCM04,Long Đại,80.0,29.87,0.043,3.2,2.32,7.77,10:30:00,2024-03-26
HCM04,Long Đại,80.0,29.63,-0.048,3.36,2.34,7.16,11:00:00,2024-03-26
HCM04,Long Đại,80.0,30.36,-0.047,3.2,2.68,7.43,11:30:00,2024-03-26
HCM04,Long Đại,80.0,31.33,-0.076,2.96,2.26,7.77,12:00:00,2024-03-26
HCM04,Long Đại,80.0,30.05,0.0,3.23,2.75,7.55,12:30:00,2024-03-26
HCM04,Long Đại,80.0,30.19,0.011,4.44,2.63,8.27,13:00:00,2024-03-26
HCM04,Long Đại,80.0,31.14,-0.032,3.32,1.8,7.3,13:30:00,2024-03-26
HCM04,Long Đại,80.0,30.67,-0.028,3.05,2.44,6.82,14:00:00,2024-03-26
HCM04,Long Đại,80.0,29.67,0.054,3.57,2.36,7.44,14:30:00,2024-03-26
HCM04,Long Đại,80.0,30.3,-0.03,4.04,2.35,7.69,15:00:00,2024-03-26
HCM04,Long Đại,80.0,28.99,0.015,3.61,2.14,8.18,15:30:00,2024-03-26
HCM04,Long Đại,80.0,29.44,-0.049,3.49,2.56,7.65,16:00:00,2024-03-26
HCM04,Long Đại,80.0,31.59,-0.038,3.31,1.93,7.23,16:30:00,2024-03-26
HCM04,Long Đại,80.0,29.13,-0.037,2.71,2.02,7.02,17:00:00,2024-03-26
HCM04,Long Đại,80.0,29.11,-0.051,4.57,2.3,6.81,17:30:00,2024-03-26
HCM04,Long Đại,80.0,29.83,-0.006,2.69,1.86,7.42,18:00:00,2024-03-26
HCM04,Long Đại,80.0,29.73,-0.032,3.24,2.28,7.87,18:30:00,2024-03-26
HCM04,Long Đại,80.0,29.6,-0.035,3.7,2.03,5.9,19:00:00,2024-03-26
HCM04,Long Đại,80.0,28.52,-0.037,2.85,1.58,7.44,19:30:00,2024-03-26
HCM04,Long Đại,80.0,29.53,0.006,2.7,1.89,7.15,20:00:00,2024-03-26
HCM04,Long Đại,80.0,30.29,-0.045,2.13,2.03,7.62,20:30:00,2024-03-26
HCM04,Long Đại,80.0,31.03,-0.013,3.75,2.34,7.95,21:00:00,2024-03-26
HCM04,Long Đại,80.0,29.28,-0.011,2.83,1.92,7.48,21:30:00,2024-03-26
HCM04,Long Đại,80.0,30.04,-0.065,3.73,2.54,7.75,22:00:00,2024-03-26
HCM04,Long Đại,80.0,30.85,-0.008,4.35,2.56,8.34,22:30:00,2024-03-26
HCM04,Long Đại,80.0,29.02,-0.045,4.87,2.67,7.31,23:00:00,2024-03-26
HCM04,Long Đại,80.0,29.29,-0.019,4.28,2.49,6.79,23:30:00,2024-03-26
HCM03,Lý Nhơn,7.0,28.68,0.007,40.32,24.71,6.93,00:00:00,2024-03-26
HCM03,Lý Nhơn,7.0,30.5,-0.018,29.71,21.52,6.29,00:30:00,2024-03-26
HCM03,Lý Nhơn,7.0,30.14,-0.01,37.38,24.65,6.52,01:00:00,2024-03-26
HCM03,Lý Nhơn,7.0,29.82,-0.016,43.3,27.58,6.71,01:30:00,2024-03-26
HCM03,Lý Nhơn,7.0,29.96,-0.019,35.83,22.59,6.92,02:00:00,2024-03-26
HCM03,Lý Nhơn,7.0,31.4,-0.011,47.25,23.57,6.84,02:30:00,2024-03-26
HCM03,Lý Nhơn,7.0,29.0,-0.021,32.74,23.02,6.77,03:00:00,2024-03-26
HCM03,Lý Nhơn,7.0,30.14,0.029,32.69,22.08,6.26,03:30:00,2024-03-26
HCM03,Lý Nhơn,7.0,31.15,0.098,41.48,27.33,6.21,04:00:00,2024-03-26
HCM03,Lý Nhơn,7.0,29.42,0.061,39.42,24.17,5.93,04:30:00,2024-03-26
HCM03,Lý Nhơn,7.0,30.3,0.043,33.16,23.68,6.5,05:00:00,2024-03-26
HCM03,Lý Nhơn,7.0,29.6,0.019,57.47,28.96,6.53,05:30:00,2024-03-26
HCM03,Lý Nhơn,7.0,30.37,0.022,52.87,28.03,5.83,06:00:00,2024-03-26
HCM03,Lý Nhơn,7.0,29.82,0.044,31.44,28.47,6.6,06:30:00,2024-03-26
HCM03,Lý Nhơn,7.0,30.3,0.036,46.7,22.93,6.21,07:00:00,2024-03-26
HCM03,Lý Nhơn,7.0,28.71,0.015,30.51,26.64,6.8,07:30:00,2024-03-26
HCM03,Lý Nhơn,7.0,29.89,0.049,29.33,24.22,6.74,08:00:00,2024-03-26
HCM03,Lý Nhơn,7.0,29.62,0.033,35.61,25.22,6.3,08:30:00,2024-03-26
HCM03,Lý Nhơn,7.0,30.4,0.068,49.37,24.48,6.13,09:00:00,2024-03-26
HCM03,Lý Nhơn,7.0,30.65,-0.023,37.5,24.43,5.83,09:30:00,2024-03-26
HCM03,Lý Nhơn,7.0,30.19,0.032,51.59,25.13,7.04,10:00:00,2024-03-26
HCM03,Lý Nhơn,7.0,29.75,-0.003,43.21,26.04,6.47,10:30:00,2024-03-26
HCM03,Lý Nhơn,7.0,30.9,0.007,41.41,22.88,7.13,11:00:00,2024-03-26
HCM03,Lý Nhơn,7.0,29.2,-0.056,41.57,26.31,7.06,11:30:00,2024-03-26
HCM03,Lý Nhơn,7.0,29.72,-0.007,37.17,21.79,7.04,12:00:00,2024-03-26
HCM03,Lý Nhơn,7.0,30.2,0.017,37.12,19.34,7.01,12:30:00,2024-03-26
HCM03,Lý Nhơn,7.0,30.69,-0.014,28.96,19.76,6.93,13:00:00,2024-03-26
HCM03,Lý Nhơn,7.0,29.45,-0.046,34.73,22.33,5.93,13:30:00,2024-03-26
HCM03,Lý Nhơn,7.0,31.24,-0.055,21.6,18.82,6.16,14:00:00,2024-03-26
HCM03,Lý Nhơn,7.0,30.05,-0.066,34.93,19.92,6.66,14:30:00,2024-03-26
HCM03,Lý Nhơn,7.0,29.86,-0.078,32.05,19.74,7.26,15:00:00,2024-03-26
HCM03,Lý Nhơn,7.0,31.68,-0.046,23.59,20.74,6.31,15:30:00,2024-03-26
HCM03,Lý Nhơn,7.0,30.41,-0.041,40.89,22.16,5.84,16:00:00,2024-03-26
HCM03,Lý Nhơn,7.0,29.95,-0.092,21.36,17.66,6.71,16:30:00,2024-03-26
HCM03,Lý Nhơn,7.0,29.04,-0.047,26.94,21.37,6.37,17:00:00,2024-03-26
HCM03,Lý Nhơn,7.0,29.73,-0.056,24.25,16.42,5.91,17:30:00,2024-03-26
HCM03,Lý Nhơn,7.0,29.53,-0.061,19.76,17.48,7.08,18:00:00,2024-03-26
HCM03,Lý Nhơn,7.0,29.78,-0.053,29.0,20.54,7.18,18:30:00,2024-03-26
HCM03,Lý Nhơn,7.0,29.57,-0.047,33.95,19.48,8.0,19:00:00,2024-03-26
HCM03,Lý Nhơn,7.0,30.43,-0.047,38.96,21.95,5.9,19:30:00,2024-03-26
HCM03,Lý Nhơn,7.0,29.07,-0.006,29.56,19.37,6.02,20:00:00,2024-03-26
HCM03,Lý Nhơn,7.0,29.68,-0.039,34.97,19.81,7.06,20:30:00,2024-03-26
HCM03,Lý Nhơn,7.0,29.98,-0.041,32.39,19.43,5.84,21:00:00,2024-03-26
HCM03,Lý Nhơn,7.0,30.92,-0.036,46.25,24.43,6.92,21:30:00,2024-03-26
HCM03,Lý Nhơn,7.0,28.64,-0.002,29.99,17.51,6.99,22:00:00,2024-03-26
HCM03,Lý Nhơn,7.0,28.28,0.006,22.2,21.93,6.1,22:30:00,2024-03-26
HCM03,Lý Nhơn,7.0,31.02,-0.017,27.6,20.2,7.13,23:00:00,2024-03-26
HCM03,Lý Nhơn,7.0,28.03,-0.03,37.44,24.21,7.3,23:30:00,2024-03-26
HCM01,Nhà Bè,38.0,30.64,0.004,18.66,11.63,6.48,00:00:00,2024-03-26
HCM01,Nhà Bè,38.0,29.7,-0.039,20.93,15.17,6.6,00:30:00,2024-03-26
HCM01,Nhà Bè,38.0,29.38,0.032,26.06,15.35,6.63,01:00:00,2024-03-26
HCM01,Nhà Bè,38.0,31.11,0.01,16.79,12.93,6.79,01:30:00,2024-03-26
HCM01,Nhà Bè,38.0,30.04,0.015,22.78,14.61,6.3,02:00:00,2024-03-26
HCM01,Nhà Bè,38.0,28.82,0.054,22.13,14.51,6.49,02:30:00,2024-03-26
HCM01,Nhà Bè,38.0,30.21,0.031,29.17,16.57,6.65,03:00:00,2024-03-26
HCM01,Nhà Bè,38.0,31.6,0.024,20.03,13.3,6.75,03:30:00,2024-03-26
HCM01,Nhà Bè,38.0,30.05,0.025,22.84,14.59,6.88,04:00:00,2024-03-26
HCM01,Nhà Bè,38.0,30.86,0.044,25.56,14.05,6.34,04:30:00,2024-03-26
HCM01,Nhà Bè,38.0,29.89,0.056,19.71,13.46,7.02,05:00:00,2024-03-26
HCM01,Nhà Bè,38.0,27.97,0.08,28.08,16.7,6.6,05:30:00,2024-03-26
HCM01,Nhà Bè,38.0,29.5,0.09,22.81,14.15,6.78,06:00:00,2024-03-26
HCM01,Nhà Bè,38.0,29.01,0.034,30.1,15.78,6.33,06:30:00,2024-03-26
HCM01,Nhà Bè,38.0,29.02,0.07,17.31,12.65,6.76,07:00:00,2024-03-26
HCM01,Nhà Bè,38.0,29.77,0.113,22.58,13.42,7.86,07:30:00,2024-03-26
HCM01,Nhà Bè,38.0,30.6,0.079,16.72,13.23,7.12,08:00:00,2024-03-26
HCM01,Nhà Bè,38.0,30.0,0.034,18.77,15.17,7.32,08:30:00,2024-03-26
HCM01,Nhà Bè,38.0,29.81,0.034,23.44,13.23,7.88,09:00:00,2024-03-26
HCM01,Nhà Bè,38.0,29.29,0.079,20.66,14.89,6.72,09:30:00,2024-03-26
HCM01,Nhà Bè,38.0,30.87,0.018,23.34,15.65,7.26,10:00:00,2024-03-26
HCM01,Nhà Bè,38.0,30.66,0.046,22.34,14.23,6.89,10:30:00,2024-03-26
HCM01,Nhà Bè,38.0,29.32,0.015,22.97,14.12,6.73,11:00:00,2024-03-26
HCM01,Nhà Bè,38.0,30.8,0.022,22.75,14.01,7.16,11:30:00,2024-03-26
HCM01,Nhà Bè,38.0,31.75,0.022,18.35,12.56,8.12,12:00:00,2024-03-26
HCM01,Nhà Bè,38.0,29.02,-0.024,23.15,13.71,7.11,12:30:00,2024-03-26
HCM01,Nhà Bè,38.0,31.72,-0.059,21.9,13.28,8.41,13:00:00,2024-03-26
HCM01,Nhà Bè,38.0,29.82,-0.014,20.15,11.26,6.6,13:30:00,2024-03-26
HCM01,Nhà Bè,38.0,28.33,0.013,15.26,12.38,6.72,14:00:00,2024-03-26
HCM01,Nhà Bè,38.0,31.14,-0.061,14.74,9.47,6.92,14:30:00,2024-03-26
HCM01,Nhà Bè,38.0,29.96,-0.07,19.01,11.73,5.86,15:00:00,2024-03-26
HCM01,Nhà Bè,38.0,28.62,-0.03,11.88,9.32,6.25,15:30:00,2024-03-26
HCM01,Nhà Bè,38.0,31.3,-0.03,12.3,12.26,6.41,16:00:00,2024-03-26
HCM01,Nhà Bè,38.0,29.28,-0.035,20.03,11.31,6.95,16:30:00,2024-03-26
HCM01,Nhà Bè,38.0,28.87,-0.072,10.12,10.06,6.42,17:00:00,2024-03-26
HCM01,Nhà Bè,38.0,31.17,-0.065,21.39,11.24,7.41,17:30:00,2024-03-26
HCM01,Nhà Bè,38.0,29.61,0.016,19.62,11.37,6.94,18:00:00,2024-03-26
HCM01,Nhà Bè,38.0,30.61,-0.048,13.65,9.71,6.96,18:30:00,2024-03-26
HCM01,Nhà Bè,38.0,30.21,-0.065,15.53,10.81,6.91,19:00:00,2024-03-26
HCM01,Nhà Bè,38.0,29.84,-0.025,20.57,11.75,6.57,19:30:00,2024-03-26
HCM01,Nhà Bè,38.0,29.69,-0.109,14.54,10.32,6.87,20:00:00,2024-03-26
HCM01,Nhà Bè,38.0,31.09,-0.043,22.7,12.55,8.26,20:30:00,2024-03-26
HCM01,Nhà Bè,38.0,29.74,-0.035,21.03,12.35,7.12,21:00:00,2024-03-26
HCM01,Nhà Bè,38.0,28.55,0.026,18.61,13.99,5.93,21:30:00,2024-03-26
HCM01,Nhà Bè,38.0,30.68,-0.021,16.19,10.6,6.9,22:00:00,2024-03-26
HCM01,Nhà Bè,38.0,29.66,0.007,17.22,9.24,6.46,22:30:00,2024-03-26
HCM01,Nhà Bè,38.0,29.81,-0.027,16.92,11.73,7.03,23:00:00,2024-03-26
HCM01,Nhà Bè,38.0,30.69,0.022,25.16,12.97,7.07,23:30:00,2024-03-26
HCM02,Cát Lái,58.0,30.67,0.025,17.01,8.49,6.97,00:00:00,2024-03-27
HCM02,Cát Lái,58.0,30.35,-0.035,16.34,8.52,7.06,00:30:00,2024-03-27
HCM02,Cát Lái,58.0,29.79,0.071,11.47,9.1,7.75,01:00:00,2024-03-27
HCM02,Cát Lái,58.0,30.03,0.014,17.69,9.76,6.05,01:30:00,2024-03-27
HCM02,Cát Lái,58.0,30.71,0.029,15.91,9.08,8.09,02:00:00,2024-03-27
HCM02,Cát Lái,58.0,30.27,0.068,15.28,8.83,8.18,02:30:00,2024-03-27
HCM02,Cát Lái,58.0,30.74,-0.003,14.18,8.88,7.12,03:00:00,2024-03-27
HCM02,Cát Lái,58.0,30.26,0.053,14.32,8.7,6.93,03:30:00,2024-03-27
HCM02,Cát Lái,58.0,29.15,0.073,14.46,10.42,7.37,04:00:00,2024-03-27
HCM02,Cát Lái,58.0,29.45,0.055,22.08,10.8,6.13,04:30:00,2024-03-27
HCM02,Cát Lái,58.0,29.72,0.053,19.15,10.35,7.78,05:00:00,2024-03-27
HCM02,Cát Lái,58.0,28.83,0.03,11.91,8.7,7.29,05:30:00,2024-03-27
HCM02,Cát Lái,58.0,30.57,0.044,12.96,7.78,8.23,06:00:00,2024-03-27
HCM02,Cát Lái,58.0,30.36,0.098,12.83,8.77,6.32,06:30:00,2024-03-27
HCM02,Cát Lái,58.0,30.62,0.062,13.64,9.52,7.81,07:00:00,2024-03-27
HCM02,Cát Lái,58.0,31.04,0.084,12.97,9.74,7.66,07:30:00,2024-03-27
HCM02,Cát Lái,58.0,29.63,0.018,13.17,8.58,6.87,08:00:00,2024-03-27
HCM02,Cát Lái,58.0,30.01,-0.009,19.49,10.73,6.84,08:30:00,2024-03-27
HCM02,Cát Lái,58.0,30.02,0.026,19.5,10.65,7.61,09:00:00,2024-03-27
HCM02,Cát Lái,58.0,30.67,0.004,13.93,9.7,7.41,09:30:00,2024-03-27
HCM02,Cát Lái,58.0,30.41,-0.015,14.55,10.46,6.54,10:00:00,2024-03-27
HCM02,Cát Lái,58.0,29.56,0.016,12.15,7.65,7.86,10:30:00,2024-03-27
HCM02,Cát Lái,58.0,29.03,0.027,13.03,8.69,6.47,11:00:00,2024-03-27
HCM02,Cát Lái,58.0,29.81,-0.01,13.03,8.99,6.78,11:30:00,2024-03-27
HCM02,Cát Lái,58.0,29.64,0.032,16.93,9.09,7.46,12:00:00,2024-03-27
HCM02,Cát Lái,58.0,30.84,0.009,13.74,9.59,6.19,12:30:00,2024-03-27
HCM02,Cát Lái,58.0,29.66,-0.03,14.2,8.1,6.76,13:00:00,2024-03-27
HCM02,Cát Lái,58.0,30.61,-0.029,14.52,8.94,7.36,13:30:00,2024-03-27
HCM02,Cát Lái,58.0,29.43,-0.021,10.09,6.48,7.85,14:00:00,2024-03-27
HCM02,Cát Lái,58.0,28.72,0.014,15.02,7.8,7.35,14:30:00,2024-03-27
HCM02,Cát Lái,58.0,29.46,-0.013,8.85,6.55,7.84,15:00:00,2024-03-27
HCM02,Cát Lái,58.0,30.44,-0.01,9.65,7.3,7.42,15:30:00,2024-03-27
HCM02,Cát Lái,58.0,31.11,-0.095,14.21,8.09,7.16,16:00:00,2024-03-27
HCM02,Cát Lái,58.0,29.76,-0.05,11.88,6.71,7.64,16:30:00,2024-03-27
HCM02,Cát Lái,58.0,29.96,-0.049,9.98,6.93,7.01,17:00:00,2024-03-27
HCM02,Cát Lái,58.0,31.47,-0.036,12.22,6.99,6.88,17:30:00,2024-03-27
HCM02,Cát Lái,58.0,29.85,-0.069,12.36,7.05,6.76,18:00:00,2024-03-27
HCM02,Cát Lái,58.0,29.22,-0.04,10.1,6.61,7.81,18:30:00,2024-03-27
HCM02,Cát Lái,58.0,29.45,-0.062,9.19,6.52,7.64,19:00:00,2024-03-27
HCM02,Cát Lái,58.0,30.11,-0.033,6.89,7.1,6.91,19:30:00,2024-03-27
HCM02,Cát Lái,58.0,29.24,-0.036,12.77,8.17,6.92,20:00:00,2024-03-27
HCM02,Cát Lái,58.0,30.89,-0.012,11.19,7.68,6.7,20:30:00,2024-03-27
HCM02,Cát Lái,58.0,30.72,-0.011,14.18,7.97,7.25,21:00:00,2024-03-27
HCM02,Cát Lái,58.0,29.25,-0.01,12.81,8.31,7.08,21:30:00,2024-03-27
HCM02,Cát Lái,58.0,28.94,-0.036,11.94,6.88,6.81,22:00:00,2024-03-27
HCM02,Cát Lái,58.0,29.13,0.008,21.65,10.08,7.42,22:30:00,2024-03-27
HCM02,Cát Lái,58.0,29.18,0.033,10.15,7.39,8.44,23:00:00,2024-03-27
HCM02,Cát Lái,58.0,29.28,0.001,20.11,9.34,6.85,23:30:00,2024-03-27
HCM04,Long Đại,80.0,30.12,-0.017,6.14,2.82,8.35,00:00:00,2024-03-27
HCM04,Long Đại,80.0,31.38,0.021,4.53,2.77,7.38,00:30:00,2024-03-27
HCM04,Long Đại,80.0,29.18,-0.025,3.4,2.76,7.57,01:00:00,2024-03-27
HCM04,Long Đại,80.0,30.43,0.034,4.75,3.02,6.52,01:30:00,2024-03-27
HCM04,Long Đại,80.0,30.7,0.01,7.24,2.97,7.21,02:00:00,2024-03-27
HCM04,Long Đại,80.0,29.63,0.063,4.5,2.85,7.12,02:30:00,2024-03-27
HCM04,Long Đại,80.0,28.92,0.006,5.32,3.09,6.98,03:00:00,2024-03-27
HCM04,Long Đại,80.0,31.59,-0.001,3.51,2.29,7.23,03:30:00,2024-03-27
HCM04,Long Đại,80.0,30.1,0.096,4.49,2.95,7.74,04:00:00,2024-03-27
HCM04,Long Đại,80.0,29.19,0.051,4.25,2.89,6.94,04:30:00,2024-03-27
HCM04,Long Đại,80.0,30.57,0.058,3.88,2.85,6.18,05:00:00,2024-03-27
HCM04,Long Đại,80.0,29.48,0.05,5.11,2.73,7.99,05:30:00,2024-03-27
HCM04,Long Đại,80.0,29.38,0.057,4.55,3.16,7.49,06:00:00,2024-03-27
HCM04,Long Đại,80.0,31.12,0.04,5.5,3.36,7.32,06:30:00,2024-03-27
HCM04,Long Đại,80.0,29.69,-0.004,5.25,2.77,7.57,07:00:00,2024-03-27
HCM04,Long Đại,80.0,29.5,-0.007,3.95,2.57,7.65,07:30:00,2024-03-27
HCM04,Long Đại,80.0,29.69,0.036,3.94,2.93,7.6,08:00:00,2024-03-27
HCM04,Long Đại,80.0,30.4,-0.006,3.5,2.4,7.02,08:30:00,2024-03-27
HCM04,Long Đại,80.0,29.96,0.023,3.81,2.23,7.24,09:00:00,2024-03-27
HCM04,Long Đại,80.0,29.47,0.06,3.22,2.7,7.09,09:30:00,2024-03-27
HCM04,Long Đại,80.0,29.86,0.01,3.34,2.17,6.87,10:00:00,2024-03-27
HCM04,Long Đại,80.0,30.37,0.054,4.6,3.2,6.65,10:30:00,2024-03-27
HCM04,Long Đại,80.0,29.67,0.044,4.4,2.7,7.41,11:00:00,2024-03-27
HCM04,Long Đại,80.0,29.16,0.049,3.68,2.51,6.91,11:30:00,2024-03-27
HCM04,Long Đại,80.0,30.51,0.031,3.86,2.43,7.13,12:00:00,2024-03-27
HCM04,Long Đại,80.0,30.66,-0.039,3.73,2.44,6.72,12:30:00,2024-03-27
HCM04,Long Đại,80.0,31.02,-0.046,3.23,2.68,7.26,13:00:00,2024-03-27
HCM04,Long Đại,80.0,29.1,0.028,4.19,2.26,7.44,13:30:00,2024-03-27
HCM04,Long Đại,80.0,28.25,0.022,4.33,2.55,7.29,14:00:00,2024-03-27
HCM04,Long Đại,80.0,30.17,-0.03,3.43,2.66,7.34,14:30:00,2024-03-27
HCM04,Long Đại,80.0,29.88,-0.024,4.52,2.42,7.47,15:00:00,2024-03-27
HCM04,Long Đại,80.0,29.72,-0.013,3.87,2.37,7.38,15:30:00,2024-03-27
HCM04,Long Đại,80.0,29.34,0.016,3.98,2.37,7.24,16:00:00,2024-03-27
HCM04,Long Đại,80.0,30.02,-0.014,3.51,2.07,6.81,16:30:00,2024-03-27
HCM04,Long Đại,80.0,29.41,-0.072,5.3,2.38,6.42,17:00:00,2024-03-27
HCM04,Long Đại,80.0,29.6,-0.077,2.76,1.68,7.46,17:30:00,2024-03-27
HCM04,Long Đại,80.0,28.87,-0.067,3.85,2.29,7.39,18:00:00,2024-03-27
HCM04,Long Đại,80.0,29.9,-0.004,2.42,1.7,6.7,18:30:00,2024-03-27
HCM04,Long Đại,80.0,30.94,-0.047,3.51,2.21,7.91,19:00:00,2024-03-27
HCM04,Long Đại,80.0,30.23,-0.051,2.96,2.13,7.16,19:30:00,2024-03-27
HCM04,Long Đại,80.0,30.81,-0.069,2.74,1.98,8.05,20:00:00,2024-03-27
HCM04,Long Đại,80.0,31.2,-0.076,4.1,2.32,7.55,20:30:00,2024-03-27
HCM04,Long Đại,80.0,30.87,-0.006,2.97,2.11,6.87,21:00:00,2024-03-27
HCM04,Long Đại,80.0,30.36,-0.007,3.07,1.82,7.41,21:30:00,2024-03-27
HCM04,Long Đại,80.0,30.12,-0.0,3.73,2.43,6.57,22:00:00,2024-03-27
HCM04,Long Đại,80.0,29.59,0.026,2.97,2.22,8.29,22:30:00,2024-03-27
HCM04,Long Đại,80.0,29.87,0.024,4.83,2.51,7.93,23:00:00,2024-03-27
HCM04,Long Đại,80.0,31.81,-0.054,4.67,2.52,7.34,23:30:00,2024-03-27
HCM03,Lý Nhơn,7.0,29.98,-0.016,37.04,23.77,6.43,00:00:00,2024-03-27
HCM03,Lý Nhơn,7.0,28.83,0.018,41.09,25.75,6.1,00:30:00,2024-03-27
HCM03,Lý Nhơn,7.0,29.62,-0.004,33.42,25.16,6.8,01:00:00,2024-03-27
HCM03,Lý Nhơn,7.0,31.32,0.003,50.03,24.97,6.82,01:30:00,2024-03-27
HCM03,Lý Nhơn,7.0,29.72,0.032,36.68,27.6,6.15,02:00:00,2024-03-27
HCM03,Lý Nhơn,7.0,28.56,-0.008,33.77,22.55,6.19,02:30:00,2024-03-27
HCM03,Lý Nhơn,7.0,31.44,0.061,31.92,28.23,7.07,03:00:00,2024-03-27
HCM03,Lý Nhơn,7.0,30.73,0.003,54.06,29.32,6.5,03:30:00,2024-03-27
HCM03,Lý Nhơn,7.0,30.17,0.026,45.7,27.82,6.74,04:00:00,2024-03-27
HCM03,Lý Nhơn,7.0,31.11,0.047,53.6,31.2,5.71,04:30:00,2024-03-27
HCM03,Lý Nhơn,7.0,28.67,-0.008,45.08,29.39,6.38,05:00:00,2024-03-27
HCM03,Lý Nhơn,7.0,30.43,0.078,44.15,32.23,5.66,05:30:00,2024-03-27
HCM03,Lý Nhơn,7.0,30.34,0.049,35.83,28.52,7.27,06:00:00,2024-03-27
HCM03,Lý Nhơn,7.0,29.73,0.046,32.67,29.37,6.32,06:30:00,2024-03-27
HCM03,Lý Nhơn,7.0,30.31,0.102,41.49,27.05,6.47,07:00:00,2024-03-27
HCM03,Lý Nhơn,7.0,30.57,0.01,39.65,27.91,6.83,07:30:00,2024-03-27
HCM03,Lý Nhơn,7.0,31.56,0.043,46.76,35.1,6.06,08:00:00,2024-03-27
HCM03,Lý Nhơn,7.0,29.94,0.074,47.26,25.13,6.63,08:30:00,2024-03-27
HCM03,Lý Nhơn,7.0,29.8,0.055,53.34,27.59,6.04,09:00:00,2024-03-27
HCM03,Lý Nhơn,7.0,30.38,0.098,38.93,26.64,5.99,09:30:00,2024-03-27
HCM03,Lý Nhơn,7.0,29.78,0.006,41.79,22.46,5.45,10:00:00,2024-03-27
HCM03,Lý Nhơn,7.0,29.39,-0.031,37.73,24.84,6.19,10:30:00,2024-03-27
HCM03,Lý Nhơn,7.0,29.86,-0.003,41.86,25.43,6.02,11:00:00,2024-03-27
HCM03,Lý Nhơn,7.0,29.64,-0.023,28.62,22.59,6.93,11:30:00,2024-03-27
HCM03,Lý Nhơn,7.0,29.26,0.019,32.15,22.82,6.74,12:00:00,2024-03-27
HCM03,Lý Nhơn,7.0,30.58,-0.05,30.39,23.03,6.54,12:30:00,2024-03-27
HCM03,Lý Nhơn,7.0,30.26,-0.021,36.89,21.67,7.36,13:00:00,2024-03-27
HCM03,Lý Nhơn,7.0,31.22,-0.044,33.03,21.03,6.72,13:30:00,2024-03-27
HCM03,Lý Nhơn,7.0,29.48,0.009,41.35,26.95,5.62,14:00:00,2024-03-27
HCM03,Lý Nhơn,7.0,29.31,-0.022,33.51,22.2,5.76,14:30:00,2024-03-27
HCM03,Lý Nhơn,7.0,30.46,0.019,29.85,20.22,7.18,15:00:00,2024-03-27
HCM03,Lý Nhơn,7.0,31.11,-0.053,36.39,20.13,6.71,15:30:00,2024-03-27
HCM03,Lý Nhơn,7.0,30.05,-0.041,36.97,21.65,6.42,16:00:00,2024-03-27
HCM03,Lý Nhơn,7.0,30.12,-0.088,28.41,18.19,7.54,16:30:00,2024-03-27
HCM03,Lý Nhơn,7.0,30.05,-0.029,37.77,19.99,6.25,17:00:00,2024-03-27
HCM03,Lý Nhơn,7.0,29.31,-0.048,44.33,19.93,5.66,17:30:00,2024-03-27
HCM03,Lý Nhơn,7.0,30.52,-0.066,31.16,18.62,6.06,18:00:00,2024-03-27
HCM03,Lý Nhơn,7.0,31.45,-0.067,31.68,19.72,7.25,18:30:00,2024-03-27
HCM03,Lý Nhơn,7.0,29.32,-0.047,29.65,19.95,6.04,19:00:00,2024-03-27
HCM03,Lý Nhơn,7.0,30.48,-0.053,23.69,18.22,6.57,19:30:00,2024-03-27
HCM03,Lý Nhơn,7.0,29.52,-0.078,37.21,20.85,6.6,20:00:00,2024-03-27
HCM03,Lý Nhơn,7.0,31.54,-0.079,33.68,21.81,6.52,20:30:00,2024-03-27
HCM03,Lý Nhơn,7.0,27.81,-0.018,36.1,21.67,6.01,21:00:00,2024-03-27
HCM03,Lý Nhơn,7.0,29.47,-0.048,37.95,22.06,6.7,21:30:00,2024-03-27
HCM03,Lý Nhơn,7.0,29.7,-0.011,29.8,16.82,7.48,22:00:00,2024-03-27
HCM03,Lý Nhơn,7.0,30.24,-0.068,38.95,20.71,6.7,22:30:00,2024-03-27
HCM03,Lý Nhơn,7.0,29.88,0.029,43.13,25.6,6.24,23:00:00,2024-03-27
HCM03,Lý Nhơn,7.0,29.73,-0.018,40.96,23.66,7.4,23:30:00,2024-03-27
HCM01,Nhà Bè,38.0,30.81,-0.012,25.7,17.45,7.12,00:00:00,2024-03-27
HCM01,Nhà Bè,38.0,30.35,0.027,28.63,16.42,7.33,00:30:00,2024-03-27
HCM01,Nhà Bè,38.0,30.13,0.011,16.55,13.53,7.22,01:00:00,2024-03-27
HCM01,Nhà Bè,38.0,28.56,-0.01,23.21,15.34,6.0,01:30:00,2024-03-27
HCM01,Nhà Bè,38.0,29.47,-0.012,26.94,16.13,6.29,02:00:00,2024-03-27
HCM01,Nhà Bè,38.0,29.74,0.017,24.52,17.81,7.28,02:30:00,2024-03-27
HCM01,Nhà Bè,38.0,30.63,0.026,36.34,16.63,6.35,03:00:00,2024-03-27
HCM01,Nhà Bè,38.0,30.9,0.054,21.89,15.91,6.05,03:30:00,2024-03-27
HCM01,Nhà Bè,38.0,29.49,0.056,20.06,15.5,7.08,04:00:00,2024-03-27
HCM01,Nhà Bè,38.0,29.07,0.007,26.21,15.44,6.45,04:30:00,2024-03-27
HCM01,Nhà Bè,38.0,30.05,0.048,28.8,16.85,6.73,05:00:00,2024-03-27
HCM01,Nhà Bè,38.0,29.59,0.04,27.47,17.48,6.2,05:30:00,2024-03-27
HCM01,Nhà Bè,38.0,29.39,0.095,26.36,16.46,6.91,06:00:00,2024-03-27
HCM01,Nhà Bè,38.0,30.78,0.011,32.04,16.89,7.08,06:30:00,2024-03-27
HCM01,Nhà Bè,38.0,29.87,0.041,19.99,14.25,7.53,07:00:00,2024-03-27
HCM01,Nhà Bè,38.0,29.93,0.029,20.97,17.11,7.17,07:30:00,2024-03-27
HCM01,Nhà Bè,38.0,29.63,0.079,34.09,19.02,6.28,08:00:00,2024-03-27
HCM01,Nhà Bè,38.0,30.73,0.022,26.01,17.22,6.45,08:30:00,2024-03-27
HCM01,Nhà Bè,38.0,29.13,0.078,16.71,12.26,7.47,09:00:00,2024-03-27
HCM01,Nhà Bè,38.0,30.47,0.022,23.47,16.1,6.96,09:30:00,2024-03-27
HCM01,Nhà Bè,38.0,28.66,0.006,25.9,14.57,6.95,10:00:00,2024-03-27
HCM01,Nhà Bè,38.0,30.81,0.07,18.95,13.29,6.61,10:30:00,2024-03-27
HCM01,Nhà Bè,38.0,29.33,-0.017,26.73,15.34,6.71,11:00:00,2024-03-27
HCM01,Nhà Bè,38.0,29.86,0.01,30.81,14.78,7.79,11:30:00,2024-03-27
HCM01,Nhà Bè,38.0,30.57,0.012,26.1,16.81,6.56,12:00:00,2024-03-27
HCM01,Nhà Bè,38.0,30.09,0.049,20.35,15.02,6.72,12:30:00,2024-03-27
HCM01,Nhà Bè,38.0,30.06,-0.071,29.49,15.24,7.51,13:00:00,2024-03-27
HCM01,Nhà Bè,38.0,30.16,0.003,21.16,12.06,7.33,13:30:00,2024-03-27
HCM01,Nhà Bè,38.0,30.55,-0.09,27.3,13.92,6.65,14:00:00,2024-03-27
HCM01,Nhà Bè,38.0,29.96,-0.069,20.45,13.61,7.96,14:30:00,2024-03-27
HCM01,Nhà Bè,38.0,29.39,-0.054,22.21,11.88,6.8,15:00:00,2024-03-27
HCM01,Nhà Bè,38.0,30.48,-0.046,21.35,12.44,8.09,15:30:00,2024-03-27
HCM01,Nhà Bè,38.0,30.21,-0.066,21.05,12.6,6.79,16:00:00,2024-03-27
HCM01,Nhà Bè,38.0,29.89,-0.073,20.42,10.68,7.59,16:30:00,2024-03-27
HCM01,Nhà Bè,38.0,29.89,-0.083,11.55,8.79,7.48,17:00:00,2024-03-27
HCM01,Nhà Bè,38.0,28.86,-0.027,19.66,12.86,7.27,17:30:00,2024-03-27
HCM01,Nhà Bè,38.0,29.38,-0.063,21.49,14.77,6.71,18:00:00,2024-03-27
HCM01,Nhà Bè,38.0,29.79,-0.086,12.0,8.76,7.14,18:30:00,2024-03-27
HCM01,Nhà Bè,38.0,29.6,-0.075,13.29,12.36,7.0,19:00:00,2024-03-27
HCM01,Nhà Bè,38.0,28.48,-0.038,18.41,11.96,7.19,19:30:00,2024-03-27
HCM01,Nhà Bè,38.0,31.7,0.016,22.26,13.41,7.2,20:00:00,2024-03-27
HCM01,Nhà Bè,38.0,30.85,-0.075,23.86,12.95,7.13,20:30:00,2024-03-27
HCM01,Nhà Bè,38.0,28.98,-0.027,18.31,13.29,8.0,21:00:00,2024-03-27
HCM01,Nhà Bè,38.0,29.9,-0.032,21.91,13.04,7.04,21:30:00,2024-03-27
HCM01,Nhà Bè,38.0,29.01,-0.007,22.8,14.0,7.13,22:00:00,2024-03-27
HCM01,Nhà Bè,38.0,29.67,0.005,14.7,13.33,7.83,22:30:00,2024-03-27
HCM01,Nhà Bè,38.0,30.84,-0.004,14.15,13.25,7.52,23:00:00,2024-03-27
HCM01,Nhà Bè,38.0,28.76,-0.002,20.41,14.08,6.87,23:30:00,2024-03-27
HCM02,Cát Lái,58.0,31.24,-0.005,13.69,8.82,6.17,00:00:00,2024-03-28
HCM02,Cát Lái,58.0,30.57,0.027,18.34,9.52,7.24,00:30:00,2024-03-28
HCM02,Cát Lái,58.0,30.76,0.013,15.11,9.04,6.3,01:00:00,2024-03-28
HCM02,Cát Lái,58.0,30.72,0.03,19.29,10.41,7.29,01:30:00,2024-03-28
HCM02,Cát Lái,58.0,30.75,0.079,16.01,10.7,6.97,02:00:00,2024-03-28
HCM02,Cát Lái,58.0,29.5,0.001,15.22,9.18,7.55,02:30:00,2024-03-28
HCM02,Cát Lái,58.0,29.78,0.063,13.89,10.2,6.91,03:00:00,2024-03-28
HCM02,Cát Lái,58.0,29.39,0.02,21.89,10.38,7.8,03:30:00,2024-03-28
HCM02,Cát Lái,58.0,29.59,0.032,14.83,10.82,8.0,04:00:00,2024-03-28
HCM02,Cát Lái,58.0,29.65,0.016,21.09,12.02,7.15,04:30:00,2024-03-28
HCM02,Cát Lái,58.0,29.27,0.056,17.2,9.99,7.16,05:00:00,2024-03-28
HCM02,Cát Lái,58.0,30.82,0.05,20.05,11.95,7.69,05:30:00,2024-03-28
HCM02,Cát Lái,58.0,30.05,0.024,19.4,10.85,6.13,06:00:00,2024-03-28
HCM02,Cát Lái,58.0,30.24,0.065,21.3,11.17,8.0,06:30:00,2024-03-28
HCM02,Cát Lái,58.0,30.33,0.015,13.81,9.86,7.43,07:00:00,2024-03-28
HCM02,Cát Lái,58.0,30.76,0.018,15.48,10.36,7.37,07:30:00,2024-03-28
HCM02,Cát Lái,58.0,29.1,0.075,13.34,9.46,7.19,08:00:00,2024-03-28
HCM02,Cát Lái,58.0,31.21,0.013,10.76,8.71,7.46,08:30:00,2024-03-28
HCM02,Cát Lái,58.0,31.14,0.042,19.42,10.83,7.32,09:00:00,2024-03-28
HCM02,Cát Lái,58.0,29.98,0.03,16.61,10.32,6.69,09:30:00,2024-03-28
HCM02,Cát Lái,58.0,28.89,0.021,12.79,9.2,6.57,10:00:00,2024-03-28
HCM02,Cát Lái,58.0,31.08,0.023,15.71,11.52,7.77,10:30:00,2024-03-28
HCM02,Cát Lái,58.0,28.91,-0.01,14.32,9.06,7.86,11:00:00,2024-03-28
HCM02,Cát Lái,58.0,30.66,-0.038,13.47,9.52,6.13,11:30:00,2024-03-28
HCM02,Cát Lái,58.0,28.9,0.017,15.71,9.16,6.0,12:00:00,2024-03-28
HCM02,Cát Lái,58.0,28.83,-0.008,10.67,7.51,7.08,12:30:00,2024-03-28
HCM02,Cát Lái,58.0,29.1,-0.059,17.31,10.27,6.82,13:00:00,2024-03-28
HCM02,Cát Lái,58.0,29.6,0.007,19.56,10.65,7.22,13:30:00,2024-03-28
HCM02,Cát Lái,58.0,31.36,-0.025,11.65,7.56,6.8,14:00:00,2024-03-28
HCM02,Cát Lái,58.0,30.02,-0.022,11.44,7.36,7.77,14:30:00,2024-03-28
HCM02,Cát Lái,58.0,29.97,-0.06,10.66,6.37,7.03,15:00:00,2024-03-28
HCM02,Cát Lái,58.0,30.74,-0.083,8.08,6.76,7.01,15:30:00,2024-03-28
HCM02,Cát Lái,58.0,30.57,-0.04,10.26,7.24,7.06,16:00:00,2024-03-28
HCM02,Cát Lái,58.0,29.45,-0.072,16.02,8.43,7.32,16:30:00,2024-03-28
HCM02,Cát Lái,58.0,29.28,-0.02,10.04,8.07,6.92,17:00:00,2024-03-28
HCM02,Cát Lái,58.0,31.01,-0.037,10.22,7.51,7.09,17:30:00,2024-03-28
HCM02,Cát Lái,58.0,30.24,-0.095,11.26,8.15,6.89,18:00:00,2024-03-28
HCM02,Cát Lái,58.0,30.06,-0.005,13.04,9.18,7.27,18:30:00,2024-03-28
HCM02,Cát Lái,58.0,29.95,-0.067,11.85,7.55,7.94,19:00:00,2024-03-28
HCM02,Cát Lái,58.0,30.4,0.007,15.33,7.58,7.21,19:30:00,2024-03-28
HCM02,Cát Lái,58.0,30.43,-0.04,12.42,8.38,7.29,20:00:00,2024-03-28
HCM02,Cát Lái,58.0,30.05,-0.066,9.43,7.28,6.92,20:30:00,2024-03-28
HCM02,Cát Lái,58.0,30.05,-0.069,15.47,8.88,6.5,21:00:00,2024-03-28
HCM02,Cát Lái,58.0,29.26,-0.042,9.53,7.42,6.22,21:30:00,2024-03-28
HCM02,Cát Lái,58.0,30.82,-0.016,9.62,7.08,7.49,22:00:00,2024-03-28
HCM02,Cát Lái,58.0,31.12,-0.038,16.11,10.75,7.59,22:30:00,2024-03-28
HCM02,Cát Lái,58.0,30.32,0.034,16.41,10.16,7.19,23:00:00,2024-03-28
HCM02,Cát Lái,58.0,29.64,-0.01,14.73,9.28,8.15,23:30:00,2024-03-28
HCM04,Long Đại,80.0,30.09,-0.052,4.6,3.1,7.49,00:00:00,2024-03-28
HCM04,Long Đại,80.0,31.14,0.022,3.46,2.15,7.27,00:30:00,2024-03-28
HCM04,Long Đại,80.0,30.85,-0.039,4.56,3.02,7.32,01:00:00,2024-03-28
HCM04,Long Đại,80.0,28.08,-0.003,3.37,2.49,7.18,01:30:00,2024-03-28
HCM04,Long Đại,80.0,29.08,0.005,5.83,3.09,7.19,02:00:00,2024-03-28
HCM04,Long Đại,80.0,29.53,0.019,3.07,2.13,7.69,02:30:00,2024-03-28
HCM04,Long Đại,80.0,28.17,0.03,2.58,3.02,8.02,03:00:00,2024-03-28
HCM04,Long Đại,80.0,30.82,0.04,3.77,2.97,7.3,03:30:00,2024-03-28
HCM04,Long Đại,80.0,28.74,0.045,4.03,2.91,7.56,04:00:00,2024-03-28
HCM04,Long Đại,80.0,30.72,0.066,6.55,3.32,7.79,04:30:00,2024-03-28
HCM04,Long Đại,80.0,28.46,0.034,5.16,3.4,7.14,05:00:00,2024-03-28
HCM04,Long Đại,80.0,30.52,0.063,4.74,3.08,7.78,05:30:00,2024-03-28
HCM04,Long Đại,80.0,29.19,0.081,5.05,2.7,7.35,06:00:00,2024-03-28
HCM04,Long Đại,80.0,30.71,0.044,6.51,3.64,7.79,06:30:00,2024-03-28
HCM04,Long Đại,80.0,30.27,0.095,4.18,2.81,6.91,07:00:00,2024-03-28
HCM04,Long Đại,80.0,29.07,0.087,3.75,2.66,7.93,07:30:00,2024-03-28
HCM04,Long Đại,80.0,31.71,0.048,4.9,2.75,8.34,08:00:00,2024-03-28
HCM04,Long Đại,80.0,29.94,0.038,4.03,2.09,6.84,08:30:00,2024-03-28
HCM04,Long Đại,80.0,29.54,0.005,3.95,2.77,7.42,09:00:00,2024-03-28
HCM04,Long Đại,80.0,28.4,-0.025,6.63,3.33,7.63,09:30:00,2024-03-28
HCM04,Long Đại,80.0,29.49,0.073,3.06,2.39,7.5,10:00:00,2024-03-28
HCM04,Long Đại,80.0,29.74,0.031,4.16,2.79,8.03,10:30:00,2024-03-28
HCM04,Long Đại,80.0,29.74,0.011,3.49,2.56,7.54,11:00:00,2024-03-28
HCM04,Long Đại,80.0,29.21,-0.045,4.11,2.58,7.25,11:30:00,2024-03-28
HCM04,Long Đại,80.0,30.52,-0.011,3.37,2.32,6.74,12:00:00,2024-03-28
HCM04,Long Đại,80.0,28.8,0.041,4.35,2.62,7.84,12:30:00,2024-03-28
HCM04,Long Đại,80.0,30.39,0.033,4.12,2.25,7.18,13:00:00,2024-03-28
HCM04,Long Đại,80.0,31.49,-0.033,3.29,2.16,7.21,13:30:00,2024-03-28
HCM04,Long Đại,80.0,29.15,-0.04,4.28,2.67,6.9,14:00:00,2024-03-28
HCM04,Long Đại,80.0,30.36,-0.016,4.0,2.52,7.91,14:30:00,2024-03-28
HCM04,Long Đại,80.0,30.19,-0.046,3.28,2.26,8.19,15:00:00,2024-03-28
HCM04,Long Đại,80.0,29.4,-0.009,3.67,1.95,6.59,15:30:00,2024-03-28
HCM04,Long Đại,80.0,29.73,-0.041,2.54,2.1,8.22,16:00:00,2024-03-28
HCM04,Long Đại,80.0,30.55,-0.069,3.62,2.12,8.12,16:30:00,2024-03-28
HCM04,Long Đại,80.0,29.83,-0.021,3.54,2.4,7.32,17:00:00,2024-03-28
HCM04,Long Đại,80.0,29.32,-0.079,3.16,2.12,6.77,17:30:00,2024-03-28
HCM04,Long Đại,80.0,29.54,-0.065,3.85,2.26,7.91,18:00:00,2024-03-28
HCM04,Long Đại,80.0,30.64,-0.059,3.26,2.09,7.77,18:30:00,2024-03-28
HCM04,Long Đại,80.0,29.74,-0.044,3.96,2.36,7.26,19:00:00,2024-03-28
HCM04,Long Đại,80.0,29.8,-0.047,3.99,2.16,7.64,19:30:00,2024-03-28
HCM04,Long Đại,80.0,31.06,-0.051,2.7,2.14,7.63,20:00:00,2024-03-28
HCM04,Long Đại,80.0,29.59,-0.094,2.76,2.17,8.52,20:30:00,2024-03-28
HCM04,Long Đại,80.0,30.55,-0.036,3.35,2.04,6.81,21:00:00,2024-03-28
HCM04,Long Đại,80.0,30.24,-0.009,3.5,2.14,7.36,21:30:00,2024-03-28
HCM04,Long Đại,80.0,29.89,0.003,3.29,1.98,7.91,22:00:00,2024-03-28
HCM04,Long Đại,80.0,30.75,-0.045,4.77,2.76,6.93,22:30:00,2024-03-28
HCM04,Long Đại,80.0,29.63,-0.004,3.54,2.39,6.76,23:00:00,2024-03-28
HCM04,Long Đại,80.0,29.76,-0.01,3.95,2.1,6.94,23:30:00,2024-03-28
HCM03,Lý Nhơn,7.0,30.26,0.059,42.23,23.21,8.0,00:00:00,2024-03-28
HCM03,Lý Nhơn,7.0,30.5,0.007,35.2,20.6,5.81,00:30:00,2024-03-28
HCM03,Lý Nhơn,7.0,29.74,-0.0,42.36,26.68,6.76,01:00:00,2024-03-28
HCM03,Lý Nhơn,7.0,29.22,0.075,42.27,24.2,6.86,01:30:00,2024-03-28
HCM03,Lý Nhơn,7.0,28.32,-0.005,26.24,24.77,6.81,02:00:00,2024-03-28
HCM03,Lý Nhơn,7.0,29.6,0.056,33.88,26.17,6.52,02:30:00,2024-03-28
HCM03,Lý Nhơn,7.0,30.21,0.06,50.23,27.35,6.64,03:00:00,2024-03-28
HCM03,Lý Nhơn,7.0,29.85,0.028,36.77,29.76,6.48,03:30:00,2024-03-28
HCM03,Lý Nhơn,7.0,29.11,0.008,38.02,28.29,6.52,04:00:00,2024-03-28
HCM03,Lý Nhơn,7.0,28.04,0.018,32.27,23.8,7.83,04:30:00,2024-03-28
HCM03,Lý Nhơn,7.0,28.95,0.034,31.41,20.0,7.27,05:00:00,2024-03-28
HCM03,Lý Nhơn,7.0,29.21,-0.002,35.88,24.8,6.3,05:30:00,2024-03-28
HCM03,Lý Nhơn,7.0,28.12,0.05,42.61,27.43,7.28,06:00:00,2024-03-28
HCM03,Lý Nhơn,7.0,30.26,0.016,45.37,26.18,7.37,06:30:00,2024-03-28
HCM03,Lý Nhơn,7.0,28.84,0.087,28.12,21.53,6.2,07:00:00,2024-03-28
HCM03,Lý Nhơn,7.0,30.01,0.045,45.4,30.12,5.69,07:30:00,2024-03-28
HCM03,Lý Nhơn,7.0,29.82,0.083,38.71,25.98,6.36,08:00:00,2024-03-28
HCM03,Lý Nhơn,7.0,30.12,0.0,32.42,26.95,6.44,08:30:00,2024-03-28
HCM03,Lý Nhơn,7.0,30.06,0.08,46.17,27.53,6.15,09:00:00,2024-03-28
HCM03,Lý Nhơn,7.0,30.7,-0.044,31.64,18.4,6.28,09:30:00,2024-03-28
HCM03,Lý Nhơn,7.0,29.72,0.08,48.87,30.19,5.97,10:00:00,2024-03-28
HCM03,Lý Nhơn,7.0,27.21,0.047,43.41,21.39,6.08,10:30:00,2024-03-28
HCM03,Lý Nhơn,7.0,29.73,-0.008,30.63,22.65,5.81,11:00:00,2024-03-28
HCM03,Lý Nhơn,7.0,31.16,-0.008,45.13,22.85,7.27,11:30:00,2024-03-28
HCM03,Lý Nhơn,7.0,30.27,-0.019,29.59,20.89,6.01,12:00:00,2024-03-28
HCM03,Lý Nhơn,7.0,30.54,0.028,46.45,25.12,7.68,12:30:00,2024-03-28
HCM03,Lý Nhơn,7.0,30.35,0.03,33.94,22.81,6.38,13:00:00,2024-03-28
HCM03,Lý Nhơn,7.0,29.97,0.012,35.01,21.72,6.47,13:30:00,2024-03-28
HCM03,Lý Nhơn,7.0,31.48,-0.005,31.64,24.54,6.45,14:00:00,2024-03-28
HCM03,Lý Nhơn,7.0,28.89,-0.013,21.12,17.66,6.41,14:30:00,2024-03-28
HCM03,Lý Nhơn,7.0,31.28,-0.14,33.29,21.08,5.64,15:00:00,2024-03-28
HCM03,Lý Nhơn,7.0,30.05,-0.004,27.35,17.2,7.14,15:30:00,2024-03-28
HCM03,Lý Nhơn,7.0,30.53,-0.022,36.46,20.04,6.56,16:00:00,2024-03-28
HCM03,Lý Nhơn,7.0,29.65,-0.056,32.92,24.41,6.79,16:30:00,2024-03-28
HCM03,Lý Nhơn,7.0,30.05,-0.056,30.83,21.89,5.37,17:00:00,2024-03-28
HCM03,Lý Nhơn,7.0,30.52,-0.04,40.91,20.92,6.53,17:30:00,2024-03-28
HCM03,Lý Nhơn,7.0,29.1,-0.065,38.18,18.73,6.04,18:00:00,2024-03-28
HCM03,Lý Nhơn,7.0,29.75,-0.047,39.53,19.63,7.0,18:30:00,2024-03-28
HCM03,Lý Nhơn,7.0,29.97,-0.061,39.32,22.65,6.76,19:00:00,2024-03-28
HCM03,Lý Nhơn,7.0,31.2,-0.086,35.39,20.34,6.63,19:30:00,2024-03-28
HCM03,Lý Nhơn,7.0,30.01,-0.008,28.99,21.69,6.68,20:00:00,2024-03-28
HCM03,Lý Nhơn,7.0,30.02,-0.111,32.19,21.02,7.33,20:30:00,2024-03-28
HCM03,Lý Nhơn,7.0,30.09,-0.039,31.86,21.01,6.58,21:00:00,2024-03-28
HCM03,Lý Nhơn,7.0,30.49,-0.043,34.95,25.87,5.87,21:30:00,2024-03-28
HCM03,Lý Nhơn,7.0,30.86,-0.021,44.85,24.01,6.13,22:00:00,2024-03-28
HCM03,Lý Nhơn,7.0,30.48,-0.049,25.04,19.07,6.79,22:30:00,2024-03-28
HCM03,Lý Nhơn,7.0,30.52,-0.013,36.36,20.6,6.88,23:00:00,2024-03-28
HCM03,Lý Nhơn,7.0,30.13,-0.024,36.98,24.3,6.01,23:30:00,2024-03-28
HCM01,Nhà Bè,38.0,29.4,0.01,22.51,14.39,7.2,00:00:00,2024-03-28
HCM01,Nhà Bè,38.0,29.11,0.011,20.76,11.89,6.43,00:30:00,2024-03-28
HCM01,Nhà Bè,38.0,30.46,0.035,27.72,14.3,7.42,01:00:00,2024-03-28
HCM01,Nhà Bè,38.0,30.24,0.022,19.05,12.86,6.55,01:30:00,2024-03-28
HCM01,Nhà Bè,38.0,30.38,0.01,20.4,14.43,7.4,02:00:00,2024-03-28
HCM01,Nhà Bè,38.0,29.89,0.036,21.35,16.5,7.01,02:30:00,2024-03-28
HCM01,Nhà Bè,38.0,30.17,-0.003,22.88,14.01,8.16,03:00:00,2024-03-28
HCM01,Nhà Bè,38.0,31.07,0.033,17.32,13.45,7.18,03:30:00,2024-03-28
HCM01,Nhà Bè,38.0,29.42,0.006,30.7,15.32,7.18,04:00:00,2024-03-28
HCM01,Nhà Bè,38.0,30.14,0.037,42.41,19.87,6.69,04:30:00,2024-03-28
HCM01,Nhà Bè,38.0,29.63,0.023,23.12,13.6,6.92,05:00:00,2024-03-28
HCM01,Nhà Bè,38.0,30.65,0.047,24.15,14.27,7.18,05:30:00,2024-03-28
HCM01,Nhà Bè,38.0,29.72,0.052,19.16,14.82,6.32,06:00:00,2024-03-28
HCM01,Nhà Bè,38.0,29.74,0.039,17.33,12.73,7.19,06:30:00,2024-03-28
HCM01,Nhà Bè,38.0,31.49,0.064,17.72,13.34,6.29,07:00:00,2024-03-28
HCM01,Nhà Bè,38.0,29.72,-0.013,23.29,12.69,7.09,07:30:00,2024-03-28
HCM01,Nhà Bè,38.0,29.82,0.053,31.07,15.33,7.19,08:00:00,2024-03-28
HCM01,Nhà Bè,38.0,30.45,-0.006,20.71,13.37,6.64,08:30:00,2024-03-28
HCM01,Nhà Bè,38.0,29.71,0.007,18.33,14.6,6.77,09:00:00,2024-03-28
HCM01,Nhà Bè,38.0,30.56,-0.027,23.96,14.37,5.9,09:30:00,2024-03-28
HCM01,Nhà Bè,38.0,30.22,0.016,24.37,13.25,6.73,10:00:00,2024-03-28
HCM01,Nhà Bè,38.0,29.02,0.046,18.54,14.05,7.01,10:30:00,2024-03-28
HCM01,Nhà Bè,38.0,29.04,-0.023,27.85,15.2,5.92,11:00:00,2024-03-28
HCM01,Nhà Bè,38.0,30.67,-0.002,26.26,13.6,6.59,11:30:00,2024-03-28
HCM01,Nhà Bè,38.0,29.78,-0.038,25.04,13.53,7.02,12:00:00,2024-03-28
HCM01,Nhà Bè,38.0,29.67,-0.016,19.15,12.26,7.59,12:30:00,2024-03-28
HCM01,Nhà Bè,38.0,29.9,-0.023,27.75,14.9,6.83,13:00:00,2024-03-28
HCM01,Nhà Bè,38.0,30.02,-0.029,20.3,13.59,7.5,13:30:00,2024-03-28
HCM01,Nhà Bè,38.0,29.95,-0.007,16.72,12.38,7.68,14:00:00,2024-03-28
HCM01,Nhà Bè,38.0,29.1,-0.03,25.54,12.92,7.59,14:30:00,2024-03-28
HCM01,Nhà Bè,38.0,30.08,0.008,14.89,12.2,7.72,15:00:00,2024-03-28
HCM01,Nhà Bè,38.0,29.34,-0.006,15.99,11.69,7.1,15:30:00,2024-03-28
HCM01,Nhà Bè,38.0,31.36,-0.07,23.29,12.9,7.5,16:00:00,2024-03-28
HCM01,Nhà Bè,38.0,31.08,-0.077,22.1,11.89,5.63,16:30:00,2024-03-28
HCM01,Nhà Bè,38.0,29.1,0.003,18.36,11.77,7.42,17:00:00,2024-03-28
HCM01,Nhà Bè,38.0,29.34,-0.041,13.8,11.6,7.01,17:30:00,2024-03-28
HCM01,Nhà Bè,38.0,30.56,-0.037,22.11,12.71,6.78,18:00:00,2024-03-28
HCM01,Nhà Bè,38.0,29.61,-0.055,19.07,12.79,7.45,18:30:00,2024-03-28
HCM01,Nhà Bè,38.0,29.81,-0.014,20.23,12.17,7.39,19:00:00,2024-03-28
HCM01,Nhà Bè,38.0,30.41,-0.021,14.27,11.42,7.03,19:30:00,2024-03-28
HCM01,Nhà Bè,38.0,31.42,-0.054,20.13,10.09,6.46,20:00:00,2024-03-28
HCM01,Nhà Bè,38.0,29.15,-0.061,19.0,12.07,6.9,20:30:00,2024-03-28
HCM01,Nhà Bè,38.0,30.24,-0.024,17.35,12.28,7.36,21:00:00,2024-03-28
HCM01,Nhà Bè,38.0,30.36,-0.007,24.45,14.34,6.32,21:30:00,2024-03-28
HCM01,Nhà Bè,38.0,29.74,-0.044,22.13,12.08,6.78,22:00:00,2024-03-28
HCM01,Nhà Bè,38.0,30.4,-0.012,16.62,12.42,6.65,22:30:00,2024-03-28
HCM01,Nhà Bè,38.0,30.33,-0.023,18.55,12.23,6.95,23:00:00,2024-03-28
HCM01,Nhà Bè,38.0,30.53,-0.046,21.78,13.6,7.22,23:30:00,2024-03-28
HCM02,Cát Lái,58.0,29.85,-0.077,19.14,10.5,6.89,00:00:00,2024-03-29
HCM02,Cát Lái,58.0,29.82,-0.016,11.33,9.24,7.97,00:30:00,2024-03-29
HCM02,Cát Lái,58.0,28.66,0.036,17.41,10.81,7.06,01:00:00,2024-03-29
HCM02,Cát Lái,58.0,29.53,0.047,17.17,11.59,6.43,01:30:00,2024-03-29
HCM02,Cát Lái,58.0,31.1,0.01,12.6,10.27,5.75,02:00:00,2024-03-29
HCM02,Cát Lái,58.0,28.44,-0.002,17.12,9.3,8.2,02:30:00,2024-03-29
HCM02,Cát Lái,58.0,29.31,0.028,15.99,11.29,7.46,03:00:00,2024-03-29
HCM02,Cát Lái,58.0,29.98,-0.003,15.75,9.42,7.08,03:30:00,2024-03-29
HCM02,Cát Lái,58.0,29.72,0.014,15.58,9.77,6.22,04:00:00,2024-03-29
HCM02,Cát Lái,58.0,30.01,0.022,12.01,10.13,6.79,04:30:00,2024-03-29
HCM02,Cát Lái,58.0,29.8,0.053,18.55,9.28,7.82,05:00:00,2024-03-29
HCM02,Cát Lái,58.0,30.9,-0.006,20.06,11.17,6.95,05:30:00,2024-03-29
HCM02,Cát Lái,58.0,29.16,-0.002,20.92,10.71,7.29,06:00:00,2024-03-29
HCM02,Cát Lái,58.0,29.33,0.005,16.82,10.3,7.03,06:30:00,2024-03-29
HCM02,Cát Lái,58.0,28.76,0.008,14.25,9.93,7.87,07:00:00,2024-03-29
HCM02,Cát Lái,58.0,30.54,0.055,20.51,12.15,6.83,07:30:00,2024-03-29
HCM02,Cát Lái,58.0,29.07,0.01,21.94,11.23,6.95,08:00:00,2024-03-29
HCM02,Cát Lái,58.0,29.54,0.047,17.83,11.73,7.32,08:30:00,2024-03-29
HCM02,Cát Lái,58.0,30.67,0.026,20.79,12.76,6.99,09:00:00,2024-03-29
HCM02,Cát Lái,58.0,30.64,0.014,21.95,11.02,7.74,09:30:00,2024-03-29
HCM02,Cát Lái,58.0,30.25,-0.026,14.03,10.18,7.46,10:00:00,2024-03-29
HCM02,Cát Lái,58.0,30.86,0.025,15.77,10.04,6.01,10:30:00,2024-03-29
HCM02,Cát Lái,58.0,29.64,0.035,16.82,9.0,7.41,11:00:00,2024-03-29
HCM02,Cát Lái,58.0,31.08,0.013,20.74,9.94,5.44,11:30:00,2024-03-29
HCM02,Cát Lái,58.0,29.19,-0.014,14.67,10.19,7.14,12:00:00,2024-03-29
HCM02,Cát Lái,58.0,27.99,-0.011,16.26,9.69,7.52,12:30:00,2024-03-29
HCM02,Cát Lái,58.0,29.0,0.009,13.18,8.66,7.02,13:00:00,2024-03-29
HCM02,Cát Lái,58.0,28.77,-0.036,14.1,8.81,7.69,13:30:00,2024-03-29
HCM02,Cát Lái,58.0,29.56,-0.052,14.63,7.71,6.03,14:00:00,2024-03-29
HCM02,Cát Lái,58.0,30.4,-0.02,15.45,10.2,6.95,14:30:00,2024-03-29
HCM02,Cát Lái,58.0,30.57,-0.051,14.93,7.56,6.38,15:00:00,2024-03-29
HCM02,Cát Lái,58.0,28.74,0.007,10.18,6.81,6.89,15:30:00,2024-03-29
HCM02,Cát Lái,58.0,29.79,-0.086,14.82,7.21,8.25,16:00:00,2024-03-29
HCM02,Cát Lái,58.0,29.49,-0.068,11.98,8.86,7.43,16:30:00,2024-03-29
HCM02,Cát Lái,58.0,30.78,-0.041,12.45,8.33,6.99,17:00:00,2024-03-29
HCM02,Cát Lái,58.0,28.65,-0.019,9.7,6.79,6.74,17:30:00,2024-03-29
HCM02,Cát Lái,58.0,29.17,-0.037,13.76,8.2,7.37,18:00:00,2024-03-29
HCM02,Cát Lái,58.0,30.86,-0.054,8.66,8.05,7.33,18:30:00,2024-03-29
HCM02,Cát Lái,58.0,30.47,-0.013,10.64,6.51,6.82,19:00:00,2024-03-29
HCM02,Cát Lái,58.0,31.01,-0.017,13.97,8.25,7.07,19:30:00,2024-03-29
HCM02,Cát Lái,58.0,29.96,-0.001,12.84,8.44,6.66,20:00:00,2024-03-29
HCM02,Cát Lái,58.0,29.79,-0.006,14.17,7.56,6.35,20:30:00,2024-03-29
HCM02,Cát Lái,58.0,30.0,0.008,12.64,7.49,7.6,21:00:00,2024-03-29
HCM02,Cát Lái,58.0,30.33,-0.028,12.89,7.48,7.29,21:30:00,2024-03-29
HCM02,Cát Lái,58.0,29.48,-0.008,14.07,8.33,7.78,22:00:00,2024-03-29
HCM02,Cát Lái,58.0,30.98,0.012,12.59,8.88,6.51,22:30:00,2024-03-29
HCM02,Cát Lái,58.0,30.45,-0.008,15.27,8.22,6.98,23:00:00,2024-03-29
HCM02,Cát Lái,58.0,29.19,0.006,22.43,10.43,6.0,23:30:00,2024-03-29
HCM04,Long Đại,80.0,31.55,0.045,4.11,2.82,6.27,00:00:00,2024-03-29
HCM04,Long Đại,80.0,30.79,-0.026,5.04,2.72,7.49,00:30:00,2024-03-29
HCM04,Long Đại,80.0,31.99,0.037,4.76,3.05,6.49,01:00:00,2024-03-29
HCM04,Long Đại,80.0,30.04,-0.024,3.41,2.45,6.93,01:30:00,2024-03-29
HCM04,Long Đại,80.0,29.62,0.013,5.15,3.06,7.2,02:00:00,2024-03-29
HCM04,Long Đại,80.0,30.5,-0.019,4.95,2.37,7.02,02:30:00,2024-03-29
HCM04,Long Đại,80.0,29.89,-0.0,4.44,2.74,7.5,03:00:00,2024-03-29
HCM04,Long Đại,80.0,29.29,0.041,4.58,2.75,6.63,03:30:00,2024-03-29
HCM04,Long Đại,80.0,28.84,0.046,4.64,3.17,8.42,04:00:00,2024-03-29
HCM04,Long Đại,80.0,31.22,0.03,3.97,3.07,7.06,04:30:00,2024-03-29
HCM04,Long Đại,80.0,29.12,0.032,5.32,3.47,7.73,05:00:00,2024-03-29
HCM04,Long Đại,80.0,29.3,0.054,4.52,3.06,6.83,05:30:00,2024-03-29
HCM04,Long Đại,80.0,29.25,0.045,6.2,4.03,6.65,06:00:00,2024-03-29
HCM04,Long Đại,80.0,31.53,0.034,5.21,2.86,7.3,06:30:00,2024-03-29
HCM04,Long Đại,80.0,30.24,0.011,6.11,3.77,7.44,07:00:00,2024-03-29
HCM04,Long Đại,80.0,30.87,0.061,4.97,2.98,7.18,07:30:00,2024-03-29
HCM04,Long Đại,80.0,30.74,0.041,4.72,3.04,7.54,08:00:00,2024-03-29
HCM04,Long Đại,80.0,30.43,0.008,4.74,2.75,7.33,08:30:00,2024-03-29
HCM04,Long Đại,80.0,30.82,-0.011,4.97,2.71,7.57,09:00:00,2024-03-29
HCM04,Long Đại,80.0,30.06,0.074,6.09,2.8,7.29,09:30:00,2024-03-29
HCM04,Long Đại,80.0,29.35,0.042,4.8,3.13,8.24,10:00:00,2024-03-29
HCM04,Long Đại,80.0,31.91,0.045,5.15,2.33,6.88,10:30:00,2024-03-29
HCM04,Long Đại,80.0,30.61,0.029,5.58,2.77,6.94,11:00:00,2024-03-29
HCM04,Long Đại,80.0,31.28,-0.003,4.24,2.6,6.93,11:30:00,2024-03-29
HCM04,Long Đại,80.0,29.92,-0.002,5.04,2.59,6.99,12:00:00,2024-03-29
HCM04,Long Đại,80.0,31.18,-0.017,4.18,2.62,7.53,12:30:00,2024-03-29
HCM04,Long Đại,80.0,30.17,-0.045,3.96,2.3,6.9,13:00:00,2024-03-29
HCM04,Long Đại,80.0,30.2,0.007,5.73,2.65,6.86,13:30:00,2024-03-29
HCM04,Long Đại,80.0,30.25,-0.027,3.99,2.55,7.38,14:00:00,2024-03-29
HCM04,Long Đại,80.0,30.28,-0.024,3.09,2.21,8.16,14:30:00,2024-03-29
HCM04,Long Đại,80.0,29.1,-0.073,3.41,2.34,6.68,15:00:00,2024-03-29
HCM04,Long Đại,80.0,29.85,-0.044,3.54,2.78,7.72,15:30:00,2024-03-29
HCM04,Long Đại,80.0,30.28,0.009,3.3,2.26,8.15,16:00:00,2024-03-29
HCM04,Long Đại,80.0,29.94,-0.049,3.45,2.14,6.69,16:30:00,2024-03-29
HCM04,Long Đại,80.0,30.59,-0.055,3.21,1.8,8.63,17:00:00,2024-03-29
HCM04,Long Đại,80.0,29.11,-0.068,2.2,1.95,7.31,17:30:00,2024-03-29
HCM04,Long Đại,80.0,30.42,-0.026,2.94,2.3,7.29,18:00:00,2024-03-29
HCM04,Long Đại,80.0,29.89,-0.065,3.64,2.14,6.51,18:30:00,2024-03-29
HCM04,Long Đại,80.0,30.25,-0.112,3.66,2.46,6.93,19:00:00,2024-03-29
HCM04,Long Đại,80.0,30.0,-0.062,3.41,2.09,7.21,19:30:00,2024-03-29
HCM04,Long Đại,80.0,29.51,-0.045,3.45,2.62,8.52,20:00:00,2024-03-29
HCM04,Long Đại,80.0,27.88,-0.044,4.92,2.55,7.3,20:30:00,2024-03-29
HCM04,Long Đại,80.0,29.45,-0.081,4.59,2.6,7.17,21:00:00,2024-03-29
HCM04,Long Đại,80.0,29.62,0.002,4.15,2.34,7.74,21:30:00,2024-03-29
HCM04,Long Đại,80.0,29.66,-0.018,5.4,2.44,8.42,22:00:00,2024-03-29
HCM04,Long Đại,80.0,28.45,-0.028,3.17,2.61,7.72,22:30:00,2024-03-29
HCM04,Long Đại,80.0,28.8,-0.021,3.4,2.63,8.51,23:00:00,2024-03-29
HCM04,Long Đại,80.0,30.6,-0.077,5.03,2.35,7.49,23:30:00,2024-03-29
HCM03,Lý Nhơn,7.0,29.99,-0.045,43.45,27.23,6.42,00:00:00,2024-03-29
HCM03,Lý Nhơn,7.0,29.79,-0.063,43.44,27.91,6.42,00:30:00,2024-03-29
HCM03,Lý Nhơn,7.0,32.23,0.061,38.41,22.76,6.32,01:00:00,2024-03-29
HCM03,Lý Nhơn,7.0,29.69,0.009,45.06,26.92,6.76,01:30:00,2024-03-29
HCM03,Lý Nhơn,7.0,31.27,-0.038,44.55,29.4,6.65,02:00:00,2024-03-29
HCM03,Lý Nhơn,7.0,31.05,0.052,35.76,22.7,6.35,02:30:00,2024-03-29
HCM03,Lý Nhơn,7.0,30.45,0.027,35.86,22.41,7.07,03:00:00,2024-03-29
HCM03,Lý Nhơn,7.0,31.44,0.041,42.8,27.09,6.22,03:30:00,2024-03-29
HCM03,Lý Nhơn,7.0,29.04,0.064,55.3,32.98,6.19,04:00:00,2024-03-29
HCM03,Lý Nhơn,7.0,30.0,0.06,41.49,27.81,6.32,04:30:00,2024-03-29
HCM03,Lý Nhơn,7.0,32.12,0.019,61.3,29.81,5.55,05:00:00,2024-03-29
HCM03,Lý Nhơn,7.0,31.57,0.043,43.87,27.47,7.45,05:30:00,2024-03-29
HCM03,Lý Nhơn,7.0,28.33,0.063,54.17,30.65,5.74,06:00:00,2024-03-29
HCM03,Lý Nhơn,7.0,30.24,0.085,43.63,28.77,6.11,06:30:00,2024-03-29
HCM03,Lý Nhơn,7.0,29.96,0.035,38.85,27.65,7.57,07:00:00,2024-03-29
HCM03,Lý Nhơn,7.0,28.82,0.032,35.76,26.73,6.36,07:30:00,2024-03-29
HCM03,Lý Nhơn,7.0,31.08,-0.029,31.64,30.93,6.34,08:00:00,2024-03-29
HCM03,Lý Nhơn,7.0,31.49,0.031,55.07,29.18,7.73,08:30:00,2024-03-29
HCM03,Lý Nhơn,7.0,31.1,-0.04,52.21,28.35,6.87,09:00:00,2024-03-29
HCM03,Lý Nhơn,7.0,28.85,0.002,43.23,27.88,6.12,09:30:00,2024-03-29
HCM03,Lý Nhơn,7.0,30.08,0.063,54.55,26.43,6.28,10:00:00,2024-03-29
HCM03,Lý Nhơn,7.0,29.37,-0.037,33.83,23.04,6.24,10:30:00,2024-03-29
HCM03,Lý Nhơn,7.0,31.6,0.038,42.52,24.28,6.57,11:00:00,2024-03-29
HCM03,Lý Nhơn,7.0,29.89,0.015,38.17,23.64,6.99,11:30:00,2024-03-29
HCM03,Lý Nhơn,7.0,31.19,0.011,35.34,22.54,6.74,12:00:00,2024-03-29
HCM03,Lý Nhơn,7.0,30.61,-0.008,32.96,23.65,6.25,12:30:00,2024-03-29
HCM03,Lý Nhơn,7.0,30.64,0.004,36.22,21.89,6.42,13:00:00,2024-03-29
HCM03,Lý Nhơn,7.0,29.83,-0.027,41.71,23.2,5.87,13:30:00,2024-03-29
HCM03,Lý Nhơn,7.0,31.18,0.01,28.2,24.67,6.07,14:00:00,2024-03-29
HCM03,Lý Nhơn,7.0,30.83,-0.081,40.69,25.54,6.4,14:30:00,2024-03-29
HCM03,Lý Nhơn,7.0,29.27,0.016,28.37,23.33,7.17,15:00:00,2024-03-29
HCM03,Lý Nhơn,7.0,28.54,-0.036,29.68,19.48,6.91,15:30:00,2024-03-29
HCM03,Lý Nhơn,7.0,31.02,-0.014,27.57,18.25,6.75,16:00:00,2024-03-29
HCM03,Lý Nhơn,7.0,29.9,-0.041,32.88,22.07,6.41,16:30:00,2024-03-29
HCM03,Lý Nhơn,7.0,29.36,-0.004,33.97,21.91,6.58,17:00:00,2024-03-29
HCM03,Lý Nhơn,7.0,30.15,-0.131,28.19,20.03,7.69,17:30:00,2024-03-29
HCM03,Lý Nhơn,7.0,29.15,-0.049,38.22,22.25,6.61,18:00:00,2024-03-29
HCM03,Lý Nhơn,7.0,30.32,-0.049,30.46,19.92,6.71,18:30:00,2024-03-29
HCM03,Lý Nhơn,7.0,30.74,-0.053,32.33,20.93,6.11,19:00:00,2024-03-29
HCM03,Lý Nhơn,7.0,30.34,-0.055,27.59,21.07,7.0,19:30:00,2024-03-29
HCM03,Lý Nhơn,7.0,29.47,-0.036,27.72,19.74,6.74,20:00:00,2024-03-29
HCM03,Lý Nhơn,7.0,29.27,-0.091,27.61,19.85,6.84,20:30:00,2024-03-29
HCM03,Lý Nhơn,7.0,29.48,-0.048,23.7,15.67,6.97,21:00:00,2024-03-29
HCM03,Lý Nhơn,7.0,29.84,0.012,30.84,25.1,6.84,21:30:00,2024-03-29
HCM03,Lý Nhơn,7.0,30.5,-0.021,30.39,24.63,6.53,22:00:00,2024-03-29
HCM03,Lý Nhơn,7.0,30.78,-0.014,41.08,22.86,8.13,22:30:00,2024-03-29
HCM03,Lý Nhơn,7.0,30.29,-0.001,30.16,20.68,7.19,23:00:00,2024-03-29
HCM03,Lý Nhơn,7.0,31.23,0.022,35.02,22.08,6.59,23:30:00,2024-03-29
HCM01,Nhà Bè,38.0,29.21,0.027,23.5,15.52,7.04,00:00:00,2024-03-29
HCM01,Nhà Bè,38.0,29.4,0.014,35.41,15.82,6.25,00:30:00,2024-03-29
HCM01,Nhà Bè,38.0,29.06,0.026,20.2,14.84,6.97,01:00:00,2024-03-29
HCM01,Nhà Bè,38.0,29.3,0.025,28.96,15.88,8.03,01:30:00,2024-03-29
HCM01,Nhà Bè,38.0,31.48,0.034,32.7,17.62,6.27,02:00:00,2024-03-29
HCM01,Nhà Bè,38.0,30.28,0.032,30.32,16.73,6.27,02:30:00,2024-03-29
HCM01,Nhà Bè,38.0,31.07,0.064,31.53,14.94,7.02,03:00:00,2024-03-29
HCM01,Nhà Bè,38.0,29.97,0.099,19.03,15.42,6.74,03:30:00,2024-03-29
HCM01,Nhà Bè,38.0,31.55,0.001,23.18,17.56,7.81,04:00:00,2024-03-29
HCM01,Nhà Bè,38.0,29.43,0.068,24.27,16.44,6.52,04:30:00,2024-03-29
HCM01,Nhà Bè,38.0,31.0,0.032,29.85,18.24,7.33,05:00:00,2024-03-29
HCM01,Nhà Bè,38.0,30.12,0.049,28.45,16.54,6.6,05:30:00,2024-03-29
HCM01,Nhà Bè,38.0,29.85,0.067,24.06,15.93,7.16,06:00:00,2024-03-29
HCM01,Nhà Bè,38.0,29.25,0.078,23.8,15.97,7.1,06:30:00,2024-03-29
HCM01,Nhà Bè,38.0,30.37,0.041,26.77,16.92,7.01,07:00:00,2024-03-29
HCM01,Nhà Bè,38.0,29.3,0.034,25.61,16.17,7.42,07:30:00,2024-03-29
HCM01,Nhà Bè,38.0,29.07,0.033,25.89,16.77,7.01,08:00:00,2024-03-29
HCM01,Nhà Bè,38.0,31.43,0.028,28.78,15.2,5.98,08:30:00,2024-03-29
HCM01,Nhà Bè,38.0,29.64,0.017,31.15,16.38,6.94,09:00:00,2024-03-29
HCM01,Nhà Bè,38.0,30.11,0.014,27.55,15.25,6.55,09:30:00,2024-03-29
HCM01,Nhà Bè,38.0,29.9,0.069,25.66,15.35,7.57,10:00:00,2024-03-29
HCM01,Nhà Bè,38.0,30.45,0.018,23.89,15.91,7.93,10:30:00,2024-03-29
HCM01,Nhà Bè,38.0,31.62,0.026,28.62,15.25,6.59,11:00:00,2024-03-29
HCM01,Nhà Bè,38.0,30.14,0.034,17.15,15.51,6.84,11:30:00,2024-03-29
HCM01,Nhà Bè,38.0,30.22,-0.026,20.57,15.31,6.53,12:00:00,2024-03-29
HCM01,Nhà Bè,38.0,30.83,-0.023,24.24,13.65,6.95,12:30:00,2024-03-29
HCM01,Nhà Bè,38.0,29.46,-0.035,20.25,16.43,6.49,13:00:00,2024-03-29
HCM01,Nhà Bè,38.0,29.37,0.016,22.89,13.91,6.92,13:30:00,2024-03-29
HCM01,Nhà Bè,38.0,29.87,-0.007,32.55,16.93,6.73,14:00:00,2024-03-29
HCM01,Nhà Bè,38.0,28.52,-0.059,15.3,12.47,6.59,14:30:00,2024-03-29
HCM01,Nhà Bè,38.0,30.63,-0.084,23.16,12.97,6.04,15:00:00,2024-03-29
HCM01,Nhà Bè,38.0,30.21,-0.038,23.3,14.56,6.21,15:30:00,2024-03-29
HCM01,Nhà Bè,38.0,29.96,-0.06,18.46,12.59,7.46,16:00:00,2024-03-29
HCM01,Nhà Bè,38.0,28.94,-0.087,22.6,11.97,7.11,16:30:00,2024-03-29
HCM01,Nhà Bè,38.0,31.17,-0.027,16.69,11.59,6.63,17:00:00,2024-03-29
HCM01,Nhà Bè,38.0,29.11,-0.092,18.48,13.68,6.33,17:30:00,2024-03-29
HCM01,Nhà Bè,38.0,30.76,-0.002,21.39,13.84,6.16,18:00:00,2024-03-29
HCM01,Nhà Bè,38.0,30.85,-0.053,32.68,14.8,6.41,18:30:00,2024-03-29
HCM01,Nhà Bè,38.0,30.65,-0.059,19.96,12.27,6.82,19:00:00,2024-03-29
HCM01,Nhà Bè,38.0,29.35,-0.116,25.37,13.8,7.4,19:30:00,2024-03-29
HCM01,Nhà Bè,38.0,28.99,-0.046,16.89,11.78,7.04,20:00:00,2024-03-29
HCM01,Nhà Bè,38.0,30.56,-0.021,21.05,13.16,7.39,20:30:00,2024-03-29
HCM01,Nhà Bè,38.0,30.95,-0.036,21.84,11.9,7.76,21:00:00,2024-03-29
HCM01,Nhà Bè,38.0,28.83,-0.023,24.1,14.99,6.95,21:30:00,2024-03-29
HCM01,Nhà Bè,38.0,31.23,-0.107,23.73,13.72,7.41,22:00:00,2024-03-29
HCM01,Nhà Bè,38.0,30.79,-0.068,25.12,15.07,6.62,22:30:00,2024-03-29
HCM01,Nhà Bè,38.0,28.98,0.022,25.94,12.9,7.52,23:00:00,2024-03-29
HCM01,Nhà Bè,38.0,30.73,-0.035,18.6,11.79,5.93,23:30:00,2024-03-29
HCM02,Cát Lái,58.0,29.7,-0.015,17.13,10.7,7.18,00:00:00,2024-03-30
HCM02,Cát Lái,58.0,30.97,0.003,17.18,9.37,7.59,00:30:00,2024-03-30
HCM02,Cát Lái,58.0,30.08,0.081,21.07,11.8,6.56,01:00:00,2024-03-30
HCM02,Cát Lái,58.0,30.04,0.051,18.71,10.82,6.38,01:30:00,2024-03-30
HCM02,Cát Lái,58.0,28.94,0.055,13.41,10.35,6.75,02:00:00,2024-03-30
HCM02,Cát Lái,58.0,29.54,0.054,15.9,9.88,7.95,02:30:00,2024-03-30
HCM02,Cát Lái,58.0,30.79,-0.042,18.76,9.66,7.39,03:00:00,2024-03-30
HCM02,Cát Lái,58.0,29.03,0.033,18.57,11.38,7.53,03:30:00,2024-03-30
HCM02,Cát Lái,58.0,29.08,0.052,15.95,10.62,6.37,04:00:00,2024-03-30
HCM02,Cát Lái,58.0,31.98,0.049,21.99,11.73,5.79,04:30:00,2024-03-30
HCM02,Cát Lái,58.0,29.86,0.073,19.12,11.04,7.73,05:00:00,2024-03-30
HCM02,Cát Lái,58.0,28.81,0.024,23.32,11.77,7.25,05:30:00,2024-03-30
HCM02,Cát Lái,58.0,30.42,0.106,16.82,11.68,7.88,06:00:00,2024-03-30
HCM02,Cát Lái,58.0,30.25,0.084,14.33,11.69,6.84,06:30:00,2024-03-30
HCM02,Cát Lái,58.0,30.27,0.008,17.07,10.18,6.06,07:00:00,2024-03-30
HCM02,Cát Lái,58.0,29.04,0.042,16.26,9.13,7.53,07:30:00,2024-03-30
HCM02,Cát Lái,58.0,29.95,0.024,16.6,11.24,7.79,08:00:00,2024-03-30
HCM02,Cát Lái,58.0,29.27,0.055,13.9,9.74,7.52,08:30:00,2024-03-30
HCM02,Cát Lái,58.0,30.04,0.051,12.19,9.45,7.62,09:00:00,2024-03-30
HCM02,Cát Lái,58.0,30.89,0.042,13.65,9.99,7.36,09:30:00,2024-03-30
HCM02,Cát Lái,58.0,30.35,0.026,16.25,10.58,7.49,10:00:00,2024-03-30
HCM02,Cát Lái,58.0,30.3,-0.013,11.56,8.78,7.41,10:30:00,2024-03-30
HCM02,Cát Lái,58.0,30.52,0.023,15.95,10.63,7.12,11:00:00,2024-03-30
HCM02,Cát Lái,58.0,28.87,0.0,15.55,9.6,7.21,11:30:00,2024-03-30
HCM02,Cát Lái,58.0,29.63,-0.049,14.68,9.15,7.29,12:00:00,2024-03-30
HCM02,Cát Lái,58.0,31.07,0.024,14.43,8.73,7.42,12:30:00,2024-03-30
HCM02,Cát Lái,58.0,30.33,-0.022,13.54,9.17,7.03,13:00:00,2024-03-30
HCM02,Cát Lái,58.0,30.04,0.013,14.16,9.37,7.19,13:30:00,2024-03-30
HCM02,Cát Lái,58.0,29.05,-0.081,14.02,8.64,8.02,14:00:00,2024-03-30
HCM02,Cát Lái,58.0,31.26,-0.005,9.28,9.21,7.06,14:30:00,2024-03-30
HCM02,Cát Lái,58.0,29.2,-0.017,10.87,9.07,7.69,15:00:00,2024-03-30
HCM02,Cát Lái,58.0,30.95,0.052,11.6,8.05,7.14,15:30:00,2024-03-30
HCM02,Cát Lái,58.0,30.85,-0.046,15.3,10.19,6.54,16:00:00,2024-03-30
HCM02,Cát Lái,58.0,30.05,-0.085,10.81,8.04,7.22,16:30:00,2024-03-30
HCM02,Cát Lái,58.0,31.61,-0.044,12.76,7.6,6.15,17:00:00,2024-03-30
HCM02,Cát Lái,58.0,29.31,-0.024,14.09,8.12,6.66,17:30:00,2024-03-30
HCM02,Cát Lái,58.0,29.06,-0.043,11.95,7.61,7.45,18:00:00,2024-03-30
HCM02,Cát Lái,58.0,30.32,-0.056,10.85,6.71,6.95,18:30:00,2024-03-30
HCM02,Cát Lái,58.0,29.52,-0.06,12.48,9.23,7.6,19:00:00,2024-03-30
HCM02,Cát Lái,58.0,31.38,-0.035,13.09,8.12,7.2,19:30:00,2024-03-30
HCM02,Cát Lái,58.0,30.56,-0.035,7.97,6.7,7.75,20:00:00,2024-03-30
HCM02,Cát Lái,58.0,30.85,-0.042,14.78,8.12,7.39,20:30:00,2024-03-30
HCM02,Cát Lái,58.0,31.37,-0.026,10.07,8.34,7.46,21:00:00,2024-03-30
HCM02,Cát Lái,58.0,29.86,-0.002,14.32,9.23,6.84,21:30:00,2024-03-30
HCM02,Cát Lái,58.0,30.14,-0.053,11.69,8.1,7.57,22:00:00,2024-03-30
HCM02,Cát Lái,58.0,31.31,-0.018,16.75,8.85,6.62,22:30:00,2024-03-30
HCM02,Cát Lái,58.0,29.44,-0.056,14.3,9.51,6.52,23:00:00,2024-03-30
HCM02,Cát Lái,58.0,29.55,-0.019,7.62,7.85,7.77,23:30:00,2024-03-30
HCM04,Long Đại,80.0,29.59,-0.035,4.41,3.06,6.93,00:00:00,2024-03-30
HCM04,Long Đại,80.0,29.7,-0.014,5.54,2.83,7.79,00:30:00,2024-03-30
HCM04,Long Đại,80.0,28.7,0.006,4.1,2.79,6.07,01:00:00,2024-03-30
HCM04,Long Đại,80.0,30.02,0.015,4.23,2.94,6.74,01:30:00,2024-03-30
HCM04,Long Đại,80.0,30.76,0.043,5.67,3.05,7.13,02:00:00,2024-03-30
HCM04,Long Đại,80.0,30.85,0.06,4.53,3.31,8.48,02:30:00,2024-03-30
HCM04,Long Đại,80.0,30.35,0.038,4.58,2.98,7.82,03:00:00,2024-03-30
HCM04,Long Đại,80.0,30.3,0.058,5.61,3.56,7.92,03:30:00,2024-03-30
HCM04,Long Đại,80.0,30.49,0.019,6.73,4.05,7.74,04:00:00,2024-03-30
HCM04,Long Đại,80.0,30.0,0.051,3.98,3.03,7.42,04:30:00,2024-03-30
HCM04,Long Đại,80.0,29.31,0.043,5.14,2.83,7.08,05:00:00,2024-03-30
HCM04,Long Đại,80.0,29.39,0.107,5.81,3.48,6.95,05:30:00,2024-03-30
HCM04,Long Đại,80.0,30.53,0.017,6.56,3.49,7.02,06:00:00,2024-03-30
HCM04,Long Đại,80.0,31.18,0.041,4.02,2.68,6.83,06:30:00,2024-03-30
HCM04,Long Đại,80.0,28.27,0.054,5.25,3.08,8.05,07:00:00,2024-03-30
HCM04,Long Đại,80.0,29.44,0.028,4.2,3.05,7.25,07:30:00,2024-03-30
HCM04,Long Đại,80.0,31.3,0.026,5.38,2.74,7.71,08:00:00,2024-03-30
HCM04,Long Đại,80.0,29.69,0.021,6.28,3.37,7.06,08:30:00,2024-03-30
HCM04,Long Đại,80.0,27.9,0.067,6.1,3.35,7.53,09:00:00,2024-03-30
HCM04,Long Đại,80.0,30.86,0.028,3.48,2.53,6.95,09:30:00,2024-03-30
HCM04,Long Đại,80.0,30.42,-0.006,4.08,2.7,7.88,10:00:00,2024-03-30
HCM04,Long Đại,80.0,31.63,0.048,4.0,2.46,7.04,10:30:00,2024-03-30
HCM04,Long Đại,80.0,30.84,-0.004,4.7,2.44,7.27,11:00:00,2024-03-30
HCM04,Long Đại,80.0,28.91,0.029,3.55,2.68,7.26,11:30:00,2024-03-30
HCM04,Long Đại,80.0,29.5,-0.008,3.57,2.27,7.75,12:00:00,2024-03-30
HCM04,Long Đại,80.0,29.75,-0.031,3.66,2.51,7.44,12:30:00,2024-03-30
HCM04,Long Đại,80.0,31.04,-0.014,4.19,2.51,7.69,13:00:00,2024-03-30
HCM04,Long Đại,80.0,29.97,-0.001,3.58,2.3,7.19,13:30:00,2024-03-30
HCM04,Long Đại,80.0,30.35,-0.046,5.51,2.62,7.29,14:00:00,2024-03-30
HCM04,Long Đại,80.0,30.07,-0.026,4.07,2.56,7.43,14:30:00,2024-03-30
HCM04,Long Đại,80.0,29.9,-0.067,3.17,2.06,7.35,15:00:00,2024-03-30
HCM04,Long Đại,80.0,30.07,-0.036,3.36,2.46,6.87,15:30:00,2024-03-30
HCM04,Long Đại,80.0,29.54,0.044,2.93,1.92,7.81,16:00:00,2024-03-30
HCM04,Long Đại,80.0,30.19,-0.01,3.13,2.67,6.75,16:30:00,2024-03-30
HCM04,Long Đại,80.0,29.48,-0.066,4.02,2.47,7.55,17:00:00,2024-03-30
HCM04,Long Đại,80.0,29.53,-0.04,4.8,2.79,7.47,17:30:00,2024-03-30
HCM04,Long Đại,80.0,29.33,-0.032,2.61,2.0,6.65,18:00:00,2024-03-30
HCM04,Long Đại,80.0,31.55,-0.014,2.07,1.84,7.26,18:30:00,2024-03-30
HCM04,Long Đại,80.0,29.29,-0.041,4.23,2.44,7.15,19:00:00,2024-03-30
HCM04,Long Đại,80.0,29.39,-0.024,4.49,2.61,6.58,19:30:00,2024-03-30
HCM04,Long Đại,80.0,28.58,-0.02,3.35,2.44,7.24,20:00:00,2024-03-30
HCM04,Long Đại,80.0,31.95,-0.033,3.51,2.37,7.63,20:30:00,2024-03-30
HCM04,Long Đại,80.0,28.91,-0.042,4.28,2.59,7.01,21:00:00,2024-03-30
HCM04,Long Đại,80.0,29.64,-0.043,4.71,2.98,6.73,21:30:00,2024-03-30
HCM04,Long Đại,80.0,29.4,-0.052,3.98,2.07,7.66,22:00:00,2024-03-30
HCM04,Long Đại,80.0,29.17,0.019,4.72,3.18,7.91,22:30:00,2024-03-30
HCM04,Long Đại,80.0,28.66,0.011,3.98,2.63,8.35,23:00:00,2024-03-30
HCM04,Long Đại,80.0,29.86,0.004,3.79,2.4,7.18,23:30:00,2024-03-30
HCM03,Lý Nhơn,7.0,30.78,-0.061,42.69,27.86,6.7,00:00:00,2024-03-30
HCM03,Lý Nhơn,7.0,29.81,0.018,37.68,26.5,6.7,00:30:00,2024-03-30
HCM03,Lý Nhơn,7.0,30.15,0.033,39.52,25.05,6.46,01:00:00,2024-03-30
HCM03,Lý Nhơn,7.0,29.91,-0.02,58.54,26.36,5.72,01:30:00,2024-03-30
HCM03,Lý Nhơn,7.0,30.29,-0.018,47.94,31.85,6.05,02:00:00,2024-03-30
HCM03,Lý Nhơn,7.0,30.38,0.064,40.69,25.95,6.82,02:30:00,2024-03-30
HCM03,Lý Nhơn,7.0,30.9,-0.012,48.81,30.28,6.44,03:00:00,2024-03-30
HCM03,Lý Nhơn,7.0,30.49,0.044,56.14,30.17,6.53,03:30:00,2024-03-30
HCM03,Lý Nhơn,7.0,29.3,0.01,37.58,31.01,6.13,04:00:00,2024-03-30
HCM03,Lý Nhơn,7.0,29.78,0.063,62.25,32.31,6.58,04:30:00,2024-03-30
HCM03,Lý Nhơn,7.0,29.85,0.044,49.45,31.39,6.77,05:00:00,2024-03-30
HCM03,Lý Nhơn,7.0,29.92,0.047,45.18,26.33,7.2,05:30:00,2024-03-30
HCM03,Lý Nhơn,7.0,29.98,0.029,50.19,36.19,5.62,06:00:00,2024-03-30
HCM03,Lý Nhơn,7.0,29.88,0.009,54.32,30.72,6.18,06:30:00,2024-03-30
HCM03,Lý Nhơn,7.0,29.35,0.066,37.17,23.06,7.19,07:00:00,2024-03-30
HCM03,Lý Nhơn,7.0,29.42,0.057,36.36,22.31,6.46,07:30:00,2024-03-30
HCM03,Lý Nhơn,7.0,29.11,0.022,50.18,33.32,6.43,08:00:00,2024-03-30
HCM03,Lý Nhơn,7.0,30.19,0.058,42.17,25.68,7.46,08:30:00,2024-03-30
HCM03,Lý Nhơn,7.0,29.91,0.009,43.34,27.79,7.32,09:00:00,2024-03-30
HCM03,Lý Nhơn,7.0,28.81,0.012,39.86,23.37,7.34,09:30:00,2024-03-30
HCM03,Lý Nhơn,7.0,29.65,0.043,46.2,31.22,5.91,10:00:00,2024-03-30
HCM03,Lý Nhơn,7.0,29.89,0.0,47.35,29.4,6.51,10:30:00,2024-03-30
HCM03,Lý Nhơn,7.0,30.69,0.037,49.29,26.09,5.95,11:00:00,2024-03-30
HCM03,Lý Nhơn,7.0,30.67,-0.033,42.87,25.66,7.84,11:30:00,2024-03-30
HCM03,Lý Nhơn,7.0,29.54,-0.049,22.09,21.39,6.56,12:00:00,2024-03-30
HCM03,Lý Nhơn,7.0,30.87,-0.029,35.92,25.81,5.88,12:30:00,2024-03-30
HCM03,Lý Nhơn,7.0,30.14,0.042,45.03,21.74,6.69,13:00:00,2024-03-30
HCM03,Lý Nhơn,7.0,30.57,-0.033,25.23,18.22,6.99,13:30:00,2024-03-30
HCM03,Lý Nhơn,7.0,30.78,0.004,39.46,23.8,7.37,14:00:00,2024-03-30
HCM03,Lý Nhơn,7.0,31.11,-0.013,32.35,22.23,7.27,14:30:00,2024-03-30
HCM03,Lý Nhơn,7.0,30.14,-0.034,30.54,21.51,6.97,15:00:00,2024-03-30
HCM03,Lý Nhơn,7.0,29.6,-0.021,29.89,23.14,6.43,15:30:00,2024-03-30
HCM03,Lý Nhơn,7.0,28.54,-0.051,36.91,21.22,6.84,16:00:00,2024-03-30
HCM03,Lý Nhơn,7.0,29.33,-0.015,33.25,21.19,6.58,16:30:00,2024-03-30
HCM03,Lý Nhơn,7.0,27.79,-0.087,39.23,21.9,6.48,17:00:00,2024-03-30
HCM03,Lý Nhơn,7.0,29.42,-0.082,20.77,17.62,6.02,17:30:00,2024-03-30
HCM03,Lý Nhơn,7.0,30.23,-0.042,44.26,25.4,6.83,18:00:00,2024-03-30
HCM03,Lý Nhơn,7.0,28.65,-0.069,38.95,21.96,6.38,18:30:00,2024-03-30
HCM03,Lý Nhơn,7.0,28.7,-0.032,38.39,21.96,7.11,19:00:00,2024-03-30
HCM03,Lý Nhơn,7.0,29.64,-0.046,29.22,17.38,6.44,19:30:00,2024-03-30
HCM03,Lý Nhơn,7.0,29.45,-0.033,40.45,23.18,6.5,20:00:00,2024-03-30
HCM03,Lý Nhơn,7.0,29.6,-0.048,46.91,24.75,7.06,20:30:00,2024-03-30
HCM03,Lý Nhơn,7.0,29.48,-0.052,29.94,23.99,7.05,21:00:00,2024-03-30
HCM03,Lý Nhơn,7.0,30.6,-0.013,46.55,23.04,5.89,21:30:00,2024-03-30
HCM03,Lý Nhơn,7.0,28.87,-0.061,50.67,27.53,6.6,22:00:00,2024-03-30
HCM03,Lý Nhơn,7.0,30.82,-0.007,35.92,24.71,6.57,22:30:00,2024-03-30
HCM03,Lý Nhơn,7.0,30.01,-0.042,46.56,22.61,6.91,23:00:00,2024-03-30
HCM03,Lý Nhơn,7.0,30.14,0.01,52.65,26.81,6.02,23:30:00,2024-03-30
HCM01,Nhà Bè,38.0,29.36,-0.023,29.15,15.5,6.0,00:00:00,2024-03-30
HCM01,Nhà Bè,38.0,30.38,-0.026,28.35,15.48,7.26,00:30:00,2024-03-30
HCM01,Nhà Bè,38.0,31.2,0.063,31.59,17.46,7.05,01:00:00,2024-03-30
HCM01,Nhà Bè,38.0,30.15,-0.036,19.21,14.75,6.22,01:30:00,2024-03-30
HCM01,Nhà Bè,38.0,29.43,0.023,29.78,18.28,6.62,02:00:00,2024-03-30
HCM01,Nhà Bè,38.0,29.54,0.02,28.62,17.76,6.78,02:30:00,2024-03-30
HCM01,Nhà Bè,38.0,30.28,0.055,38.31,17.56,7.19,03:00:00,2024-03-30
HCM01,Nhà Bè,38.0,29.79,-0.016,22.83,14.93,5.97,03:30:00,2024-03-30
HCM01,Nhà Bè,38.0,30.12,0.05,23.33,13.88,6.57,04:00:00,2024-03-30
HCM01,Nhà Bè,38.0,30.59,0.063,24.41,17.15,6.72,04:30:00,2024-03-30
HCM01,Nhà Bè,38.0,29.38,0.096,33.13,17.41,7.4,05:00:00,2024-03-30
HCM01,Nhà Bè,38.0,31.07,-0.011,27.92,14.91,6.32,05:30:00,2024-03-30
HCM01,Nhà Bè,38.0,30.03,0.076,25.01,16.05,6.24,06:00:00,2024-03-30
HCM01,Nhà Bè,38.0,29.66,0.026,35.72,15.43,6.56,06:30:00,2024-03-30
HCM01,Nhà Bè,38.0,29.9,0.083,20.89,15.21,6.83,07:00:00,2024-03-30
HCM01,Nhà Bè,38.0,30.63,0.089,17.87,14.11,7.55,07:30:00,2024-03-30
HCM01,Nhà Bè,38.0,29.76,0.043,31.47,17.75,5.97,08:00:00,2024-03-30
HCM01,Nhà Bè,38.0,29.65,0.054,30.23,16.96,6.94,08:30:00,2024-03-30
HCM01,Nhà Bè,38.0,29.81,-0.022,26.69,16.34,7.38,09:00:00,2024-03-30
HCM01,Nhà Bè,38.0,29.91,0.093,22.33,17.19,7.08,09:30:00,2024-03-30
HCM01,Nhà Bè,38.0,30.57,0.031,25.47,16.95,7.16,10:00:00,2024-03-30
HCM01,Nhà Bè,38.0,29.07,0.07,17.51,15.0,6.64,10:30:00,2024-03-30
HCM01,Nhà Bè,38.0,29.65,0.025,22.83,14.37,6.81,11:00:00,2024-03-30
HCM01,Nhà Bè,38.0,30.08,0.022,22.2,12.87,6.88,11:30:00,2024-03-30
HCM01,Nhà Bè,38.0,29.83,-0.05,24.12,16.01,6.86,12:00:00,2024-03-30
HCM01,Nhà Bè,38.0,31.06,-0.014,20.48,13.34,7.65,12:30:00,2024-03-30
HCM01,Nhà Bè,38.0,28.41,0.022,16.93,13.81,7.38,13:00:00,2024-03-30
HCM01,Nhà Bè,38.0,31.07,-0.036,25.44,15.42,7.7,13:30:00,2024-03-30
HCM01,Nhà Bè,38.0,28.75,0.038,27.29,16.28,7.06,14:00:00,2024-03-30
HCM01,Nhà Bè,38.0,29.8,-0.004,23.79,13.73,6.98,14:30:00,2024-03-30
HCM01,Nhà Bè,38.0,29.47,-0.011,22.79,12.75,5.84,15:00:00,2024-03-30
HCM01,Nhà Bè,38.0,29.3,0.013,27.11,13.15,6.72,15:30:00,2024-03-30
HCM01,Nhà Bè,38.0,28.93,-0.033,15.74,12.69,7.99,16:00:00,2024-03-30
HCM01,Nhà Bè,38.0,30.84,-0.076,18.66,11.5,7.52,16:30:00,2024-03-30
HCM01,Nhà Bè,38.0,30.55,-0.064,21.73,14.03,7.14,17:00:00,2024-03-30
HCM01,Nhà Bè,38.0,29.82,-0.069,24.65,13.03,7.47,17:30:00,2024-03-30
HCM01,Nhà Bè,38.0,30.74,-0.077,19.58,12.04,6.04,18:00:00,2024-03-30
HCM01,Nhà Bè,38.0,30.3,-0.094,13.57,10.63,6.92,18:30:00,2024-03-30
HCM01,Nhà Bè,38.0,30.28,0.017,20.43,11.89,6.32,19:00:00,2024-03-30
HCM01,Nhà Bè,38.0,29.81,-0.069,24.56,15.23,7.06,19:30:00,2024-03-30
HCM01,Nhà Bè,38.0,29.89,-0.049,20.99,13.03,7.07,20:00:00,2024-03-30
HCM01,Nhà Bè,38.0,30.4,-0.048,19.73,13.07,6.09,20:30:00,2024-03-30
HCM01,Nhà Bè,38.0,29.32,-0.046,22.71,12.85,6.86,21:00:00,2024-03-30
HCM01,Nhà Bè,38.0,29.23,-0.026,18.75,11.66,6.39,21:30:00,2024-03-30
HCM01,Nhà Bè,38.0,30.51,-0.099,26.11,14.54,7.03,22:00:00,2024-03-30
HCM01,Nhà Bè,38.0,29.06,-0.024,25.76,15.64,5.9,22:30:00,2024-03-30
HCM01,Nhà Bè,38.0,29.4,-0.018,22.25,13.94,8.08,23:00:00,2024-03-30
HCM01,Nhà Bè,38.0,29.69,0.041,26.22,16.25,7.13,23:30:00,2024-03-30
HCM02,Cát Lái,58.0,27.88,0.049,11.57,9.06,7.34,00:00:00,2024-03-31
HCM02,Cát Lái,58.0,30.59,0.033,15.76,10.23,6.66,00:30:00,2024-03-31
HCM02,Cát Lái,58.0,29.86,0.024,13.66,10.48,6.53,01:00:00,2024-03-31
HCM02,Cát Lái,58.0,31.52,0.011,16.01,11.3,6.94,01:30:00,2024-03-31
HCM02,Cát Lái,58.0,28.74,0.058,17.71,10.64,6.54,02:00:00,2024-03-31
HCM02,Cát Lái,58.0,29.04,0.003,19.94,11.05,7.5,02:30:00,2024-03-31
HCM02,Cát Lái,58.0,29.38,0.112,14.59,10.18,7.6,03:00:00,2024-03-31
HCM02,Cát Lái,58.0,28.97,0.067,17.46,12.25,7.8,03:30:00,2024-03-31
HCM02,Cát Lái,58.0,30.51,0.045,11.5,10.69,7.21,04:00:00,2024-03-31
HCM02,Cát Lái,58.0,30.3,0.01,22.05,11.74,5.86,04:30:00,2024-03-31
HCM02,Cát Lái,58.0,29.85,0.037,17.59,11.69,6.68,05:00:00,2024-03-31
HCM02,Cát Lái,58.0,29.88,0.069,18.23,10.16,6.94,05:30:00,2024-03-31
HCM02,Cát Lái,58.0,30.19,0.042,15.61,10.99,6.87,06:00:00,2024-03-31
HCM02,Cát Lái,58.0,30.05,0.021,21.42,11.42,7.2,06:30:00,2024-03-31
HCM02,Cát Lái,58.0,28.93,0.031,16.76,12.05,6.37,07:00:00,2024-03-31
HCM02,Cát Lái,58.0,30.08,0.078,18.52,12.88,7.57,07:30:00,2024-03-31
HCM02,Cát Lái,58.0,30.97,0.039,13.37,10.5,6.68,08:00:00,2024-03-31
HCM02,Cát Lái,58.0,30.59,0.058,17.72,11.68,7.14,08:30:00,2024-03-31
HCM02,Cát Lái,58.0,30.09,0.038,15.58,11.65,7.53,09:00:00,2024-03-31
HCM02,Cát Lái,58.0,31.43,0.036,18.75,11.84,7.5,09:30:00,2024-03-31
HCM02,Cát Lái,58.0,31.13,0.037,16.12,9.66,7.43,10:00:00,2024-03-31
HCM02,Cát Lái,58.0,30.02,0.01,13.51,9.55,7.67,10:30:00,2024-03-31
HCM02,Cát Lái,58.0,30.52,0.065,16.35,9.34,7.0,11:00:00,2024-03-31
HCM02,Cát Lái,58.0,30.97,-0.068,16.28,10.21,6.75,11:30:00,2024-03-31
HCM02,Cát Lái,58.0,31.51,0.018,17.81,10.51,7.67,12:00:00,2024-03-31
HCM02,Cát Lái,58.0,30.21,0.042,16.16,9.79,6.27,12:30:00,2024-03-31
HCM02,Cát Lái,58.0,31.49,-0.018,14.27,8.03,8.05,13:00:00,2024-03-31
HCM02,Cát Lái,58.0,31.2,0.073,19.28,9.21,7.39,13:30:00,2024-03-31
HCM02,Cát Lái,58.0,30.22,-0.069,10.46,7.01,7.33,14:00:00,2024-03-31
HCM02,Cát Lái,58.0,29.17,-0.026,12.36,8.63,7.36,14:30:00,2024-03-31
HCM02,Cát Lái,58.0,29.65,-0.054,15.5,8.55,7.09,15:00:00,2024-03-31
HCM02,Cát Lái,58.0,30.65,-0.055,18.18,8.92,7.46,15:30:00,2024-03-31
HCM02,Cát Lái,58.0,31.19,0.005,7.96,7.53,7.4,16:00:00,2024-03-31
HCM02,Cát Lái,58.0,30.98,-0.039,14.7,8.25,7.22,16:30:00,2024-03-31
HCM02,Cát Lái,58.0,30.45,-0.012,14.74,6.52,7.36,17:00:00,2024-03-31
HCM02,Cát Lái,58.0,29.62,-0.071,9.47,8.76,7.38,17:30:00,2024-03-31
HCM02,Cát Lái,58.0,30.76,-0.06,11.79,7.6,6.72,18:00:00,2024-03-31
HCM02,Cát Lái,58.0,30.53,-0.038,12.4,8.91,6.96,18:30:00,2024-03-31
HCM02,Cát Lái,58.0,30.06,-0.064,7.36,8.11,6.64,19:00:00,2024-03-31
HCM02,Cát Lái,58.0,30.35,0.009,10.0,7.83,6.73,19:30:00,2024-03-31
HCM02,Cát Lái,58.0,29.08,-0.004,10.44,7.88,8.05,20:00:00,2024-03-31
HCM02,Cát Lái,58.0,30.66,-0.055,13.1,9.55,7.1,20:30:00,2024-03-31
HCM02,Cát Lái,58.0,28.45,0.019,9.63,7.58,6.55,21:00:00,2024-03-31
HCM02,Cát Lái,58.0,28.75,-0.086,15.19,8.64,7.39,21:30:00,2024-03-31
HCM02,Cát Lái,58.0,28.9,-0.006,13.15,8.98,6.82,22:00:00,2024-03-31
HCM02,Cát Lái,58.0,29.53,0.01,13.77,8.87,6.99,22:30:00,2024-03-31
HCM02,Cát Lái,58.0,30.26,-0.041,12.95,10.8,8.62,23:00:00,2024-03-31
HCM02,Cát Lái,58.0,31.54,0.021,9.62,8.88,7.0,23:30:00,2024-03-31
HCM04,Long Đại,80.0,29.98,-0.004,5.76,3.29,7.09,00:00:00,2024-03-31
HCM04,Long Đại,80.0,28.92,-0.014,3.25,2.74,6.69,00:30:00,2024-03-31
HCM04,Long Đại,80.0,30.36,0.018,4.62,3.37,7.29,01:00:00,2024-03-31
HCM04,Long Đại,80.0,31.37,-0.025,4.42,2.85,8.35,01:30:00,2024-03-31
HCM04,Long Đại,80.0,29.5,-0.045,4.28,2.6,7.36,02:00:00,2024-03-31
HCM04,Long Đại,80.0,29.97,0.025,3.94,2.94,7.04,02:30:00,2024-03-31
HCM04,Long Đại,80.0,29.8,-0.017,5.54,3.17,6.9,03:00:00,2024-03-31
HCM04,Long Đại,80.0,30.61,-0.0,6.2,3.15,7.03,03:30:00,2024-03-31
HCM04,Long Đại,80.0,30.18,0.015,4.51,2.73,7.4,04:00:00,2024-03-31
HCM04,Long Đại,80.0,30.07,0.079,5.16,3.2,7.01,04:30:00,2024-03-31
HCM04,Long Đại,80.0,30.61,0.031,5.46,2.96,7.73,05:00:00,2024-03-31
HCM04,Long Đại,80.0,31.08,0.018,5.24,3.35,7.51,05:30:00,2024-03-31
HCM04,Long Đại,80.0,30.23,0.007,6.09,3.04,7.51,06:00:00,2024-03-31
HCM04,Long Đại,80.0,30.57,0.016,4.5,3.64,7.64,06:30:00,2024-03-31
HCM04,Long Đại,80.0,31.27,0.07,5.47,3.14,8.54,07:00:00,2024-03-31
HCM04,Long Đại,80.0,30.79,0.083,5.8,3.18,7.15,07:30:00,2024-03-31
HCM04,Long Đại,80.0,30.36,0.065,5.81,3.27,7.84,08:00:00,2024-03-31
HCM04,Long Đại,80.0,30.05,0.021,5.28,3.28,7.79,08:30:00,2024-03-31
HCM04,Long Đại,80.0,30.65,0.045,5.42,3.18,7.21,09:00:00,2024-03-31
HCM04,Long Đại,80.0,30.46,0.057,2.97,2.66,8.15,09:30:00,2024-03-31
HCM04,Long Đại,80.0,31.18,-0.015,5.16,3.22,7.52,10:00:00,2024-03-31
HCM04,Long Đại,80.0,28.64,0.101,6.22,2.82,6.9,10:30:00,2024-03-31
HCM04,Long Đại,80.0,29.18,0.021,4.37,3.05,7.28,11:00:00,2024-03-31
HCM04,Long Đại,80.0,29.52,0.002,4.05,2.68,7.06,11:30:00,2024-03-31
HCM04,Long Đại,80.0,29.57,-0.013,4.8,2.82,6.69,12:00:00,2024-03-31
HCM04,Long Đại,80.0,30.89,-0.027,4.2,2.18,7.02,12:30:00,2024-03-31
HCM04,Long Đại,80.0,28.95,0.011,3.54,2.15,7.53,13:00:00,2024-03-31
HCM04,Long Đại,80.0,30.0,-0.065,5.52,2.78,6.49,13:30:00,2024-03-31
HCM04,Long Đại,80.0,29.13,-0.053,3.8,1.98,6.48,14:00:00,2024-03-31
HCM04,Long Đại,80.0,29.71,-0.008,3.89,2.74,6.99,14:30:00,2024-03-31
HCM04,Long Đại,80.0,30.91,-0.05,4.44,2.64,6.38,15:00:00,2024-03-31
HCM04,Long Đại,80.0,31.02,0.014,3.93,2.45,7.52,15:30:00,2024-03-31
HCM04,Long Đại,80.0,31.21,-0.054,3.42,2.09,7.68,16:00:00,2024-03-31
HCM04,Long Đại,80.0,29.93,0.006,2.9,2.54,7.0,16:30:00,2024-03-31
HCM04,Long Đại,80.0,29.9,-0.014,4.56,2.47,7.45,17:00:00,2024-03-31
HCM04,Long Đại,80.0,29.89,-0.05,4.33,2.5,6.99,17:30:00,2024-03-31
HCM04,Long Đại,80.0,29.09,-0.001,3.61,2.18,6.52,18:00:00,2024-03-31
HCM04,Long Đại,80.0,30.35,-0.075,3.7,2.5,7.47,18:30:00,2024-03-31
HCM04,Long Đại,80.0,28.56,-0.106,3.91,2.21,7.31,19:00:00,2024-03-31
HCM04,Long Đại,80.0,30.56,-0.04,2.87,2.15,6.91,19:30:00,2024-03-31
HCM04,Long Đại,80.0,28.43,-0.053,3.52,2.71,6.74,20:00:00,2024-03-31
HCM04,Long Đại,80.0,30.7,-0.002,4.71,2.36,7.52,20:30:00,2024-03-31
HCM04,Long Đại,80.0,30.8,-0.066,3.99,2.49,7.16,21:00:00,2024-03-31
HCM04,Long Đại,80.0,30.64,-0.04,4.95,2.52,6.78,21:30:00,2024-03-31
HCM04,Long Đại,80.0,30.88,-0.006,4.03,2.65,8.24,22:00:00,2024-03-31
HCM04,Long Đại,80.0,31.59,-0.019,3.72,2.61,7.2,22:30:00,2024-03-31
HCM04,Long Đại,80.0,29.4,-0.066,4.52,2.82,7.13,23:00:00,2024-03-31
HCM04,Long Đại,80.0,31.72,-0.05,5.23,2.94,7.8,23:30:00,2024-03-31
HCM03,Lý Nhơn,7.0,30.79,-0.013,36.73,28.32,6.61,00:00:00,2024-03-31
HCM03,Lý Nhơn,7.0,29.2,-0.033,38.92,24.49,6.05,00:30:00,2024-03-31
HCM03,Lý Nhơn,7.0,29.74,-0.004,39.17,28.7,6.45,01:00:00,2024-03-31
HCM03,Lý Nhơn,7.0,29.19,-0.053,40.36,25.1,7.64,01:30:00,2024-03-31
HCM03,Lý Nhơn,7.0,28.46,-0.015,48.07,29.19,5.24,02:00:00,2024-03-31
HCM03,Lý Nhơn,7.0,29.03,-0.006,51.22,27.81,6.62,02:30:00,2024-03-31
HCM03,Lý Nhơn,7.0,29.93,0.032,56.21,28.48,5.94,03:00:00,2024-03-31
HCM03,Lý Nhơn,7.0,30.74,0.029,45.53,29.72,6.59,03:30:00,2024-03-31
HCM03,Lý Nhơn,7.0,30.04,0.066,41.87,25.32,6.58,04:00:00,2024-03-31
HCM03,Lý Nhơn,7.0,30.51,0.051,49.63,28.53,5.27,04:30:00,2024-03-31
HCM03,Lý Nhơn,7.0,30.53,0.083,59.64,35.18,6.36,05:00:00,2024-03-31
HCM03,Lý Nhơn,7.0,29.3,0.005,54.16,32.16,5.33,05:30:00,2024-03-31
HCM03,Lý Nhơn,7.0,30.74,0.074,48.25,31.49,6.34,06:00:00,2024-03-31
HCM03,Lý Nhơn,7.0,28.59,0.03,48.65,31.16,5.87,06:30:00,2024-03-31
HCM03,Lý Nhơn,7.0,29.73,0.018,75.9,33.45,6.46,07:00:00,2024-03-31
HCM03,Lý Nhơn,7.0,31.03,0.078,54.46,36.64,5.72,07:30:00,2024-03-31
HCM03,Lý Nhơn,7.0,28.77,0.053,71.77,33.37,6.4,08:00:00,2024-03-31
HCM03,Lý Nhơn,7.0,28.79,0.043,51.91,30.82,5.8,08:30:00,2024-03-31
HCM03,Lý Nhơn,7.0,29.8,0.039,42.8,29.73,7.11,09:00:00,2024-03-31
HCM03,Lý Nhơn,7.0,30.88,0.039,44.02,27.17,6.4,09:30:00,2024-03-31
HCM03,Lý Nhơn,7.0,28.86,-0.001,37.33,29.33,5.43,10:00:00,2024-03-31
HCM03,Lý Nhơn,7.0,30.16,0.013,43.53,27.63,6.15,10:30:00,2024-03-31
HCM03,Lý Nhơn,7.0,29.45,-0.006,41.22,26.67,6.77,11:00:00,2024-03-31
HCM03,Lý Nhơn,7.0,29.3,0.047,44.12,25.06,6.37,11:30:00,2024-03-31
HCM03,Lý Nhơn,7.0,29.54,0.005,53.11,29.19,6.72,12:00:00,2024-03-31
HCM03,Lý Nhơn,7.0,30.46,-0.032,41.43,31.6,6.41,12:30:00,2024-03-31
HCM03,Lý Nhơn,7.0,28.91,-0.055,26.74,20.66,6.73,13:00:00,2024-03-31
HCM03,Lý Nhơn,7.0,30.08,0.007,43.93,26.27,5.68,13:30:00,2024-03-31
HCM03,Lý Nhơn,7.0,29.9,-0.021,44.52,26.47,5.77,14:00:00,2024-03-31
HCM03,Lý Nhơn,7.0,28.5,0.014,37.26,22.07,6.07,14:30:00,2024-03-31
HCM03,Lý Nhơn,7.0,29.88,-0.049,39.75,24.1,6.72,15:00:00,2024-03-31
HCM03,Lý Nhơn,7.0,29.8,-0.043,32.4,17.46,6.91,15:30:00,2024-03-31
HCM03,Lý Nhơn,7.0,30.11,-0.056,34.78,24.86,6.11,16:00:00,2024-03-31
HCM03,Lý Nhơn,7.0,31.07,-0.059,31.44,19.36,7.25,16:30:00,2024-03-31
HCM03,Lý Nhơn,7.0,30.58,-0.002,41.32,26.39,6.87,17:00:00,2024-03-31
HCM03,Lý Nhơn,7.0,28.68,-0.067,35.29,24.33,6.07,17:30:00,2024-03-31
HCM03,Lý Nhơn,7.0,29.98,-0.091,34.06,21.38,6.15,18:00:00,2024-03-31
HCM03,Lý Nhơn,7.0,28.77,-0.062,34.62,20.28,7.28,18:30:00,2024-03-31
HCM03,Lý Nhơn,7.0,30.31,-0.128,30.58,22.3,7.06,19:00:00,2024-03-31
HCM03,Lý Nhơn,7.0,28.91,-0.025,44.62,23.32,5.72,19:30:00,2024-03-31
HCM03,Lý Nhơn,7.0,29.21,-0.092,38.97,24.47,6.87,20:00:00,2024-03-31
HCM03,Lý Nhơn,7.0,30.42,0.012,37.5,21.18,6.6,20:30:00,2024-03-31
HCM03,Lý Nhơn,7.0,30.18,-0.067,27.37,20.15,6.28,21:00:00,2024-03-31
HCM03,Lý Nhơn,7.0,29.98,-0.009,35.45,22.72,7.09,21:30:00,2024-03-31
HCM03,Lý Nhơn,7.0,28.77,-0.039,47.94,27.83,6.47,22:00:00,2024-03-31
HCM03,Lý Nhơn,7.0,31.24,0.02,49.42,29.95,6.05,22:30:00,2024-03-31
HCM03,Lý Nhơn,7.0,30.52,0.018,34.9,26.59,6.82,23:00:00,2024-03-31
HCM03,Lý Nhơn,7.0,30.81,-0.027,60.28,36.03,5.69,23:30:00,2024-03-31
HCM01,Nhà Bè,38.0,29.41,0.01,20.14,14.11,7.07,00:00:00,2024-03-31
HCM01,Nhà Bè,38.0,28.61,0.001,19.77,12.75,7.56,00:30:00,2024-03-31
HCM01,Nhà Bè,38.0,29.97,0.038,28.87,14.04,7.04,01:00:00,2024-03-31
HCM01,Nhà Bè,38.0,32.93,0.019,26.44,17.28,6.06,01:30:00,2024-03-31
HCM01,Nhà Bè,38.0,29.96,-0.005,28.07,15.53,7.35,02:00:00,2024-03-31
HCM01,Nhà Bè,38.0,30.42,0.037,35.86,19.04,6.98,02:30:00,2024-03-31
HCM01,Nhà Bè,38.0,29.9,0.062,27.15,18.19,6.77,03:00:00,2024-03-31
HCM01,Nhà Bè,38.0,29.75,-0.024,24.43,16.42,6.69,03:30:00,2024-03-31
HCM01,Nhà Bè,38.0,29.6,-0.04,31.12,14.76,7.41,04:00:00,2024-03-31
HCM01,Nhà Bè,38.0,30.2,0.044,28.86,18.61,7.49,04:30:00,2024-03-31
HCM01,Nhà Bè,38.0,30.05,0.023,29.48,16.95,6.81,05:00:00,2024-03-31
HCM01,Nhà Bè,38.0,30.62,0.036,25.84,16.87,6.3,05:30:00,2024-03-31
HCM01,Nhà Bè,38.0,30.65,0.043,20.93,14.32,7.27,06:00:00,2024-03-31
HCM01,Nhà Bè,38.0,28.59,0.002,19.26,12.49,7.35,06:30:00,2024-03-31
HCM01,Nhà Bè,38.0,29.62,0.07,38.48,20.11,6.32,07:00:00,2024-03-31
HCM01,Nhà Bè,38.0,29.99,0.032,29.97,16.06,7.3,07:30:00,2024-03-31
HCM01,Nhà Bè,38.0,27.87,0.135,34.07,20.65,6.38,08:00:00,2024-03-31
HCM01,Nhà Bè,38.0,29.37,0.054,29.52,18.39,5.58,08:30:00,2024-03-31
HCM01,Nhà Bè,38.0,30.49,0.06,23.91,16.91,6.41,09:00:00,2024-03-31
HCM01,Nhà Bè,38.0,30.21,0.017,35.28,18.07,6.77,09:30:00,2024-03-31
HCM01,Nhà Bè,38.0,29.27,0.039,33.86,14.65,7.8,10:00:00,2024-03-31
HCM01,Nhà Bè,38.0,29.86,0.012,27.0,17.55,7.45,10:30:00,2024-03-31
HCM01,Nhà Bè,38.0,29.61,0.003,31.48,17.48,6.57,11:00:00,2024-03-31
HCM01,Nhà Bè,38.0,32.54,-0.036,24.32,16.59,7.14,11:30:00,2024-03-31
HCM01,Nhà Bè,38.0,29.12,0.03,21.96,16.85,6.7,12:00:00,2024-03-31
HCM01,Nhà Bè,38.0,29.8,0.012,25.43,13.57,7.39,12:30:00,2024-03-31
HCM01,Nhà Bè,38.0,30.01,0.03,31.0,15.76,6.77,13:00:00,2024-03-31
HCM01,Nhà Bè,38.0,29.23,-0.072,29.16,17.23,7.01,13:30:00,2024-03-31
HCM01,Nhà Bè,38.0,30.33,-0.004,14.21,12.72,6.56,14:00:00,2024-03-31
HCM01,Nhà Bè,38.0,30.73,-0.064,26.29,15.6,7.3,14:30:00,2024-03-31
HCM01,Nhà Bè,38.0,29.84,-0.004,22.29,13.11,7.2,15:00:00,2024-03-31
HCM01,Nhà Bè,38.0,30.45,0.028,17.89,13.4,7.68,15:30:00,2024-03-31
HCM01,Nhà Bè,38.0,29.99,-0.003,19.96,11.03,6.54,16:00:00,2024-03-31
HCM01,Nhà Bè,38.0,31.47,0.003,18.94,10.6,7.15,16:30:00,2024-03-31
HCM01,Nhà Bè,38.0,30.83,-0.03,18.37,11.98,6.74,17:00:00,2024-03-31
HCM01,Nhà Bè,38.0,32.02,0.018,22.7,14.17,7.99,17:30:00,2024-03-31
HCM01,Nhà Bè,38.0,29.39,-0.065,23.51,13.3,6.78,18:00:00,2024-03-31
HCM01,Nhà Bè,38.0,29.66,-0.019,15.9,11.79,7.22,18:30:00,2024-03-31
HCM01,Nhà Bè,38.0,29.73,-0.009,25.19,12.0,6.9,19:00:00,2024-03-31
HCM01,Nhà Bè,38.0,29.46,-0.072,29.31,15.18,7.15,19:30:00,2024-03-31
HCM01,Nhà Bè,38.0,29.8,-0.086,19.56,13.14,7.3,20:00:00,2024-03-31
HCM01,Nhà Bè,38.0,29.58,0.014,21.5,13.7,6.72,20:30:00,2024-03-31
HCM01,Nhà Bè,38.0,31.19,-0.043,20.8,13.81,7.59,21:00:00,2024-03-31
HCM01,Nhà Bè,38.0,30.17,-0.022,26.27,14.37,7.28,21:30:00,2024-03-31
HCM01,Nhà Bè,38.0,30.81,-0.026,27.9,18.27,6.26,22:00:00,2024-03-31
HCM01,Nhà Bè,38.0,29.39,-0.026,24.53,13.39,6.79,22:30:00,2024-03-31
HCM01,Nhà Bè,38.0,29.89,0.018,22.15,12.72,7.51,23:00:00,2024-03-31
HCM01,Nhà Bè,38.0,30.52,-0.037,15.47,13.57,6.6,23:30:00,2024-03-31
HCM02,Cát Lái,58.0,29.45,0.018,7.52,4.9,7.21,00:00:00,2025-03-01
HCM02,Cát Lái,58.0,29.07,-0.037,9.05,5.54,7.85,00:30:00,2025-03-01
HCM02,Cát Lái,58.0,30.02,-0.045,8.67,5.87,7.26,01:00:00,2025-03-01
HCM02,Cát Lái,58.0,29.25,0.037,6.48,4.86,8.08,01:30:00,2025-03-01
HCM02,Cát Lái,58.0,28.12,0.019,6.74,4.45,7.4,02:00:00,2025-03-01
HCM02,Cát Lái,58.0,29.83,0.011,6.36,4.99,7.63,02:30:00,2025-03-01
HCM02,Cát Lái,58.0,29.99,0.033,8.11,4.78,6.9,03:00:00,2025-03-01
HCM02,Cát Lái,58.0,28.17,0.053,11.1,5.17,7.65,03:30:00,2025-03-01
HCM02,Cát Lái,58.0,29.25,0.034,5.73,4.92,7.1,04:00:00,2025-03-01
HCM02,Cát Lái,58.0,30.63,0.03,6.77,4.18,7.4,04:30:00,2025-03-01
HCM02,Cát Lái,58.0,30.31,0.056,8.0,5.59,6.48,05:00:00,2025-03-01
HCM02,Cát Lái,58.0,30.63,0.046,7.86,5.2,7.78,05:30:00,2025-03-01
HCM02,Cát Lái,58.0,29.48,0.081,7.57,5.38,7.44,06:00:00,2025-03-01
HCM02,Cát Lái,58.0,30.16,0.083,6.0,6.21,7.78,06:30:00,2025-03-01
HCM02,Cát Lái,58.0,28.99,0.11,8.49,5.37,7.02,07:00:00,2025-03-01
HCM02,Cát Lái,58.0,29.78,0.069,9.55,5.21,6.94,07:30:00,2025-03-01
HCM02,Cát Lái,58.0,29.63,0.067,5.08,5.04,6.94,08:00:00,2025-03-01
HCM02,Cát Lái,58.0,29.04,0.021,7.85,5.3,6.62,08:30:00,2025-03-01
HCM02,Cát Lái,58.0,30.06,0.032,8.67,5.17,7.08,09:00:00,2025-03-01
HCM02,Cát Lái,58.0,29.41,0.048,10.09,4.72,7.76,09:30:00,2025-03-01
HCM02,Cát Lái,58.0,31.36,-0.02,9.76,5.95,6.66,10:00:00,2025-03-01
HCM02,Cát Lái,58.0,29.76,-0.03,7.84,4.85,7.59,10:30:00,2025-03-01
HCM02,Cát Lái,58.0,30.2,-0.008,9.11,5.06,6.74,11:00:00,2025-03-01
HCM02,Cát Lái,58.0,29.57,0.009,7.45,4.24,6.11,11:30:00,2025-03-01
HCM02,Cát Lái,58.0,31.26,0.053,7.11,4.72,7.34,12:00:00,2025-03-01
HCM02,Cát Lái,58.0,29.89,0.026,7.08,4.75,7.17,12:30:00,2025-03-01
HCM02,Cát Lái,58.0,29.42,-0.018,6.08,4.26,6.91,13:00:00,2025-03-01
HCM02,Cát Lái,58.0,29.66,-0.005,4.97,4.25,7.3,13:30:00,2025-03-01
HCM02,Cát Lái,58.0,29.13,-0.034,5.59,3.95,7.11,14:00:00,2025-03-01
HCM02,Cát Lái,58.0,30.33,0.024,8.82,4.64,6.89,14:30:00,2025-03-01
HCM02,Cát Lái,58.0,28.96,0.006,4.74,4.57,6.51,15:00:00,2025-03-01
HCM02,Cát Lái,58.0,31.11,-0.022,7.31,4.85,7.58,15:30:00,2025-03-01
HCM02,Cát Lái,58.0,29.11,-0.034,8.24,4.49,7.59,16:00:00,2025-03-01
HCM02,Cát Lái,58.0,30.27,-0.043,5.67,4.39,8.49,16:30:00,2025-03-01
HCM02,Cát Lái,58.0,29.87,-0.041,5.43,3.16,6.43,17:00:00,2025-03-01
HCM02,Cát Lái,58.0,29.32,-0.06,5.77,4.31,6.83,17:30:00,2025-03-01
HCM02,Cát Lái,58.0,30.07,-0.021,5.89,4.18,6.88,18:00:00,2025-03-01
HCM02,Cát Lái,58.0,30.3,-0.066,4.54,3.86,7.49,18:30:00,2025-03-01
HCM02,Cát Lái,58.0,29.52,-0.059,6.89,4.37,7.22,19:00:00,2025-03-01
HCM02,Cát Lái,58.0,30.77,-0.075,5.33,3.24,6.92,19:30:00,2025-03-01
HCM02,Cát Lái,58.0,29.87,-0.041,6.35,3.44,7.0,20:00:00,2025-03-01
HCM02,Cát Lái,58.0,29.26,-0.071,6.25,4.04,7.1,20:30:00,2025-03-01
HCM02,Cát Lái,58.0,30.03,-0.012,6.3,3.89,6.61,21:00:00,2025-03-01
HCM02,Cát Lái,58.0,31.81,-0.024,6.7,3.75,7.36,21:30:00,2025-03-01
HCM02,Cát Lái,58.0,30.39,-0.052,6.34,3.74,7.75,22:00:00,2025-03-01
HCM02,Cát Lái,58.0,29.96,-0.002,7.64,4.72,7.78,22:30:00,2025-03-01
HCM02,Cát Lái,58.0,30.16,-0.036,7.46,4.36,6.97,23:00:00,2025-03-01
HCM02,Cát Lái,58.0,29.93,-0.012,6.77,3.93,7.01,23:30:00,2025-03-01
HCM04,Long Đại,80.0,30.11,-0.036,1.44,0.85,8.66,00:00:00,2025-03-01
HCM04,Long Đại,80.0,30.16,-0.013,3.19,1.92,8.12,00:30:00,2025-03-01
HCM04,Long Đại,80.0,29.34,-0.022,1.94,1.05,7.21,01:00:00,2025-03-01
HCM04,Long Đại,80.0,31.61,0.001,2.07,1.01,7.4,01:30:00,2025-03-01
HCM04,Long Đại,80.0,30.45,0.015,1.37,1.4,7.72,02:00:00,2025-03-01
HCM04,Long Đại,80.0,29.74,0.041,1.85,1.09,7.62,02:30:00,2025-03-01
HCM04,Long Đại,80.0,29.92,0.064,1.24,0.88,7.52,03:00:00,2025-03-01
HCM04,Long Đại,80.0,29.46,0.038,2.0,1.31,7.36,03:30:00,2025-03-01
HCM04,Long Đại,80.0,30.57,0.031,2.81,2.26,7.15,04:00:00,2025-03-01
HCM04,Long Đại,80.0,29.35,0.077,2.08,1.44,6.48,04:30:00,2025-03-01
HCM04,Long Đại,80.0,30.28,0.109,1.55,1.23,7.28,05:00:00,2025-03-01
HCM04,Long Đại,80.0,27.9,0.063,1.59,1.11,7.35,05:30:00,2025-03-01
HCM04,Long Đại,80.0,31.43,0.086,1.75,0.88,8.04,06:00:00,2025-03-01
HCM04,Long Đại,80.0,29.68,0.029,2.58,1.5,7.62,06:30:00,2025-03-01
HCM04,Long Đại,80.0,28.69,0.012,1.64,1.3,7.53,07:00:00,2025-03-01
HCM04,Long Đại,80.0,29.38,-0.026,2.53,1.26,7.54,07:30:00,2025-03-01
HCM04,Long Đại,80.0,29.94,-0.017,1.9,1.19,7.74,08:00:00,2025-03-01
HCM04,Long Đại,80.0,29.76,0.02,2.08,1.18,7.32,08:30:00,2025-03-01
HCM04,Long Đại,80.0,29.39,0.058,2.7,1.36,7.07,09:00:00,2025-03-01
HCM04,Long Đại,80.0,30.62,0.057,2.43,1.23,8.21,09:30:00,2025-03-01
HCM04,Long Đại,80.0,29.27,0.03,2.04,1.17,8.05,10:00:00,2025-03-01
HCM04,Long Đại,80.0,29.29,0.012,1.58,0.99,7.75,10:30:00,2025-03-01
HCM04,Long Đại,80.0,28.51,0.016,1.23,1.43,6.63,11:00:00,2025-03-01
HCM04,Long Đại,80.0,30.13,-0.008,2.09,1.19,7.67,11:30:00,2025-03-01
HCM04,Long Đại,80.0,29.78,-0.021,1.71,1.15,8.15,12:00:00,2025-03-01
HCM04,Long Đại,80.0,29.54,0.034,2.45,1.68,7.0,12:30:00,2025-03-01
HCM04,Long Đại,80.0,29.26,0.038,1.27,0.67,7.82,13:00:00,2025-03-01
HCM04,Long Đại,80.0,30.37,-0.039,0.89,0.51,7.92,13:30:00,2025-03-01
HCM04,Long Đại,80.0,30.71,-0.058,0.95,0.55,6.95,14:00:00,2025-03-01
HCM04,Long Đại,80.0,30.37,-0.091,0.58,0.28,7.1,14:30:00,2025-03-01
HCM04,Long Đại,80.0,30.4,-0.021,1.55,1.01,7.28,15:00:00,2025-03-01
HCM04,Long Đại,80.0,29.59,-0.068,2.51,1.25,7.29,15:30:00,2025-03-01
HCM04,Long Đại,80.0,30.45,-0.042,1.09,0.63,7.29,16:00:00,2025-03-01
HCM04,Long Đại,80.0,30.98,-0.014,1.07,0.81,7.14,16:30:00,2025-03-01
HCM04,Long Đại,80.0,29.9,-0.044,1.05,0.79,6.92,17:00:00,2025-03-01
HCM04,Long Đại,80.0,28.86,-0.044,0.94,0.44,7.29,17:30:00,2025-03-01
HCM04,Long Đại,80.0,30.62,-0.035,1.42,0.92,7.1,18:00:00,2025-03-01
HCM04,Long Đại,80.0,30.26,-0.07,2.27,1.15,6.81,18:30:00,2025-03-01
HCM04,Long Đại,80.0,29.46,-0.121,1.21,0.87,6.64,19:00:00,2025-03-01
HCM04,Long Đại,80.0,28.82,-0.072,1.67,1.11,8.03,19:30:00,2025-03-01
HCM04,Long Đại,80.0,30.13,-0.02,0.81,0.62,7.49,20:00:00,2025-03-01
HCM04,Long Đại,80.0,30.14,-0.015,0.81,0.48,7.4,20:30:00,2025-03-01
HCM04,Long Đại,80.0,29.86,-0.069,0.95,0.76,7.58,21:00:00,2025-03-01
HCM04,Long Đại,80.0,30.47,-0.037,1.89,1.26,6.75,21:30:00,2025-03-01
HCM04,Long Đại,80.0,29.85,-0.04,1.99,1.24,7.44,22:00:00,2025-03-01
HCM04,Long Đại,80.0,29.72,0.038,2.09,1.17,7.73,22:30:00,2025-03-01
HCM04,Long Đại,80.0,28.98,-0.0,1.51,0.97,6.31,23:00:00,2025-03-01
HCM04,Long Đại,80.0,29.02,-0.051,1.14,0.77,7.72,23:30:00,2025-03-01
HCM03,Lý Nhơn,7.0,28.83,-0.01,22.4,16.01,7.42,00:00:00,2025-03-01
HCM03,Lý Nhơn,7.0,29.76,0.033,27.99,16.81,6.23,00:30:00,2025-03-01
HCM03,Lý Nhơn,7.0,29.88,0.035,31.4,16.45,7.4,01:00:00,2025-03-01
HCM03,Lý Nhơn,7.0,29.1,-0.038,23.14,16.14,7.02,01:30:00,2025-03-01
HCM03,Lý Nhơn,7.0,29.64,0.002,31.95,19.04,6.12,02:00:00,2025-03-01
HCM03,Lý Nhơn,7.0,29.61,0.039,31.92,17.84,6.92,02:30:00,2025-03-01
HCM03,Lý Nhơn,7.0,30.93,0.02,31.61,19.3,6.58,03:00:00,2025-03-01
HCM03,Lý Nhơn,7.0,30.64,0.041,19.51,17.44,6.67,03:30:00,2025-03-01
HCM03,Lý Nhơn,7.0,30.17,0.014,26.37,18.96,7.43,04:00:00,2025-03-01
HCM03,Lý Nhơn,7.0,30.03,0.06,24.24,18.17,6.32,04:30:00,2025-03-01
HCM03,Lý Nhơn,7.0,30.71,0.017,21.98,13.81,8.28,05:00:00,2025-03-01
HCM03,Lý Nhơn,7.0,29.86,0.02,26.45,17.2,7.01,05:30:00,2025-03-01
HCM03,Lý Nhơn,7.0,29.64,0.053,37.87,19.62,6.3,06:00:00,2025-03-01
HCM03,Lý Nhơn,7.0,30.41,0.028,21.71,14.92,6.33,06:30:00,2025-03-01
HCM03,Lý Nhơn,7.0,30.64,0.031,28.2,14.08,6.49,07:00:00,2025-03-01
HCM03,Lý Nhơn,7.0,30.44,0.096,26.39,17.63,6.9,07:30:00,2025-03-01
HCM03,Lý Nhơn,7.0,28.95,0.007,24.02,14.96,6.97,08:00:00,2025-03-01
HCM03,Lý Nhơn,7.0,30.04,0.024,30.27,17.18,7.27,08:30:00,2025-03-01
HCM03,Lý Nhơn,7.0,29.88,0.057,37.93,18.3,7.79,09:00:00,2025-03-01
HCM03,Lý Nhơn,7.0,29.66,0.13,22.57,15.23,7.0,09:30:00,2025-03-01
HCM03,Lý Nhơn,7.0,29.35,0.081,36.16,15.12,6.62,10:00:00,2025-03-01
HCM03,Lý Nhơn,7.0,29.93,-0.017,32.75,18.11,7.53,10:30:00,2025-03-01
HCM03,Lý Nhơn,7.0,29.84,-0.031,33.42,18.24,6.22,11:00:00,2025-03-01
HCM03,Lý Nhơn,7.0,30.76,0.005,27.21,16.43,7.01,11:30:00,2025-03-01
HCM03,Lý Nhơn,7.0,29.0,0.017,19.1,15.45,7.52,12:00:00,2025-03-01
HCM03,Lý Nhơn,7.0,30.53,0.001,20.65,15.92,6.65,12:30:00,2025-03-01
HCM03,Lý Nhơn,7.0,28.4,-0.005,26.55,15.93,7.38,13:00:00,2025-03-01
HCM03,Lý Nhơn,7.0,28.51,-0.02,23.11,15.63,6.14,13:30:00,2025-03-01
HCM03,Lý Nhơn,7.0,30.22,-0.042,30.61,17.33,6.75,14:00:00,2025-03-01
HCM03,Lý Nhơn,7.0,28.78,-0.09,31.22,15.1,6.98,14:30:00,2025-03-01
HCM03,Lý Nhơn,7.0,28.75,0.03,17.72,12.81,7.07,15:00:00,2025-03-01
HCM03,Lý Nhơn,7.0,30.6,-0.004,18.61,13.82,6.94,15:30:00,2025-03-01
HCM03,Lý Nhơn,7.0,30.55,-0.062,23.61,15.49,6.66,16:00:00,2025-03-01
HCM03,Lý Nhơn,7.0,30.44,-0.078,23.22,13.77,7.33,16:30:00,2025-03-01
HCM03,Lý Nhơn,7.0,29.34,-0.025,30.56,14.67,6.95,17:00:00,2025-03-01
HCM03,Lý Nhơn,7.0,30.09,-0.017,19.59,15.02,7.18,17:30:00,2025-03-01
HCM03,Lý Nhơn,7.0,30.76,-0.049,23.14,16.07,7.46,18:00:00,2025-03-01
HCM03,Lý Nhơn,7.0,29.19,-0.05,26.54,14.84,6.57,18:30:00,2025-03-01
HCM03,Lý Nhơn,7.0,30.07,-0.054,18.37,11.95,8.25,19:00:00,2025-03-01
HCM03,Lý Nhơn,7.0,30.3,-0.081,19.31,14.1,6.3,19:30:00,2025-03-01
HCM03,Lý Nhơn,7.0,28.92,-0.011,24.6,15.59,6.52,20:00:00,2025-03-01
HCM03,Lý Nhơn,7.0,31.32,-0.057,17.29,13.47,7.54,20:30:00,2025-03-01
HCM03,Lý Nhơn,7.0,31.94,0.008,22.57,13.03,6.64,21:00:00,2025-03-01
HCM03,Lý Nhơn,7.0,29.93,-0.061,18.24,13.89,6.58,21:30:00,2025-03-01
HCM03,Lý Nhơn,7.0,29.1,-0.062,22.31,15.58,6.28,22:00:00,2025-03-01
HCM03,Lý Nhơn,7.0,30.46,-0.019,26.89,17.51,7.74,22:30:00,2025-03-01
HCM03,Lý Nhơn,7.0,29.19,-0.038,25.83,13.69,6.9,23:00:00,2025-03-01
HCM03,Lý Nhơn,7.0,29.6,-0.019,22.34,14.88,6.79,23:30:00,2025-03-01
HCM01,Nhà Bè,38.0,28.78,0.007,14.93,8.4,7.59,00:00:00,2025-03-01
HCM01,Nhà Bè,38.0,29.43,0.014,13.79,9.08,6.55,00:30:00,2025-03-01
HCM01,Nhà Bè,38.0,31.24,-0.042,18.24,9.49,6.73,01:00:00,2025-03-01
HCM01,Nhà Bè,38.0,29.82,0.069,14.17,7.7,6.77,01:30:00,2025-03-01
HCM01,Nhà Bè,38.0,30.07,-0.0,13.37,8.89,7.16,02:00:00,2025-03-01
HCM01,Nhà Bè,38.0,28.97,0.003,7.16,7.05,7.26,02:30:00,2025-03-01
HCM01,Nhà Bè,38.0,29.88,0.051,12.87,8.82,7.98,03:00:00,2025-03-01
HCM01,Nhà Bè,38.0,29.41,0.061,13.61,9.19,7.59,03:30:00,2025-03-01
HCM01,Nhà Bè,38.0,30.88,0.05,9.71,7.01,7.57,04:00:00,2025-03-01
HCM01,Nhà Bè,38.0,30.17,0.063,16.81,8.65,6.3,04:30:00,2025-03-01
HCM01,Nhà Bè,38.0,30.06,0.057,12.68,7.94,6.84,05:00:00,2025-03-01
HCM01,Nhà Bè,38.0,30.8,0.03,16.53,9.48,7.43,05:30:00,2025-03-01
HCM01,Nhà Bè,38.0,30.22,0.046,12.33,9.4,6.91,06:00:00,2025-03-01
HCM01,Nhà Bè,38.0,29.49,0.045,14.47,7.74,6.86,06:30:00,2025-03-01
HCM01,Nhà Bè,38.0,30.24,0.031,16.9,9.69,6.97,07:00:00,2025-03-01
HCM01,Nhà Bè,38.0,29.49,0.063,15.01,8.42,6.81,07:30:00,2025-03-01
HCM01,Nhà Bè,38.0,28.84,0.076,15.52,9.08,6.68,08:00:00,2025-03-01
HCM01,Nhà Bè,38.0,28.69,0.03,13.52,8.12,6.85,08:30:00,2025-03-01
HCM01,Nhà Bè,38.0,30.9,0.017,12.7,8.85,7.29,09:00:00,2025-03-01
HCM01,Nhà Bè,38.0,30.46,0.042,10.26,7.9,6.36,09:30:00,2025-03-01
HCM01,Nhà Bè,38.0,29.65,-0.03,15.63,8.72,7.07,10:00:00,2025-03-01
HCM01,Nhà Bè,38.0,29.63,0.049,15.44,9.29,7.16,10:30:00,2025-03-01
HCM01,Nhà Bè,38.0,28.72,0.046,15.09,8.43,7.42,11:00:00,2025-03-01
HCM01,Nhà Bè,38.0,30.29,0.026,9.95,7.98,8.39,11:30:00,2025-03-01
HCM01,Nhà Bè,38.0,28.92,-0.032,13.6,7.27,7.15,12:00:00,2025-03-01
HCM01,Nhà Bè,38.0,31.13,-0.001,13.94,8.0,7.26,12:30:00,2025-03-01
HCM01,Nhà Bè,38.0,29.0,-0.032,12.23,7.51,7.29,13:00:00,2025-03-01
HCM01,Nhà Bè,38.0,30.42,-0.064,15.49,8.15,7.05,13:30:00,2025-03-01
HCM01,Nhà Bè,38.0,31.17,0.021,12.98,7.94,7.81,14:00:00,2025-03-01
HCM01,Nhà Bè,38.0,29.53,-0.065,12.17,6.85,6.75,14:30:00,2025-03-01
HCM01,Nhà Bè,38.0,29.59,-0.045,12.5,6.65,6.14,15:00:00,2025-03-01
HCM01,Nhà Bè,38.0,30.84,-0.037,12.31,7.89,7.89,15:30:00,2025-03-01
HCM01,Nhà Bè,38.0,31.04,-0.036,11.48,6.99,7.08,16:00:00,2025-03-01
HCM01,Nhà Bè,38.0,30.3,-0.088,10.65,6.62,6.14,16:30:00,2025-03-01
HCM01,Nhà Bè,38.0,30.92,-0.046,12.02,6.83,7.04,17:00:00,2025-03-01
HCM01,Nhà Bè,38.0,31.24,-0.073,9.74,6.09,7.12,17:30:00,2025-03-01
HCM01,Nhà Bè,38.0,30.46,-0.064,11.93,7.16,7.34,18:00:00,2025-03-01
HCM01,Nhà Bè,38.0,29.56,-0.042,12.52,7.76,7.56,18:30:00,2025-03-01
HCM01,Nhà Bè,38.0,30.76,-0.015,9.75,5.66,6.83,19:00:00,2025-03-01
HCM01,Nhà Bè,38.0,28.57,-0.016,8.81,6.64,7.1,19:30:00,2025-03-01
HCM01,Nhà Bè,38.0,29.51,-0.024,12.42,7.36,7.65,20:00:00,2025-03-01
HCM01,Nhà Bè,38.0,29.24,-0.103,9.55,7.39,7.06,20:30:00,2025-03-01
HCM01,Nhà Bè,38.0,29.97,-0.027,15.34,7.8,7.91,21:00:00,2025-03-01
HCM01,Nhà Bè,38.0,28.85,0.013,9.6,7.0,6.68,21:30:00,2025-03-01
HCM01,Nhà Bè,38.0,28.84,-0.026,12.65,8.01,7.3,22:00:00,2025-03-01
HCM01,Nhà Bè,38.0,28.65,-0.054,10.08,6.66,6.91,22:30:00,2025-03-01
HCM01,Nhà Bè,38.0,29.55,0.005,19.2,8.96,7.87,23:00:00,2025-03-01
HCM01,Nhà Bè,38.0,29.91,0.03,11.3,8.23,7.5,23:30:00,2025-03-01
HCM02,Cát Lái,58.0,31.31,0.007,6.26,4.19,7.48,00:00:00,2025-03-02
HCM02,Cát Lái,58.0,29.69,0.024,7.69,4.36,6.82,00:30:00,2025-03-02
HCM02,Cát Lái,58.0,29.39,0.034,8.76,4.74,6.98,01:00:00,2025-03-02
HCM02,Cát Lái,58.0,30.3,0.044,6.56,4.55,7.07,01:30:00,2025-03-02
HCM02,Cát Lái,58.0,29.22,-0.012,6.21,4.11,7.78,02:00:00,2025-03-02
HCM02,Cát Lái,58.0,29.9,0.04,8.51,4.44,7.41,02:30:00,2025-03-02
HCM02,Cát Lái,58.0,30.01,0.06,7.15,5.24,7.35,03:00:00,2025-03-02
HCM02,Cát Lái,58.0,30.18,-0.019,7.62,5.92,7.06,03:30:00,2025-03-02
HCM02,Cát Lái,58.0,30.59,0.021,6.84,4.98,7.54,04:00:00,2025-03-02
HCM02,Cát Lái,58.0,29.85,0.041,8.03,5.13,6.87,04:30:00,2025-03-02
HCM02,Cát Lái,58.0,28.79,-0.004,7.7,4.98,7.5,05:00:00,2025-03-02
HCM02,Cát Lái,58.0,29.34,0.035,7.29,6.31,7.33,05:30:00,2025-03-02
HCM02,Cát Lái,58.0,28.34,0.074,10.72,6.02,7.5,06:00:00,2025-03-02
HCM02,Cát Lái,58.0,31.34,0.049,8.25,5.89,7.27,06:30:00,2025-03-02
HCM02,Cát Lái,58.0,29.85,0.017,8.74,5.44,8.06,07:00:00,2025-03-02
HCM02,Cát Lái,58.0,28.88,0.071,7.73,5.03,7.1,07:30:00,2025-03-02
HCM02,Cát Lái,58.0,32.08,0.032,12.54,5.71,7.69,08:00:00,2025-03-02
HCM02,Cát Lái,58.0,30.52,0.054,8.81,4.81,7.62,08:30:00,2025-03-02
HCM02,Cát Lái,58.0,30.39,0.035,8.8,4.98,7.02,09:00:00,2025-03-02
HCM02,Cát Lái,58.0,30.05,-0.021,10.74,5.85,7.33,09:30:00,2025-03-02
HCM02,Cát Lái,58.0,29.89,0.05,6.66,3.93,7.05,10:00:00,2025-03-02
HCM02,Cát Lái,58.0,30.17,0.003,8.89,5.47,7.11,10:30:00,2025-03-02
HCM02,Cát Lái,58.0,30.09,0.044,7.33,4.8,6.77,11:00:00,2025-03-02
HCM02,Cát Lái,58.0,29.5,-0.004,9.21,5.31,8.12,11:30:00,2025-03-02
HCM02,Cát Lái,58.0,30.7,0.037,5.86,4.19,7.08,12:00:00,2025-03-02
HCM02,Cát Lái,58.0,31.04,0.016,7.85,4.59,7.21,12:30:00,2025-03-02
HCM02,Cát Lái,58.0,28.74,-0.029,8.79,5.27,6.41,13:00:00,2025-03-02
HCM02,Cát Lái,58.0,30.56,0.0,7.18,4.77,7.22,13:30:00,2025-03-02
HCM02,Cát Lái,58.0,30.06,-0.051,7.96,4.89,7.6,14:00:00,2025-03-02
HCM02,Cát Lái,58.0,30.36,-0.058,5.55,3.73,7.13,14:30:00,2025-03-02
HCM02,Cát Lái,58.0,28.51,-0.092,5.36,3.98,8.1,15:00:00,2025-03-02
HCM02,Cát Lái,58.0,29.22,-0.054,6.38,4.18,6.57,15:30:00,2025-03-02
HCM02,Cát Lái,58.0,29.33,-0.009,6.04,4.14,7.59,16:00:00,2025-03-02
HCM02,Cát Lái,58.0,30.05,-0.005,5.27,4.36,7.97,16:30:00,2025-03-02
HCM02,Cát Lái,58.0,31.07,-0.048,5.04,3.53,7.73,17:00:00,2025-03-02
HCM02,Cát Lái,58.0,30.14,-0.094,7.13,3.9,7.53,17:30:00,2025-03-02
HCM02,Cát Lái,58.0,30.68,-0.059,5.27,3.71,8.28,18:00:00,2025-03-02
HCM02,Cát Lái,58.0,31.32,-0.015,7.11,4.36,7.21,18:30:00,2025-03-02
HCM02,Cát Lái,58.0,31.2,-0.009,5.38,4.12,7.93,19:00:00,2025-03-02
HCM02,Cát Lái,58.0,31.84,-0.097,7.33,4.35,7.63,19:30:00,2025-03-02
HCM02,Cát Lái,58.0,31.16,-0.042,6.18,4.08,7.81,20:00:00,2025-03-02
HCM02,Cát Lái,58.0,29.52,-0.084,6.55,4.8,7.29,20:30:00,2025-03-02
HCM02,Cát Lái,58.0,29.62,-0.027,6.46,3.99,6.99,21:00:00,2025-03-02
HCM02,Cát Lái,58.0,30.64,0.003,10.85,5.3,6.95,21:30:00,2025-03-02
HCM02,Cát Lái,58.0,30.07,-0.017,6.46,4.64,6.99,22:00:00,2025-03-02
HCM02,Cát Lái,58.0,29.53,-0.029,6.92,4.55,7.93,22:30:00,2025-03-02
HCM02,Cát Lái,58.0,27.9,-0.007,10.01,5.41,8.07,23:00:00,2025-03-02
HCM02,Cát Lái,58.0,29.71,0.01,6.52,4.79,6.9,23:30:00,2025-03-02
HCM04,Long Đại,80.0,29.36,-0.017,2.38,1.48,7.26,00:00:00,2025-03-02
HCM04,Long Đại,80.0,30.52,0.041,1.85,1.25,7.65,00:30:00,2025-03-02
HCM04,Long Đại,80.0,31.42,0.021,2.44,1.27,7.09,01:00:00,2025-03-02
HCM04,Long Đại,80.0,29.92,0.043,1.17,0.86,7.21,01:30:00,2025-03-02
HCM04,Long Đại,80.0,28.94,0.035,1.36,1.04,7.8,02:00:00,2025-03-02
HCM04,Long Đại,80.0,29.53,0.05,1.62,0.92,7.33,02:30:00,2025-03-02
HCM04,Long Đại,80.0,29.72,-0.066,1.9,1.26,6.97,03:00:00,2025-03-02
HCM04,Long Đại,80.0,29.19,0.061,2.59,1.7,7.35,03:30:00,2025-03-02
HCM04,Long Đại,80.0,29.25,0.077,1.56,0.87,7.57,04:00:00,2025-03-02
HCM04,Long Đại,80.0,29.09,0.081,1.35,1.03,7.78,04:30:00,2025-03-02
HCM04,Long Đại,80.0,29.55,0.021,1.85,1.03,8.53,05:00:00,2025-03-02
HCM04,Long Đại,80.0,28.17,0.051,2.32,1.49,7.3,05:30:00,2025-03-02
HCM04,Long Đại,80.0,30.76,0.04,1.45,0.9,7.99,06:00:00,2025-03-02
HCM04,Long Đại,80.0,29.89,0.118,1.96,1.14,6.18,06:30:00,2025-03-02
HCM04,Long Đại,80.0,30.88,0.093,2.39,1.33,6.75,07:00:00,2025-03-02
HCM04,Long Đại,80.0,30.45,-0.006,2.18,1.44,7.53,07:30:00,2025-03-02
HCM04,Long Đại,80.0,29.9,0.078,1.63,1.14,7.49,08:00:00,2025-03-02
HCM04,Long Đại,80.0,30.05,0.066,2.11,1.26,6.35,08:30:00,2025-03-02
HCM04,Long Đại,80.0,30.56,0.092,1.42,1.0,7.22,09:00:00,2025-03-02
HCM04,Long Đại,80.0,29.53,0.046,1.07,0.75,6.91,09:30:00,2025-03-02
HCM04,Long Đại,80.0,30.89,0.03,2.87,1.8,8.14,10:00:00,2025-03-02
HCM04,Long Đại,80.0,28.51,0.041,2.59,1.21,7.72,10:30:00,2025-03-02
HCM04,Long Đại,80.0,28.52,0.035,1.92,1.52,7.54,11:00:00,2025-03-02
HCM04,Long Đại,80.0,30.03,0.039,0.95,0.6,7.08,11:30:00,2025-03-02
HCM04,Long Đại,80.0,31.19,0.008,1.2,0.87,7.52,12:00:00,2025-03-02
HCM04,Long Đại,80.0,29.05,0.023,1.18,0.73,7.27,12:30:00,2025-03-02
HCM04,Long Đại,80.0,30.57,-0.079,0.74,0.41,7.07,13:00:00,2025-03-02
HCM04,Long Đại,80.0,29.8,0.007,0.62,0.3,7.06,13:30:00,2025-03-02
HCM04,Long Đại,80.0,30.45,-0.012,1.12,0.78,6.85,14:00:00,2025-03-02
HCM04,Long Đại,80.0,31.48,-0.011,2.23,1.27,7.85,14:30:00,2025-03-02
HCM04,Long Đại,80.0,30.06,0.011,1.59,0.95,7.69,15:00:00,2025-03-02
HCM04,Long Đại,80.0,29.35,-0.04,1.75,1.26,7.55,15:30:00,2025-03-02
HCM04,Long Đại,80.0,30.43,-0.067,1.17,1.12,7.27,16:00:00,2025-03-02
HCM04,Long Đại,80.0,29.77,-0.061,0.37,0.46,7.66,16:30:00,2025-03-02
HCM04,Long Đại,80.0,31.1,0.024,1.63,0.86,7.16,17:00:00,2025-03-02
HCM04,Long Đại,80.0,30.66,-0.078,1.16,0.77,6.86,17:30:00,2025-03-02
HCM04,Long Đại,80.0,30.08,-0.032,1.5,1.07,7.93,18:00:00,2025-03-02
HCM04,Long Đại,80.0,29.58,-0.02,1.36,0.97,7.55,18:30:00,2025-03-02
HCM04,Long Đại,80.0,31.19,-0.077,3.08,1.89,7.7,19:00:00,2025-03-02
HCM04,Long Đại,80.0,29.74,-0.041,0.91,0.5,7.44,19:30:00,2025-03-02
HCM04,Long Đại,80.0,30.0,-0.015,2.71,1.35,7.78,20:00:00,2025-03-02
HCM04,Long Đại,80.0,30.31,-0.072,1.22,1.08,7.15,20:30:00,2025-03-02
HCM04,Long Đại,80.0,29.38,0.032,1.54,1.08,8.01,21:00:00,2025-03-02
HCM04,Long Đại,80.0,31.15,0.008,0.3,0.37,7.41,21:30:00,2025-03-02
HCM04,Long Đại,80.0,29.6,0.004,2.25,1.28,6.6,22:00:00,2025-03-02
HCM04,Long Đại,80.0,30.7,0.035,1.35,0.87,6.76,22:30:00,2025-03-02
HCM04,Long Đại,80.0,30.74,-0.03,2.21,1.37,7.01,23:00:00,2025-03-02
HCM04,Long Đại,80.0,31.08,0.002,2.59,1.5,7.26,23:30:00,2025-03-02
HCM03,Lý Nhơn,7.0,29.87,-0.036,27.16,17.8,7.47,00:00:00,2025-03-02
HCM03,Lý Nhơn,7.0,29.62,-0.002,28.03,17.29,6.88,00:30:00,2025-03-02
HCM03,Lý Nhơn,7.0,30.6,-0.027,25.27,18.07,7.59,01:00:00,2025-03-02
HCM03,Lý Nhơn,7.0,29.03,-0.01,29.46,15.68,7.12,01:30:00,2025-03-02
HCM03,Lý Nhơn,7.0,28.68,0.002,32.82,20.41,6.23,02:00:00,2025-03-02
HCM03,Lý Nhơn,7.0,30.08,-0.023,32.11,17.05,6.93,02:30:00,2025-03-02
HCM03,Lý Nhơn,7.0,31.27,0.023,26.16,16.94,6.64,03:00:00,2025-03-02
HCM03,Lý Nhơn,7.0,28.64,0.053,23.65,17.72,7.19,03:30:00,2025-03-02
HCM03,Lý Nhơn,7.0,29.15,0.017,30.88,19.16,7.76,04:00:00,2025-03-02
HCM03,Lý Nhơn,7.0,28.81,0.043,35.05,21.04,6.25,04:30:00,2025-03-02
HCM03,Lý Nhơn,7.0,30.19,0.084,34.06,18.1,6.25,05:00:00,2025-03-02
HCM03,Lý Nhơn,7.0,30.62,0.063,34.71,19.71,6.5,05:30:00,2025-03-02
HCM03,Lý Nhơn,7.0,30.35,-0.001,34.88,19.66,5.79,06:00:00,2025-03-02
HCM03,Lý Nhơn,7.0,30.1,0.033,25.34,18.38,6.9,06:30:00,2025-03-02
HCM03,Lý Nhơn,7.0,31.31,0.032,49.56,21.31,6.13,07:00:00,2025-03-02
HCM03,Lý Nhơn,7.0,27.78,0.045,36.89,19.23,6.48,07:30:00,2025-03-02
HCM03,Lý Nhơn,7.0,28.81,0.034,25.11,16.12,6.4,08:00:00,2025-03-02
HCM03,Lý Nhơn,7.0,30.34,0.042,36.13,21.39,6.04,08:30:00,2025-03-02
HCM03,Lý Nhơn,7.0,28.81,0.026,25.98,19.52,6.78,09:00:00,2025-03-02
HCM03,Lý Nhơn,7.0,29.42,0.026,26.09,18.57,6.31,09:30:00,2025-03-02
HCM03,Lý Nhơn,7.0,29.41,0.016,29.07,19.22,6.98,10:00:00,2025-03-02
HCM03,Lý Nhơn,7.0,30.13,-0.012,27.44,15.75,7.33,10:30:00,2025-03-02
HCM03,Lý Nhơn,7.0,30.29,0.041,31.22,19.94,6.74,11:00:00,2025-03-02
HCM03,Lý Nhơn,7.0,31.26,0.013,29.42,18.07,6.74,11:30:00,2025-03-02
HCM03,Lý Nhơn,7.0,30.75,-0.024,26.22,16.38,7.87,12:00:00,2025-03-02
HCM03,Lý Nhơn,7.0,30.37,-0.009,23.18,14.31,7.04,12:30:00,2025-03-02
HCM03,Lý Nhơn,7.0,28.9,-0.055,15.97,14.79,7.41,13:00:00,2025-03-02
HCM03,Lý Nhơn,7.0,29.32,0.017,27.15,17.18,7.01,13:30:00,2025-03-02
HCM03,Lý Nhơn,7.0,31.29,0.017,23.92,16.16,6.9,14:00:00,2025-03-02
HCM03,Lý Nhơn,7.0,29.82,-0.047,28.86,16.04,7.07,14:30:00,2025-03-02
HCM03,Lý Nhơn,7.0,31.79,-0.028,23.4,16.04,6.85,15:00:00,2025-03-02
HCM03,Lý Nhơn,7.0,30.75,0.003,15.47,13.89,6.89,15:30:00,2025-03-02
HCM03,Lý Nhơn,7.0,29.6,-0.049,25.36,14.64,7.24,16:00:00,2025-03-02
HCM03,Lý Nhơn,7.0,28.43,-0.035,22.0,14.23,7.71,16:30:00,2025-03-02
HCM03,Lý Nhơn,7.0,29.6,-0.004,30.59,16.02,6.83,17:00:00,2025-03-02
HCM03,Lý Nhơn,7.0,29.36,-0.089,19.33,11.89,7.73,17:30:00,2025-03-02
HCM03,Lý Nhơn,7.0,29.84,-0.121,24.21,15.56,6.56,18:00:00,2025-03-02
HCM03,Lý Nhơn,7.0,29.66,-0.005,24.23,13.05,6.26,18:30:00,2025-03-02
HCM03,Lý Nhơn,7.0,29.45,-0.089,19.76,13.22,6.62,19:00:00,2025-03-02
HCM03,Lý Nhơn,7.0,29.57,-0.111,24.55,13.93,6.32,19:30:00,2025-03-02
HCM03,Lý Nhơn,7.0,30.63,0.004,34.18,17.24,6.0,20:00:00,2025-03-02
HCM03,Lý Nhơn,7.0,30.66,-0.075,21.11,14.24,6.4,20:30:00,2025-03-02
HCM03,Lý Nhơn,7.0,29.81,-0.021,25.97,16.45,6.25,21:00:00,2025-03-02
HCM03,Lý Nhơn,7.0,30.34,-0.025,25.69,13.57,6.26,21:30:00,2025-03-02
HCM03,Lý Nhơn,7.0,29.86,-0.016,30.02,16.17,6.2,22:00:00,2025-03-02
HCM03,Lý Nhơn,7.0,31.5,-0.026,16.27,12.07,7.35,22:30:00,2025-03-02
HCM03,Lý Nhơn,7.0,29.91,-0.023,24.13,16.24,7.24,23:00:00,2025-03-02
HCM03,Lý Nhơn,7.0,30.78,-0.027,35.57,19.24,6.28,23:30:00,2025-03-02
HCM01,Nhà Bè,38.0,31.31,0.032,13.55,8.6,6.72,00:00:00,2025-03-02
HCM01,Nhà Bè,38.0,30.57,0.059,11.13,8.24,7.43,00:30:00,2025-03-02
HCM01,Nhà Bè,38.0,29.86,0.03,10.56,7.67,7.22,01:00:00,2025-03-02
HCM01,Nhà Bè,38.0,29.91,-0.011,12.5,7.7,7.03,01:30:00,2025-03-02
HCM01,Nhà Bè,38.0,30.33,0.087,15.06,8.08,7.27,02:00:00,2025-03-02
HCM01,Nhà Bè,38.0,29.5,-0.014,14.39,8.16,6.07,02:30:00,2025-03-02
HCM01,Nhà Bè,38.0,30.16,0.02,15.46,8.15,7.07,03:00:00,2025-03-02
HCM01,Nhà Bè,38.0,30.98,0.057,9.32,7.33,7.62,03:30:00,2025-03-02
HCM01,Nhà Bè,38.0,29.85,0.041,14.51,9.0,7.5,04:00:00,2025-03-02
HCM01,Nhà Bè,38.0,30.65,0.048,12.94,8.12,7.27,04:30:00,2025-03-02
HCM01,Nhà Bè,38.0,30.32,0.021,13.0,8.26,6.86,05:00:00,2025-03-02
HCM01,Nhà Bè,38.0,29.2,0.053,10.79,8.54,7.65,05:30:00,2025-03-02
HCM01,Nhà Bè,38.0,29.64,0.012,14.32,9.11,6.27,06:00:00,2025-03-02
HCM01,Nhà Bè,38.0,29.63,0.064,14.26,8.07,7.43,06:30:00,2025-03-02
HCM01,Nhà Bè,38.0,30.51,0.008,14.39,8.04,7.66,07:00:00,2025-03-02
HCM01,Nhà Bè,38.0,30.66,0.086,12.93,7.34,6.93,07:30:00,2025-03-02
HCM01,Nhà Bè,38.0,29.59,0.063,17.46,8.6,7.27,08:00:00,2025-03-02
HCM01,Nhà Bè,38.0,29.4,0.078,11.85,7.56,7.58,08:30:00,2025-03-02
HCM01,Nhà Bè,38.0,28.89,0.041,17.9,8.77,7.08,09:00:00,2025-03-02
HCM01,Nhà Bè,38.0,29.42,0.031,11.21,7.47,7.35,09:30:00,2025-03-02
HCM01,Nhà Bè,38.0,29.8,0.061,12.36,7.21,6.88,10:00:00,2025-03-02
HCM01,Nhà Bè,38.0,29.78,-0.004,16.44,8.78,7.7,10:30:00,2025-03-02
HCM01,Nhà Bè,38.0,30.14,0.049,14.52,8.14,6.86,11:00:00,2025-03-02
HCM01,Nhà Bè,38.0,29.05,-0.044,10.22,7.55,7.09,11:30:00,2025-03-02
HCM01,Nhà Bè,38.0,30.27,-0.009,7.55,6.79,7.42,12:00:00,2025-03-02
HCM01,Nhà Bè,38.0,30.77,-0.035,10.73,7.04,6.23,12:30:00,2025-03-02
HCM01,Nhà Bè,38.0,29.33,0.01,14.54,7.57,6.79,13:00:00,2025-03-02
HCM01,Nhà Bè,38.0,28.95,-0.004,12.59,7.69,7.51,13:30:00,2025-03-02
HCM01,Nhà Bè,38.0,29.42,-0.011,13.66,7.27,7.18,14:00:00,2025-03-02
HCM01,Nhà Bè,38.0,30.29,-0.034,10.58,6.37,7.29,14:30:00,2025-03-02
HCM01,Nhà Bè,38.0,29.1,-0.011,11.32,6.66,7.19,15:00:00,2025-03-02
HCM01,Nhà Bè,38.0,29.67,-0.038,14.57,7.08,7.91,15:30:00,2025-03-02
HCM01,Nhà Bè,38.0,31.28,-0.04,10.44,6.07,7.44,16:00:00,2025-03-02
HCM01,Nhà Bè,38.0,30.49,-0.046,11.64,7.44,7.74,16:30:00,2025-03-02
HCM01,Nhà Bè,38.0,30.29,-0.061,10.96,6.02,6.35,17:00:00,2025-03-02
HCM01,Nhà Bè,38.0,29.55,-0.042,8.36,6.64,5.84,17:30:00,2025-03-02
HCM01,Nhà Bè,38.0,30.69,0.003,8.95,5.76,6.72,18:00:00,2025-03-02
HCM01,Nhà Bè,38.0,30.79,-0.035,7.67,7.04,7.12,18:30:00,2025-03-02
HCM01,Nhà Bè,38.0,30.3,-0.005,7.72,5.0,7.44,19:00:00,2025-03-02
HCM01,Nhà Bè,38.0,30.62,-0.005,10.01,7.08,7.68,19:30:00,2025-03-02
HCM01,Nhà Bè,38.0,30.31,-0.049,9.31,6.47,6.71,20:00:00,2025-03-02
HCM01,Nhà Bè,38.0,29.06,-0.021,14.69,8.5,6.38,20:30:00,2025-03-02
HCM01,Nhà Bè,38.0,29.19,-0.065,10.83,7.36,6.98,21:00:00,2025-03-02
HCM01,Nhà Bè,38.0,29.96,-0.056,11.05,6.65,7.2,21:30:00,2025-03-02
HCM01,Nhà Bè,38.0,30.67,-0.037,12.03,7.13,7.09,22:00:00,2025-03-02
HCM01,Nhà Bè,38.0,29.4,-0.004,16.31,7.34,8.26,22:30:00,2025-03-02
HCM01,Nhà Bè,38.0,30.58,-0.008,13.48,8.01,7.11,23:00:00,2025-03-02
HCM01,Nhà Bè,38.0,28.63,0.024,10.18,7.88,6.87,23:30:00,2025-03-02
HCM02,Cát Lái,58.0,30.01,0.033,6.12,4.8,7.68,00:00:00,2025-03-03
HCM02,Cát Lái,58.0,30.83,0.013,9.08,5.46,7.51,00:30:00,2025-03-03
HCM02,Cát Lái,58.0,30.49,-0.025,11.42,5.12,7.68,01:00:00,2025-03-03
HCM02,Cát Lái,58.0,30.2,0.019,7.15,5.42,7.25,01:30:00,2025-03-03
HCM02,Cát Lái,58.0,29.36,0.04,6.69,5.9,6.87,02:00:00,2025-03-03
HCM02,Cát Lái,58.0,30.22,-0.011,6.92,4.66,7.38,02:30:00,2025-03-03
HCM02,Cát Lái,58.0,31.48,-0.024,12.01,5.77,6.75,03:00:00,2025-03-03
HCM02,Cát Lái,58.0,29.53,-0.007,6.16,4.66,6.99,03:30:00,2025-03-03
HCM02,Cát Lái,58.0,29.69,0.038,8.27,5.55,6.86,04:00:00,2025-03-03
HCM02,Cát Lái,58.0,29.48,0.097,6.91,4.98,7.83,04:30:00,2025-03-03
HCM02,Cát Lái,58.0,30.62,0.052,6.78,5.05,7.24,05:00:00,2025-03-03
HCM02,Cát Lái,58.0,30.12,0.087,9.99,5.55,7.28,05:30:00,2025-03-03
HCM02,Cát Lái,58.0,29.84,0.056,8.37,5.28,7.38,06:00:00,2025-03-03
HCM02,Cát Lái,58.0,28.72,0.041,8.52,5.05,6.98,06:30:00,2025-03-03
HCM02,Cát Lái,58.0,30.58,0.05,4.83,3.81,6.71,07:00:00,2025-03-03
HCM02,Cát Lái,58.0,29.52,0.054,14.2,6.26,6.99,07:30:00,2025-03-03
HCM02,Cát Lái,58.0,30.66,0.045,8.99,5.66,7.67,08:00:00,2025-03-03
HCM02,Cát Lái,58.0,28.86,0.041,4.67,5.41,7.62,08:30:00,2025-03-03
HCM02,Cát Lái,58.0,29.67,0.026,9.64,5.59,8.63,09:00:00,2025-03-03
HCM02,Cát Lái,58.0,28.67,0.019,9.73,6.15,7.45,09:30:00,2025-03-03
HCM02,Cát Lái,58.0,30.39,0.042,9.49,4.96,7.35,10:00:00,2025-03-03
HCM02,Cát Lái,58.0,29.69,0.023,7.06,4.47,7.8,10:30:00,2025-03-03
HCM02,Cát Lái,58.0,31.56,0.027,6.41,4.78,7.03,11:00:00,2025-03-03
HCM02,Cát Lái,58.0,30.08,0.003,6.92,4.8,7.41,11:30:00,2025-03-03
HCM02,Cát Lái,58.0,32.1,-0.002,6.53,4.19,7.05,12:00:00,2025-03-03
HCM02,Cát Lái,58.0,30.57,0.009,5.43,4.28,7.64,12:30:00,2025-03-03
HCM02,Cát Lái,58.0,30.5,-0.026,6.71,4.12,7.66,13:00:00,2025-03-03
HCM02,Cát Lái,58.0,30.32,-0.044,7.71,4.97,7.44,13:30:00,2025-03-03
HCM02,Cát Lái,58.0,29.67,0.001,6.99,4.4,6.82,14:00:00,2025-03-03
HCM02,Cát Lái,58.0,29.81,-0.037,7.49,4.54,7.43,14:30:00,2025-03-03
HCM02,Cát Lái,58.0,30.61,-0.006,6.54,5.12,7.25,15:00:00,2025-03-03
HCM02,Cát Lái,58.0,30.94,-0.055,6.9,3.75,7.83,15:30:00,2025-03-03
HCM02,Cát Lái,58.0,31.45,-0.039,6.6,4.01,7.55,16:00:00,2025-03-03
HCM02,Cát Lái,58.0,29.02,-0.022,5.85,4.25,7.06,16:30:00,2025-03-03
HCM02,Cát Lái,58.0,30.17,-0.05,6.14,3.99,7.97,17:00:00,2025-03-03
HCM02,Cát Lái,58.0,29.54,-0.054,5.06,3.74,7.78,17:30:00,2025-03-03
HCM02,Cát Lái,58.0,30.32,-0.038,7.28,4.31,7.39,18:00:00,2025-03-03
HCM02,Cát Lái,58.0,29.69,-0.045,7.01,3.72,7.41,18:30:00,2025-03-03
HCM02,Cát Lái,58.0,29.22,-0.044,6.9,4.67,7.74,19:00:00,2025-03-03
HCM02,Cát Lái,58.0,29.97,-0.091,7.1,4.06,7.52,19:30:00,2025-03-03
HCM02,Cát Lái,58.0,29.56,-0.039,7.1,4.73,7.02,20:00:00,2025-03-03
HCM02,Cát Lái,58.0,29.69,-0.041,9.69,4.86,6.55,20:30:00,2025-03-03
HCM02,Cát Lái,58.0,29.9,0.007,5.4,4.27,6.96,21:00:00,2025-03-03
HCM02,Cát Lái,58.0,30.06,-0.025,7.36,4.43,6.86,21:30:00,2025-03-03
HCM02,Cát Lái,58.0,30.04,-0.059,5.64,4.34,7.08,22:00:00,2025-03-03
HCM02,Cát Lái,58.0,30.99,-0.005,8.16,3.98,6.87,22:30:00,2025-03-03
HCM02,Cát Lái,58.0,30.39,-0.033,6.89,3.69,7.77,23:00:00,2025-03-03
HCM02,Cát Lái,58.0,29.7,0.021,7.0,4.63,6.54,23:30:00,2025-03-03
HCM04,Long Đại,80.0,29.83,-0.053,1.16,0.9,7.02,00:00:00,2025-03-03
HCM04,Long Đại,80.0,30.37,-0.025,2.68,1.51,8.19,00:30:00,2025-03-03
HCM04,Long Đại,80.0,30.25,0.043,2.3,1.42,7.1,01:00:00,2025-03-03
HCM04,Long Đại,80.0,29.57,0.028,0.54,0.71,7.79,01:30:00,2025-03-03
HCM04,Long Đại,80.0,29.12,0.005,1.38,1.16,7.2,02:00:00,2025-03-03
HCM04,Long Đại,80.0,28.99,-0.014,1.99,1.27,7.29,02:30:00,2025-03-03
HCM04,Long Đại,80.0,29.04,-0.009,2.64,1.4,7.89,03:00:00,2025-03-03
HCM04,Long Đại,80.0,28.44,0.054,2.27,1.18,8.21,03:30:00,2025-03-03
HCM04,Long Đại,80.0,31.49,0.029,1.4,0.86,7.05,04:00:00,2025-03-03
HCM04,Long Đại,80.0,29.91,0.056,2.54,1.95,7.58,04:30:00,2025-03-03
HCM04,Long Đại,80.0,29.9,-0.007,2.23,1.68,7.64,05:00:00,2025-03-03
HCM04,Long Đại,80.0,30.67,0.074,1.38,0.84,6.91,05:30:00,2025-03-03
HCM04,Long Đại,80.0,29.08,0.004,1.71,0.93,7.89,06:00:00,2025-03-03
HCM04,Long Đại,80.0,30.83,0.048,1.97,1.18,7.84,06:30:00,2025-03-03
HCM04,Long Đại,80.0,29.86,0.034,1.59,1.12,6.22,07:00:00,2025-03-03
HCM04,Long Đại,80.0,30.62,0.122,3.18,1.71,6.84,07:30:00,2025-03-03
HCM04,Long Đại,80.0,30.12,0.02,3.14,1.68,6.48,08:00:00,2025-03-03
HCM04,Long Đại,80.0,28.66,0.057,1.4,1.28,6.76,08:30:00,2025-03-03
HCM04,Long Đại,80.0,31.06,0.009,2.15,1.5,7.36,09:00:00,2025-03-03
HCM04,Long Đại,80.0,30.59,0.014,1.15,0.74,7.84,09:30:00,2025-03-03
HCM04,Long Đại,80.0,30.62,-0.004,1.42,0.83,7.56,10:00:00,2025-03-03
HCM04,Long Đại,80.0,29.74,0.034,2.82,1.59,6.94,10:30:00,2025-03-03
HCM04,Long Đại,80.0,29.98,0.044,1.34,1.19,8.99,11:00:00,2025-03-03
HCM04,Long Đại,80.0,29.39,0.018,1.16,0.82,7.28,11:30:00,2025-03-03
HCM04,Long Đại,80.0,30.61,-0.016,2.5,1.62,7.24,12:00:00,2025-03-03
HCM04,Long Đại,80.0,29.36,-0.022,1.41,0.77,7.07,12:30:00,2025-03-03
HCM04,Long Đại,80.0,30.15,-0.032,1.51,0.83,7.97,13:00:00,2025-03-03
HCM04,Long Đại,80.0,31.89,-0.051,1.75,1.04,8.64,13:30:00,2025-03-03
HCM04,Long Đại,80.0,30.5,-0.028,1.79,0.87,7.46,14:00:00,2025-03-03
HCM04,Long Đại,80.0,30.67,-0.026,1.6,0.99,7.12,14:30:00,2025-03-03
HCM04,Long Đại,80.0,30.03,-0.06,1.54,0.91,7.59,15:00:00,2025-03-03
HCM04,Long Đại,80.0,29.29,-0.038,1.17,0.72,7.74,15:30:00,2025-03-03
HCM04,Long Đại,80.0,30.18,-0.035,1.22,0.77,7.7,16:00:00,2025-03-03
HCM04,Long Đại,80.0,29.35,-0.028,1.68,1.03,7.71,16:30:00,2025-03-03
HCM04,Long Đại,80.0,30.33,-0.056,0.82,0.53,7.03,17:00:00,2025-03-03
HCM04,Long Đại,80.0,29.19,-0.057,2.39,1.34,7.48,17:30:00,2025-03-03
HCM04,Long Đại,80.0,30.61,0.024,1.0,0.89,7.69,18:00:00,2025-03-03
HCM04,Long Đại,80.0,31.73,-0.064,1.21,0.65,7.65,18:30:00,2025-03-03
HCM04,Long Đại,80.0,29.64,-0.091,1.69,0.88,7.35,19:00:00,2025-03-03
HCM04,Long Đại,80.0,29.24,-0.087,0.7,0.51,8.46,19:30:00,2025-03-03
HCM04,Long Đại,80.0,30.47,0.015,0.86,0.62,7.9,20:00:00,2025-03-03
HCM04,Long Đại,80.0,31.05,-0.078,1.68,0.99,7.44,20:30:00,2025-03-03
HCM04,Long Đại,80.0,30.25,-0.019,1.2,0.82,7.03,21:00:00,2025-03-03
HCM04,Long Đại,80.0,29.61,-0.028,1.12,0.78,7.13,21:30:00,2025-03-03
HCM04,Long Đại,80.0,29.6,0.016,2.13,1.36,8.37,22:00:00,2025-03-03
HCM04,Long Đại,80.0,29.63,0.023,1.21,0.74,7.05,22:30:00,2025-03-03
HCM04,Long Đại,80.0,32.04,-0.025,1.17,0.98,7.58,23:00:00,2025-03-03
HCM04,Long Đại,80.0,29.2,0.004,1.4,0.91,6.83,23:30:00,2025-03-03
HCM03,Lý Nhơn,7.0,29.33,0.036,30.97,18.89,7.08,00:00:00,2025-03-03
HCM03,Lý Nhơn,7.0,29.34,-0.01,23.13,13.83,7.58,00:30:00,2025-03-03
HCM03,Lý Nhơn,7.0,29.96,-0.086,25.7,18.62,6.77,01:00:00,2025-03-03
HCM03,Lý Nhơn,7.0,30.05,-0.017,35.54,20.42,7.84,01:30:00,2025-03-03
HCM03,Lý Nhơn,7.0,28.51,0.009,28.17,15.87,6.9,02:00:00,2025-03-03
HCM03,Lý Nhơn,7.0,28.05,0.077,28.35,19.63,6.79,02:30:00,2025-03-03
HCM03,Lý Nhơn,7.0,30.28,0.027,31.1,18.26,6.55,03:00:00,2025-03-03
HCM03,Lý Nhơn,7.0,30.27,0.017,27.04,18.39,5.42,03:30:00,2025-03-03
HCM03,Lý Nhơn,7.0,28.95,0.052,22.83,18.43,7.12,04:00:00,2025-03-03
HCM03,Lý Nhơn,7.0,30.44,-0.006,24.39,14.35,6.94,04:30:00,2025-03-03
HCM03,Lý Nhơn,7.0,30.24,0.069,24.34,16.47,7.22,05:00:00,2025-03-03
HCM03,Lý Nhơn,7.0,30.47,0.019,31.39,17.67,6.39,05:30:00,2025-03-03
HCM03,Lý Nhơn,7.0,29.17,-0.001,31.94,21.72,6.12,06:00:00,2025-03-03
HCM03,Lý Nhơn,7.0,31.62,0.007,24.83,20.24,6.64,06:30:00,2025-03-03
HCM03,Lý Nhơn,7.0,31.04,0.002,21.38,19.17,6.69,07:00:00,2025-03-03
HCM03,Lý Nhơn,7.0,29.45,0.032,33.26,20.51,6.87,07:30:00,2025-03-03
HCM03,Lý Nhơn,7.0,30.88,0.034,39.19,21.55,6.8,08:00:00,2025-03-03
HCM03,Lý Nhơn,7.0,30.06,0.06,21.28,14.93,7.22,08:30:00,2025-03-03
HCM03,Lý Nhơn,7.0,29.64,0.02,22.9,17.61,6.82,09:00:00,2025-03-03
HCM03,Lý Nhơn,7.0,30.44,0.05,22.83,15.6,6.66,09:30:00,2025-03-03
HCM03,Lý Nhơn,7.0,29.06,0.009,36.72,18.07,5.97,10:00:00,2025-03-03
HCM03,Lý Nhơn,7.0,30.97,0.02,36.35,20.83,6.25,10:30:00,2025-03-03
HCM03,Lý Nhơn,7.0,29.87,0.016,25.02,18.44,5.77,11:00:00,2025-03-03
HCM03,Lý Nhơn,7.0,28.72,-0.008,23.47,17.6,7.51,11:30:00,2025-03-03
HCM03,Lý Nhơn,7.0,30.71,0.028,27.94,18.08,6.2,12:00:00,2025-03-03
HCM03,Lý Nhơn,7.0,30.45,-0.018,27.06,18.11,6.94,12:30:00,2025-03-03
HCM03,Lý Nhơn,7.0,29.66,0.005,22.77,16.6,6.92,13:00:00,2025-03-03
HCM03,Lý Nhơn,7.0,29.08,-0.016,19.21,13.64,7.18,13:30:00,2025-03-03
HCM03,Lý Nhơn,7.0,30.23,0.035,24.19,16.21,6.42,14:00:00,2025-03-03
HCM03,Lý Nhơn,7.0,30.15,-0.013,20.24,13.34,6.84,14:30:00,2025-03-03
HCM03,Lý Nhơn,7.0,30.3,-0.026,24.57,14.66,7.02,15:00:00,2025-03-03
HCM03,Lý Nhơn,7.0,28.37,-0.041,20.0,15.06,6.1,15:30:00,2025-03-03
HCM03,Lý Nhơn,7.0,28.6,-0.045,28.55,16.55,6.95,16:00:00,2025-03-03
HCM03,Lý Nhơn,7.0,30.41,-0.075,29.86,16.85,6.99,16:30:00,2025-03-03
HCM03,Lý Nhơn,7.0,31.79,-0.036,23.56,15.2,7.53,17:00:00,2025-03-03
HCM03,Lý Nhơn,7.0,31.5,-0.086,24.51,13.35,6.82,17:30:00,2025-03-03
HCM03,Lý Nhơn,7.0,29.72,-0.064,33.04,17.37,7.05,18:00:00,2025-03-03
HCM03,Lý Nhơn,7.0,29.59,-0.089,24.52,14.42,7.45,18:30:00,2025-03-03
HCM03,Lý Nhơn,7.0,29.41,-0.043,26.64,15.21,6.79,19:00:00,2025-03-03
HCM03,Lý Nhơn,7.0,29.91,-0.038,24.87,17.42,7.78,19:30:00,2025-03-03
HCM03,Lý Nhơn,7.0,29.89,-0.053,23.44,14.75,7.89,20:00:00,2025-03-03
HCM03,Lý Nhơn,7.0,29.04,-0.04,30.02,15.83,6.92,20:30:00,2025-03-03
HCM03,Lý Nhơn,7.0,31.15,-0.08,22.34,15.24,7.44,21:00:00,2025-03-03
HCM03,Lý Nhơn,7.0,29.4,-0.036,24.15,15.61,6.88,21:30:00,2025-03-03
HCM03,Lý Nhơn,7.0,30.87,-0.059,18.7,16.33,5.99,22:00:00,2025-03-03
HCM03,Lý Nhơn,7.0,27.53,-0.028,22.35,15.92,6.64,22:30:00,2025-03-03
HCM03,Lý Nhơn,7.0,30.49,0.023,24.1,14.83,7.17,23:00:00,2025-03-03
HCM03,Lý Nhơn,7.0,30.71,-0.001,28.09,17.84,7.56,23:30:00,2025-03-03
HCM01,Nhà Bè,38.0,30.55,0.029,10.2,8.1,7.63,00:00:00,2025-03-03
HCM01,Nhà Bè,38.0,31.27,0.03,11.61,9.4,7.16,00:30:00,2025-03-03
HCM01,Nhà Bè,38.0,30.33,0.031,12.04,8.16,7.62,01:00:00,2025-03-03
HCM01,Nhà Bè,38.0,29.83,0.031,20.45,9.22,7.5,01:30:00,2025-03-03
HCM01,Nhà Bè,38.0,29.83,0.04,16.48,10.56,7.74,02:00:00,2025-03-03
HCM01,Nhà Bè,38.0,30.55,0.006,18.87,11.25,7.39,02:30:00,2025-03-03
HCM01,Nhà Bè,38.0,30.42,-0.005,18.67,8.7,7.37,03:00:00,2025-03-03
HCM01,Nhà Bè,38.0,30.57,0.115,11.62,9.32,7.03,03:30:00,2025-03-03
HCM01,Nhà Bè,38.0,31.61,0.03,9.28,8.29,7.06,04:00:00,2025-03-03
HCM01,Nhà Bè,38.0,29.35,0.027,18.15,10.19,7.59,04:30:00,2025-03-03
HCM01,Nhà Bè,38.0,29.19,0.094,15.54,9.84,6.42,05:00:00,2025-03-03
HCM01,Nhà Bè,38.0,30.81,-0.012,13.51,10.04,7.42,05:30:00,2025-03-03
HCM01,Nhà Bè,38.0,29.17,0.006,14.27,9.24,7.22,06:00:00,2025-03-03
HCM01,Nhà Bè,38.0,30.15,0.045,13.69,8.77,7.23,06:30:00,2025-03-03
HCM01,Nhà Bè,38.0,30.36,0.009,12.07,8.36,7.11,07:00:00,2025-03-03
HCM01,Nhà Bè,38.0,29.35,0.047,11.08,8.87,6.81,07:30:00,2025-03-03
HCM01,Nhà Bè,38.0,30.53,0.056,15.79,9.01,6.83,08:00:00,2025-03-03
HCM01,Nhà Bè,38.0,29.26,0.052,17.11,11.03,7.29,08:30:00,2025-03-03
HCM01,Nhà Bè,38.0,28.63,0.04,10.4,9.1,7.7,09:00:00,2025-03-03
HCM01,Nhà Bè,38.0,29.7,0.055,15.13,8.07,6.98,09:30:00,2025-03-03
HCM01,Nhà Bè,38.0,29.06,0.019,16.64,9.2,7.95,10:00:00,2025-03-03
HCM01,Nhà Bè,38.0,30.63,0.02,15.27,8.68,7.34,10:30:00,2025-03-03
HCM01,Nhà Bè,38.0,29.2,-0.059,13.52,9.15,7.14,11:00:00,2025-03-03
HCM01,Nhà Bè,38.0,28.87,0.056,12.82,7.04,7.18,11:30:00,2025-03-03
HCM01,Nhà Bè,38.0,31.08,-0.037,10.49,9.25,7.25,12:00:00,2025-03-03
HCM01,Nhà Bè,38.0,30.15,0.006,14.19,7.59,7.55,12:30:00,2025-03-03
HCM01,Nhà Bè,38.0,30.98,0.017,9.27,8.28,6.81,13:00:00,2025-03-03
HCM01,Nhà Bè,38.0,28.23,-0.026,10.8,7.42,7.13,13:30:00,2025-03-03
HCM01,Nhà Bè,38.0,29.24,-0.046,13.88,7.79,7.04,14:00:00,2025-03-03
HCM01,Nhà Bè,38.0,29.84,-0.052,15.63,7.09,7.0,14:30:00,2025-03-03
HCM01,Nhà Bè,38.0,29.0,-0.006,9.43,6.58,7.96,15:00:00,2025-03-03
HCM01,Nhà Bè,38.0,30.35,-0.029,8.12,6.35,6.32,15:30:00,2025-03-03
HCM01,Nhà Bè,38.0,30.21,-0.004,13.45,6.12,7.87,16:00:00,2025-03-03
HCM01,Nhà Bè,38.0,30.04,-0.04,8.98,6.61,6.86,16:30:00,2025-03-03
HCM01,Nhà Bè,38.0,29.06,-0.034,8.76,6.87,7.47,17:00:00,2025-03-03
HCM01,Nhà Bè,38.0,29.26,-0.044,9.06,6.09,7.4,17:30:00,2025-03-03
HCM01,Nhà Bè,38.0,30.36,-0.079,11.27,6.9,8.12,18:00:00,2025-03-03
HCM01,Nhà Bè,38.0,30.29,-0.05,12.91,6.39,7.26,18:30:00,2025-03-03
HCM01,Nhà Bè,38.0,29.93,-0.079,12.72,8.52,6.67,19:00:00,2025-03-03
HCM01,Nhà Bè,38.0,29.78,-0.05,9.99,6.55,7.08,19:30:00,2025-03-03
HCM01,Nhà Bè,38.0,29.4,-0.032,9.63,6.54,7.53,20:00:00,2025-03-03
HCM01,Nhà Bè,38.0,28.8,-0.07,8.66,6.81,6.53,20:30:00,2025-03-03
HCM01,Nhà Bè,38.0,30.35,-0.003,9.63,6.95,7.64,21:00:00,2025-03-03
HCM01,Nhà Bè,38.0,28.57,-0.057,13.34,7.12,7.75,21:30:00,2025-03-03
HCM01,Nhà Bè,38.0,30.11,-0.036,11.72,6.79,7.69,22:00:00,2025-03-03
HCM01,Nhà Bè,38.0,30.78,0.031,13.51,7.95,7.04,22:30:00,2025-03-03
HCM01,Nhà Bè,38.0,31.59,-0.031,16.25,7.87,6.97,23:00:00,2025-03-03
HCM01,Nhà Bè,38.0,29.15,0.014,8.11,6.75,7.37,23:30:00,2025-03-03
HCM02,Cát Lái,58.0,31.13,-0.031,7.72,5.05,7.58,00:00:00,2025-03-04
HCM02,Cát Lái,58.0,30.67,-0.022,11.03,5.83,6.39,00:30:00,2025-03-04
HCM02,Cát Lái,58.0,31.04,0.005,12.5,6.1,7.41,01:00:00,2025-03-04
HCM02,Cát Lái,58.0,29.14,0.033,7.46,5.2,6.69,01:30:00,2025-03-04
HCM02,Cát Lái,58.0,29.9,0.029,6.25,4.88,6.21,02:00:00,2025-03-04
HCM02,Cát Lái,58.0,29.71,0.075,10.2,6.77,8.0,02:30:00,2025-03-04
HCM02,Cát Lái,58.0,30.01,-0.022,9.82,6.09,8.48,03:00:00,2025-03-04
HCM02,Cát Lái,58.0,30.51,0.031,9.93,7.02,6.79,03:30:00,2025-03-04
HCM02,Cát Lái,58.0,29.0,0.012,8.83,6.87,7.47,04:00:00,2025-03-04
HCM02,Cát Lái,58.0,29.78,0.034,10.37,6.54,7.31,04:30:00,2025-03-04
HCM02,Cát Lái,58.0,30.6,0.036,9.96,6.08,8.37,05:00:00,2025-03-04
HCM02,Cát Lái,58.0,29.77,0.061,10.57,5.52,6.88,05:30:00,2025-03-04
HCM02,Cát Lái,58.0,30.43,0.082,10.87,6.2,7.77,06:00:00,2025-03-04
HCM02,Cát Lái,58.0,29.92,0.116,11.9,6.29,6.84,06:30:00,2025-03-04
HCM02,Cát Lái,58.0,28.93,0.079,12.02,6.17,7.68,07:00:00,2025-03-04
HCM02,Cát Lái,58.0,30.57,0.003,8.07,5.94,8.81,07:30:00,2025-03-04
HCM02,Cát Lái,58.0,30.75,0.018,11.92,6.56,7.9,08:00:00,2025-03-04
HCM02,Cát Lái,58.0,29.9,0.033,11.96,6.17,7.25,08:30:00,2025-03-04
HCM02,Cát Lái,58.0,28.73,0.034,11.66,6.85,7.93,09:00:00,2025-03-04
HCM02,Cát Lái,58.0,29.66,0.032,13.09,6.04,7.84,09:30:00,2025-03-04
HCM02,Cát Lái,58.0,29.45,0.053,10.31,5.45,7.88,10:00:00,2025-03-04
HCM02,Cát Lái,58.0,29.02,-0.025,11.77,5.81,6.92,10:30:00,2025-03-04
HCM02,Cát Lái,58.0,30.25,-0.035,8.75,6.01,7.55,11:00:00,2025-03-04
HCM02,Cát Lái,58.0,30.03,-0.074,10.94,6.12,7.36,11:30:00,2025-03-04
HCM02,Cát Lái,58.0,31.83,0.005,7.56,5.16,6.45,12:00:00,2025-03-04
HCM02,Cát Lái,58.0,31.15,0.046,8.34,5.1,7.03,12:30:00,2025-03-04
HCM02,Cát Lái,58.0,30.33,-0.019,6.21,4.72,6.51,13:00:00,2025-03-04
HCM02,Cát Lái,58.0,30.82,-0.04,9.04,5.12,7.19,13:30:00,2025-03-04
HCM02,Cát Lái,58.0,28.95,0.001,8.19,4.64,8.33,14:00:00,2025-03-04
HCM02,Cát Lái,58.0,29.06,-0.049,8.33,4.99,7.46,14:30:00,2025-03-04
HCM02,Cát Lái,58.0,31.72,-0.068,9.09,5.08,7.51,15:00:00,2025-03-04
HCM02,Cát Lái,58.0,30.21,-0.013,7.4,4.81,6.9,15:30:00,2025-03-04
HCM02,Cát Lái,58.0,31.06,-0.075,7.0,4.53,6.74,16:00:00,2025-03-04
HCM02,Cát Lái,58.0,30.76,-0.021,6.12,5.31,6.65,16:30:00,2025-03-04
HCM02,Cát Lái,58.0,29.64,-0.061,6.55,4.99,7.8,17:00:00,2025-03-04
HCM02,Cát Lái,58.0,32.33,-0.054,6.54,4.32,7.67,17:30:00,2025-03-04
HCM02,Cát Lái,58.0,29.46,-0.045,8.9,4.51,7.86,18:00:00,2025-03-04
HCM02,Cát Lái,58.0,31.48,-0.094,8.15,5.37,6.94,18:30:00,2025-03-04
HCM02,Cát Lái,58.0,30.77,-0.046,8.17,4.41,7.41,19:00:00,2025-03-04
HCM02,Cát Lái,58.0,30.02,-0.028,7.66,4.85,7.19,19:30:00,2025-03-04
HCM02,Cát Lái,58.0,31.15,-0.007,7.53,4.41,7.37,20:00:00,2025-03-04
HCM02,Cát Lái,58.0,30.73,0.006,5.99,4.55,6.86,20:30:00,2025-03-04
HCM02,Cát Lái,58.0,31.31,-0.051,7.77,5.04,7.11,21:00:00,2025-03-04
HCM02,Cát Lái,58.0,30.71,0.016,8.91,5.31,7.26,21:30:00,2025-03-04
HCM02,Cát Lái,58.0,31.26,-0.021,9.56,5.16,7.99,22:00:00,2025-03-04
HCM02,Cát Lái,58.0,29.53,-0.029,9.4,5.71,6.74,22:30:00,2025-03-04
HCM02,Cát Lái,58.0,28.87,-0.033,7.69,4.47,7.81,23:00:00,2025-03-04
HCM02,Cát Lái,58.0,30.79,0.02,9.53,5.85,7.97,23:30:00,2025-03-04
HCM04,Long Đại,80.0,29.75,-0.017,1.56,0.83,7.99,00:00:00,2025-03-04
HCM04,Long Đại,80.0,31.49,0.059,2.05,1.03,7.5,00:30:00,2025-03-04
HCM04,Long Đại,80.0,31.15,0.079,1.84,1.02,7.11,01:00:00,2025-03-04
HCM04,Long Đại,80.0,28.97,0.035,1.44,1.16,6.84,01:30:00,2025-03-04
HCM04,Long Đại,80.0,31.05,0.009,2.66,1.57,7.16,02:00:00,2025-03-04
HCM04,Long Đại,80.0,30.48,0.053,1.85,1.13,7.25,02:30:00,2025-03-04
HCM04,Long Đại,80.0,30.49,0.035,2.88,1.59,7.73,03:00:00,2025-03-04
HCM04,Long Đại,80.0,30.24,-0.002,1.37,1.03,7.47,03:30:00,2025-03-04
HCM04,Long Đại,80.0,30.29,0.016,2.34,1.47,8.0,04:00:00,2025-03-04
HCM04,Long Đại,80.0,29.35,0.052,2.38,1.85,7.7,04:30:00,2025-03-04
HCM04,Long Đại,80.0,30.61,-0.03,1.21,0.81,7.93,05:00:00,2025-03-04
HCM04,Long Đại,80.0,29.92,0.123,2.85,2.0,7.58,05:30:00,2025-03-04
HCM04,Long Đại,80.0,30.18,0.09,1.27,1.21,6.68,06:00:00,2025-03-04
HCM04,Long Đại,80.0,30.55,0.086,2.13,1.0,7.08,06:30:00,2025-03-04
HCM04,Long Đại,80.0,32.42,0.078,3.5,1.81,7.05,07:00:00,2025-03-04
HCM04,Long Đại,80.0,30.96,0.076,1.88,1.33,8.45,07:30:00,2025-03-04
HCM04,Long Đại,80.0,30.51,0.037,2.78,1.57,7.56,08:00:00,2025-03-04
HCM04,Long Đại,80.0,29.27,0.065,1.14,0.95,8.18,08:30:00,2025-03-04
HCM04,Long Đại,80.0,30.38,0.082,1.55,0.78,8.28,09:00:00,2025-03-04
HCM04,Long Đại,80.0,29.6,0.064,1.73,1.07,6.73,09:30:00,2025-03-04
HCM04,Long Đại,80.0,30.39,0.021,1.41,0.82,6.71,10:00:00,2025-03-04
HCM04,Long Đại,80.0,29.94,0.009,0.67,0.63,7.52,10:30:00,2025-03-04
HCM04,Long Đại,80.0,28.98,-0.044,2.27,1.52,7.36,11:00:00,2025-03-04
HCM04,Long Đại,80.0,30.48,0.072,1.84,1.1,7.18,11:30:00,2025-03-04
HCM04,Long Đại,80.0,31.12,-0.042,1.59,1.22,7.54,12:00:00,2025-03-04
HCM04,Long Đại,80.0,29.68,-0.003,2.68,1.68,7.42,12:30:00,2025-03-04
HCM04,Long Đại,80.0,31.81,-0.031,2.51,1.21,7.59,13:00:00,2025-03-04
HCM04,Long Đại,80.0,29.43,0.02,1.84,1.69,6.84,13:30:00,2025-03-04
HCM04,Long Đại,80.0,29.29,-0.039,1.57,0.96,7.81,14:00:00,2025-03-04
HCM04,Long Đại,80.0,30.15,-0.062,1.37,1.01,7.72,14:30:00,2025-03-04
HCM04,Long Đại,80.0,29.12,-0.042,1.9,1.15,6.92,15:00:00,2025-03-04
HCM04,Long Đại,80.0,30.56,-0.047,2.06,1.2,7.37,15:30:00,2025-03-04
HCM04,Long Đại,80.0,30.58,-0.065,2.79,1.49,7.13,16:00:00,2025-03-04
HCM04,Long Đại,80.0,30.09,-0.039,1.16,0.9,7.11,16:30:00,2025-03-04
HCM04,Long Đại,80.0,29.28,-0.022,1.97,1.45,8.05,17:00:00,2025-03-04
HCM04,Long Đại,80.0,28.82,-0.062,1.86,1.16,7.19,17:30:00,2025-03-04
HCM04,Long Đại,80.0,29.71,-0.004,1.37,1.22,6.8,18:00:00,2025-03-04
HCM04,Long Đại,80.0,29.62,-0.031,1.61,1.16,6.74,18:30:00,2025-03-04
HCM04,Long Đại,80.0,29.4,-0.035,1.03,0.59,8.26,19:00:00,2025-03-04
HCM04,Long Đại,80.0,28.89,-0.062,0.92,0.87,6.27,19:30:00,2025-03-04
HCM04,Long Đại,80.0,30.67,-0.072,1.14,0.76,7.45,20:00:00,2025-03-04
HCM04,Long Đại,80.0,31.24,-0.046,2.22,1.23,7.41,20:30:00,2025-03-04
HCM04,Long Đại,80.0,29.89,-0.131,2.01,0.93,6.88,21:00:00,2025-03-04
HCM04,Long Đại,80.0,31.45,-0.024,0.83,0.88,7.61,21:30:00,2025-03-04
HCM04,Long Đại,80.0,30.6,-0.013,1.34,0.9,7.22,22:00:00,2025-03-04
HCM04,Long Đại,80.0,29.52,-0.031,1.47,0.86,6.75,22:30:00,2025-03-04
HCM04,Long Đại,80.0,29.3,-0.026,1.41,1.12,7.95,23:00:00,2025-03-04
HCM04,Long Đại,80.0,30.32,-0.018,2.79,1.5,7.33,23:30:00,2025-03-04
HCM03,Lý Nhơn,7.0,29.68,0.017,22.67,16.48,6.98,00:00:00,2025-03-04
HCM03,Lý Nhơn,7.0,30.21,0.021,31.54,18.89,7.07,00:30:00,2025-03-04
HCM03,Lý Nhơn,7.0,30.87,0.021,35.91,17.68,6.47,01:00:00,2025-03-04
HCM03,Lý Nhơn,7.0,30.23,0.064,34.42,18.84,6.95,01:30:00,2025-03-04
HCM03,Lý Nhơn,7.0,30.46,0.016,33.73,18.84,7.42,02:00:00,2025-03-04
HCM03,Lý Nhơn,7.0,29.47,0.027,38.61,22.01,6.51,02:30:00,2025-03-04
HCM03,Lý Nhơn,7.0,28.4,0.026,32.02,22.94,7.08,03:00:00,2025-03-04
HCM03,Lý Nhơn,7.0,30.42,0.044,31.94,22.58,6.33,03:30:00,2025-03-04
HCM03,Lý Nhơn,7.0,30.68,0.098,30.94,21.99,6.62,04:00:00,2025-03-04
HCM03,Lý Nhơn,7.0,31.13,-0.005,27.52,21.09,6.96,04:30:00,2025-03-04
HCM03,Lý Nhơn,7.0,29.1,-0.006,32.8,22.54,6.25,05:00:00,2025-03-04
HCM03,Lý Nhơn,7.0,29.41,0.099,36.06,22.21,6.06,05:30:00,2025-03-04
HCM03,Lý Nhơn,7.0,30.4,0.091,29.26,20.32,7.02,06:00:00,2025-03-04
HCM03,Lý Nhơn,7.0,29.61,0.068,37.58,21.9,6.71,06:30:00,2025-03-04
HCM03,Lý Nhơn,7.0,29.25,0.042,35.39,19.91,6.08,07:00:00,2025-03-04
HCM03,Lý Nhơn,7.0,29.18,0.048,30.62,20.73,6.26,07:30:00,2025-03-04
HCM03,Lý Nhơn,7.0,31.39,-0.005,34.2,20.86,6.04,08:00:00,2025-03-04
HCM03,Lý Nhơn,7.0,29.6,0.032,23.88,17.42,6.59,08:30:00,2025-03-04
HCM03,Lý Nhơn,7.0,29.34,0.046,23.62,19.17,6.29,09:00:00,2025-03-04
HCM03,Lý Nhơn,7.0,30.59,0.073,30.5,18.31,6.23,09:30:00,2025-03-04
HCM03,Lý Nhơn,7.0,30.62,0.037,30.04,19.56,6.85,10:00:00,2025-03-04
HCM03,Lý Nhơn,7.0,28.23,-0.007,27.12,15.88,6.88,10:30:00,2025-03-04
HCM03,Lý Nhơn,7.0,32.11,-0.001,34.63,18.18,6.56,11:00:00,2025-03-04
HCM03,Lý Nhơn,7.0,30.02,0.026,33.26,17.05,5.96,11:30:00,2025-03-04
HCM03,Lý Nhơn,7.0,30.83,0.015,25.91,16.44,5.98,12:00:00,2025-03-04
HCM03,Lý Nhơn,7.0,28.73,0.001,24.85,18.81,6.7,12:30:00,2025-03-04
HCM03,Lý Nhơn,7.0,29.75,0.008,34.89,16.88,6.11,13:00:00,2025-03-04
HCM03,Lý Nhơn,7.0,30.06,-0.08,30.46,17.59,6.82,13:30:00,2025-03-04
HCM03,Lý Nhơn,7.0,30.4,0.013,25.95,15.51,6.76,14:00:00,2025-03-04
HCM03,Lý Nhơn,7.0,27.95,0.009,33.32,17.11,6.75,14:30:00,2025-03-04
HCM03,Lý Nhơn,7.0,29.81,-0.045,28.49,18.59,6.81,15:00:00,2025-03-04
HCM03,Lý Nhơn,7.0,30.57,-0.033,24.65,16.43,5.95,15:30:00,2025-03-04
HCM03,Lý Nhơn,7.0,29.99,-0.061,23.0,13.55,7.75,16:00:00,2025-03-04
HCM03,Lý Nhơn,7.0,29.1,-0.092,29.29,18.63,6.79,16:30:00,2025-03-04
HCM03,Lý Nhơn,7.0,30.04,-0.042,27.69,15.45,7.15,17:00:00,2025-03-04
HCM03,Lý Nhơn,7.0,29.71,-0.083,20.4,17.14,6.78,17:30:00,2025-03-04
HCM03,Lý Nhơn,7.0,29.0,-0.033,15.56,12.71,7.71,18:00:00,2025-03-04
HCM03,Lý Nhơn,7.0,30.8,-0.077,26.47,15.44,6.29,18:30:00,2025-03-04
HCM03,Lý Nhơn,7.0,29.52,-0.018,23.0,16.84,7.53,19:00:00,2025-03-04
HCM03,Lý Nhơn,7.0,31.72,-0.053,28.7,15.25,6.31,19:30:00,2025-03-04
HCM03,Lý Nhơn,7.0,32.06,-0.016,28.48,15.27,6.87,20:00:00,2025-03-04
HCM03,Lý Nhơn,7.0,30.56,-0.057,26.37,18.12,7.24,20:30:00,2025-03-04
HCM03,Lý Nhơn,7.0,30.56,-0.034,23.72,15.52,6.96,21:00:00,2025-03-04
HCM03,Lý Nhơn,7.0,30.58,-0.006,25.29,16.54,7.93,21:30:00,2025-03-04
HCM03,Lý Nhơn,7.0,29.2,-0.06,23.48,15.75,6.8,22:00:00,2025-03-04
HCM03,Lý Nhơn,7.0,29.61,-0.007,23.93,14.96,7.16,22:30:00,2025-03-04
HCM03,Lý Nhơn,7.0,28.75,-0.036,27.15,19.36,6.21,23:00:00,2025-03-04
HCM03,Lý Nhơn,7.0,29.85,-0.027,35.17,20.65,6.26,23:30:00,2025-03-04
HCM01,Nhà Bè,38.0,29.81,0.014,16.81,9.71,6.35,00:00:00,2025-03-04
HCM01,Nhà Bè,38.0,31.49,-0.022,12.17,8.99,7.95,00:30:00,2025-03-04
HCM01,Nhà Bè,38.0,31.23,-0.007,15.03,8.72,8.23,01:00:00,2025-03-04
HCM01,Nhà Bè,38.0,30.2,-0.002,16.36,10.68,7.21,01:30:00,2025-03-04
HCM01,Nhà Bè,38.0,29.68,0.094,17.57,10.8,6.75,02:00:00,2025-03-04
HCM01,Nhà Bè,38.0,30.83,0.031,16.02,9.38,7.4,02:30:00,2025-03-04
HCM01,Nhà Bè,38.0,31.47,0.01,16.53,12.22,6.67,03:00:00,2025-03-04
HCM01,Nhà Bè,38.0,29.62,0.058,15.92,10.08,7.25,03:30:00,2025-03-04
HCM01,Nhà Bè,38.0,29.43,0.046,19.42,11.37,7.76,04:00:00,2025-03-04
HCM01,Nhà Bè,38.0,31.53,0.023,16.11,9.68,6.72,04:30:00,2025-03-04
HCM01,Nhà Bè,38.0,30.85,0.06,14.85,8.8,7.58,05:00:00,2025-03-04
HCM01,Nhà Bè,38.0,29.22,0.017,21.4,11.28,7.34,05:30:00,2025-03-04
HCM01,Nhà Bè,38.0,29.23,0.054,16.74,11.47,7.38,06:00:00,2025-03-04
HCM01,Nhà Bè,38.0,30.51,0.057,12.18,10.17,7.52,06:30:00,2025-03-04
HCM01,Nhà Bè,38.0,30.16,0.039,17.81,9.85,8.02,07:00:00,2025-03-04
HCM01,Nhà Bè,38.0,30.46,0.009,22.26,11.17,7.12,07:30:00,2025-03-04
HCM01,Nhà Bè,38.0,30.2,0.025,21.81,12.16,6.26,08:00:00,2025-03-04
HCM01,Nhà Bè,38.0,29.98,0.003,20.85,10.26,7.06,08:30:00,2025-03-04
HCM01,Nhà Bè,38.0,30.07,0.023,16.64,11.3,8.0,09:00:00,2025-03-04
HCM01,Nhà Bè,38.0,31.51,-0.014,19.25,11.34,6.98,09:30:00,2025-03-04
HCM01,Nhà Bè,38.0,29.87,0.085,17.82,10.88,7.6,10:00:00,2025-03-04
HCM01,Nhà Bè,38.0,30.18,0.008,17.98,10.5,6.66,10:30:00,2025-03-04
HCM01,Nhà Bè,38.0,30.48,0.015,20.04,10.92,6.77,11:00:00,2025-03-04
HCM01,Nhà Bè,38.0,28.72,-0.014,16.51,9.12,7.29,11:30:00,2025-03-04
HCM01,Nhà Bè,38.0,29.45,-0.029,15.15,9.25,6.95,12:00:00,2025-03-04
HCM01,Nhà Bè,38.0,31.25,-0.04,11.66,8.51,6.43,12:30:00,2025-03-04
HCM01,Nhà Bè,38.0,30.91,0.025,16.14,7.93,7.65,13:00:00,2025-03-04
HCM01,Nhà Bè,38.0,30.28,-0.002,12.8,8.41,5.9,13:30:00,2025-03-04
HCM01,Nhà Bè,38.0,30.38,0.023,14.7,8.57,8.41,14:00:00,2025-03-04
HCM01,Nhà Bè,38.0,30.61,-0.07,15.23,8.45,7.48,14:30:00,2025-03-04
HCM01,Nhà Bè,38.0,29.62,-0.048,9.76,6.86,7.42,15:00:00,2025-03-04
HCM01,Nhà Bè,38.0,28.53,-0.11,13.26,10.07,6.88,15:30:00,2025-03-04
HCM01,Nhà Bè,38.0,29.67,-0.059,15.81,8.74,7.17,16:00:00,2025-03-04
HCM01,Nhà Bè,38.0,29.69,-0.065,12.05,8.77,6.68,16:30:00,2025-03-04
HCM01,Nhà Bè,38.0,29.44,-0.027,9.88,9.06,7.33,17:00:00,2025-03-04
HCM01,Nhà Bè,38.0,29.53,-0.093,11.23,7.33,6.04,17:30:00,2025-03-04
HCM01,Nhà Bè,38.0,31.96,-0.037,13.89,8.44,7.78,18:00:00,2025-03-04
HCM01,Nhà Bè,38.0,31.76,-0.019,11.1,8.45,6.77,18:30:00,2025-03-04
HCM01,Nhà Bè,38.0,30.35,-0.011,11.57,8.13,7.35,19:00:00,2025-03-04
HCM01,Nhà Bè,38.0,31.01,0.007,13.51,8.09,6.68,19:30:00,2025-03-04
HCM01,Nhà Bè,38.0,29.36,-0.065,10.1,8.24,7.38,20:00:00,2025-03-04
HCM01,Nhà Bè,38.0,29.8,-0.024,11.04,6.23,7.44,20:30:00,2025-03-04
HCM01,Nhà Bè,38.0,29.62,-0.027,14.68,8.22,7.45,21:00:00,2025-03-04
HCM01,Nhà Bè,38.0,28.84,-0.022,11.96,8.03,6.82,21:30:00,2025-03-04
HCM01,Nhà Bè,38.0,29.91,-0.046,11.45,7.04,6.11,22:00:00,2025-03-04
HCM01,Nhà Bè,38.0,30.8,0.003,15.16,9.42,7.16,22:30:00,2025-03-04
HCM01,Nhà Bè,38.0,28.56,0.02,19.01,11.13,7.64,23:00:00,2025-03-04
HCM01,Nhà Bè,38.0,29.53,-0.039,14.47,10.0,8.11,23:30:00,2025-03-04
HCM02,Cát Lái,58.0,29.69,0.046,11.01,6.32,7.5,00:00:00,2025-03-05
HCM02,Cát Lái,58.0,29.0,-0.023,8.32,5.53,6.78,00:30:00,2025-03-05
HCM02,Cát Lái,58.0,30.31,-0.008,7.74,6.28,6.88,01:00:00,2025-03-05
HCM02,Cát Lái,58.0,30.27,0.035,9.66,6.64,7.15,01:30:00,2025-03-05
HCM02,Cát Lái,58.0,30.04,0.027,10.53,6.43,6.62,02:00:00,2025-03-05
HCM02,Cát Lái,58.0,30.42,0.054,7.35,5.57,7.67,02:30:00,2025-03-05
HCM02,Cát Lái,58.0,30.21,0.066,14.43,7.69,8.02,03:00:00,2025-03-05
HCM02,Cát Lái,58.0,30.19,0.051,8.35,6.43,7.43,03:30:00,2025-03-05
HCM02,Cát Lái,58.0,30.53,0.066,12.14,7.0,6.63,04:00:00,2025-03-05
HCM02,Cát Lái,58.0,30.39,0.029,9.68,5.77,6.54,04:30:00,2025-03-05
HCM02,Cát Lái,58.0,30.3,0.04,9.4,6.88,7.71,05:00:00,2025-03-05
HCM02,Cát Lái,58.0,28.92,0.04,9.93,5.59,6.93,05:30:00,2025-03-05
HCM02,Cát Lái,58.0,29.74,0.007,13.34,7.97,6.33,06:00:00,2025-03-05
HCM02,Cát Lái,58.0,30.35,0.105,12.19,6.39,7.01,06:30:00,2025-03-05
HCM02,Cát Lái,58.0,31.46,0.065,8.27,6.95,6.75,07:00:00,2025-03-05
HCM02,Cát Lái,58.0,29.43,0.039,10.51,6.21,7.65,07:30:00,2025-03-05
HCM02,Cát Lái,58.0,30.95,0.034,7.64,5.73,7.11,08:00:00,2025-03-05
HCM02,Cát Lái,58.0,30.31,0.017,12.85,8.41,7.86,08:30:00,2025-03-05
HCM02,Cát Lái,58.0,30.7,0.078,12.95,6.83,6.79,09:00:00,2025-03-05
HCM02,Cát Lái,58.0,30.18,0.031,10.75,6.47,7.11,09:30:00,2025-03-05
HCM02,Cát Lái,58.0,31.73,0.06,8.16,6.98,7.32,10:00:00,2025-03-05
HCM02,Cát Lái,58.0,29.98,0.053,7.19,5.64,7.16,10:30:00,2025-03-05
HCM02,Cát Lái,58.0,29.59,-0.011,8.61,5.64,6.83,11:00:00,2025-03-05
HCM02,Cát Lái,58.0,30.47,0.003,11.55,5.86,6.6,11:30:00,2025-03-05
HCM02,Cát Lái,58.0,30.29,-0.023,6.73,5.03,7.53,12:00:00,2025-03-05
HCM02,Cát Lái,58.0,30.48,-0.049,8.1,5.28,7.02,12:30:00,2025-03-05
HCM02,Cát Lái,58.0,29.67,-0.035,11.85,5.36,6.86,13:00:00,2025-03-05
HCM02,Cát Lái,58.0,30.64,0.021,7.86,4.89,7.1,13:30:00,2025-03-05
HCM02,Cát Lái,58.0,30.11,-0.013,7.97,5.11,6.52,14:00:00,2025-03-05
HCM02,Cát Lái,58.0,29.52,-0.045,8.3,5.91,7.33,14:30:00,2025-03-05
HCM02,Cát Lái,58.0,30.35,-0.068,10.57,5.99,7.18,15:00:00,2025-03-05
HCM02,Cát Lái,58.0,29.84,-0.03,8.73,5.16,6.83,15:30:00,2025-03-05
HCM02,Cát Lái,58.0,28.7,-0.1,10.42,6.54,7.0,16:00:00,2025-03-05
HCM02,Cát Lái,58.0,29.29,-0.027,4.78,3.8,6.87,16:30:00,2025-03-05
HCM02,Cát Lái,58.0,29.84,-0.041,9.45,5.04,7.4,17:00:00,2025-03-05
HCM02,Cát Lái,58.0,30.45,-0.043,8.36,4.98,7.69,17:30:00,2025-03-05
HCM02,Cát Lái,58.0,31.31,-0.083,9.54,5.57,7.49,18:00:00,2025-03-05
HCM02,Cát Lái,58.0,29.87,0.0,10.1,5.74,6.6,18:30:00,2025-03-05
HCM02,Cát Lái,58.0,29.48,-0.035,6.74,4.54,7.46,19:00:00,2025-03-05
HCM02,Cát Lái,58.0,30.68,-0.045,9.48,5.32,6.61,19:30:00,2025-03-05
HCM02,Cát Lái,58.0,29.59,-0.067,6.19,4.93,6.93,20:00:00,2025-03-05
HCM02,Cát Lái,58.0,30.19,-0.028,8.81,5.51,6.86,20:30:00,2025-03-05
HCM02,Cát Lái,58.0,30.58,-0.044,8.19,5.6,7.58,21:00:00,2025-03-05
HCM02,Cát Lái,58.0,30.36,-0.077,9.84,6.14,7.86,21:30:00,2025-03-05
HCM02,Cát Lái,58.0,30.13,-0.03,10.79,5.69,6.37,22:00:00,2025-03-05
HCM02,Cát Lái,58.0,29.64,0.018,10.06,6.18,7.1,22:30:00,2025-03-05
HCM02,Cát Lái,58.0,31.24,-0.032,9.16,5.85,7.4,23:00:00,2025-03-05
HCM02,Cát Lái,58.0,30.24,0.001,9.35,5.61,6.73,23:30:00,2025-03-05
HCM04,Long Đại,80.0,30.02,0.015,0.93,0.62,8.07,00:00:00,2025-03-05
HCM04,Long Đại,80.0,30.35,-0.008,1.59,1.24,7.05,00:30:00,2025-03-05
HCM04,Long Đại,80.0,30.48,0.054,1.39,0.8,8.39,01:00:00,2025-03-05
HCM04,Long Đại,80.0,29.92,0.007,1.97,1.25,7.98,01:30:00,2025-03-05
HCM04,Long Đại,80.0,30.28,0.007,1.52,0.81,7.66,02:00:00,2025-03-05
HCM04,Long Đại,80.0,30.36,0.042,2.03,1.42,8.58,02:30:00,2025-03-05
HCM04,Long Đại,80.0,30.37,0.055,1.84,1.23,7.28,03:00:00,2025-03-05
HCM04,Long Đại,80.0,29.73,0.075,3.04,1.95,7.39,03:30:00,2025-03-05
HCM04,Long Đại,80.0,30.87,0.069,2.44,1.78,7.55,04:00:00,2025-03-05
HCM04,Long Đại,80.0,31.19,0.087,1.46,0.78,7.66,04:30:00,2025-03-05
HCM04,Long Đại,80.0,29.75,-0.008,1.94,1.33,6.86,05:00:00,2025-03-05
HCM04,Long Đại,80.0,29.09,0.008,2.43,1.68,7.49,05:30:00,2025-03-05
HCM04,Long Đại,80.0,30.49,0.058,2.95,1.82,7.77,06:00:00,2025-03-05
HCM04,Long Đại,80.0,30.3,0.035,0.94,0.57,7.09,06:30:00,2025-03-05
HCM04,Long Đại,80.0,29.34,0.012,2.22,1.35,6.82,07:00:00,2025-03-05
HCM04,Long Đại,80.0,30.69,0.081,2.21,1.54,7.1,07:30:00,2025-03-05
HCM04,Long Đại,80.0,29.81,0.033,2.94,1.52,8.24,08:00:00,2025-03-05
HCM04,Long Đại,80.0,28.76,0.056,1.51,1.26,7.25,08:30:00,2025-03-05
HCM04,Long Đại,80.0,30.26,0.027,2.28,1.23,7.43,09:00:00,2025-03-05
HCM04,Long Đại,80.0,29.63,0.039,2.62,1.74,7.95,09:30:00,2025-03-05
HCM04,Long Đại,80.0,28.97,0.059,3.16,1.99,7.64,10:00:00,2025-03-05
HCM04,Long Đại,80.0,32.07,0.066,1.23,0.64,6.84,10:30:00,2025-03-05
HCM04,Long Đại,80.0,31.04,0.026,2.37,1.49,6.99,11:00:00,2025-03-05
HCM04,Long Đại,80.0,29.2,0.024,2.06,1.5,7.97,11:30:00,2025-03-05
HCM04,Long Đại,80.0,30.71,-0.019,2.4,1.32,7.7,12:00:00,2025-03-05
HCM04,Long Đại,80.0,30.7,0.022,0.89,0.89,7.78,12:30:00,2025-03-05
HCM04,Long Đại,80.0,31.05,0.004,1.55,1.05,8.32,13:00:00,2025-03-05
HCM04,Long Đại,80.0,30.45,-0.036,1.21,0.68,8.05,13:30:00,2025-03-05
HCM04,Long Đại,80.0,31.4,-0.018,1.72,0.81,7.65,14:00:00,2025-03-05
HCM04,Long Đại,80.0,29.35,-0.035,1.25,0.72,7.97,14:30:00,2025-03-05
HCM04,Long Đại,80.0,28.83,-0.06,1.93,1.25,7.62,15:00:00,2025-03-05
HCM04,Long Đại,80.0,30.76,-0.058,2.45,1.16,7.02,15:30:00,2025-03-05
HCM04,Long Đại,80.0,29.09,0.004,1.52,0.87,8.05,16:00:00,2025-03-05
HCM04,Long Đại,80.0,30.1,-0.025,1.39,0.78,8.23,16:30:00,2025-03-05
HCM04,Long Đại,80.0,29.43,-0.011,1.69,0.89,7.42,17:00:00,2025-03-05
HCM04,Long Đại,80.0,28.38,-0.05,1.13,0.77,7.98,17:30:00,2025-03-05
HCM04,Long Đại,80.0,29.92,-0.026,1.27,0.73,7.38,18:00:00,2025-03-05
HCM04,Long Đại,80.0,29.36,-0.053,1.43,0.76,8.45,18:30:00,2025-03-05
HCM04,Long Đại,80.0,30.99,-0.036,1.62,0.93,7.34,19:00:00,2025-03-05
HCM04,Long Đại,80.0,29.99,-0.026,1.98,1.13,7.58,19:30:00,2025-03-05
HCM04,Long Đại,80.0,28.6,-0.011,1.98,1.34,7.74,20:00:00,2025-03-05
HCM04,Long Đại,80.0,30.43,-0.022,1.45,0.95,8.83,20:30:00,2025-03-05
HCM04,Long Đại,80.0,29.99,-0.05,0.98,0.74,7.81,21:00:00,2025-03-05
HCM04,Long Đại,80.0,31.06,-0.024,2.17,1.2,7.67,21:30:00,2025-03-05
HCM04,Long Đại,80.0,29.51,0.023,2.38,1.27,7.78,22:00:00,2025-03-05
HCM04,Long Đại,80.0,29.78,-0.057,2.48,1.54,7.29,22:30:00,2025-03-05
HCM04,Long Đại,80.0,31.96,-0.006,1.99,1.24,6.73,23:00:00,2025-03-05
HCM04,Long Đại,80.0,30.61,0.027,1.56,1.59,8.03,23:30:00,2025-03-05
HCM03,Lý Nhơn,7.0,31.82,0.024,19.83,16.45,7.08,00:00:00,2025-03-05
HCM03,Lý Nhơn,7.0,29.59,0.049,39.67,21.94,6.52,00:30:00,2025-03-05
HCM03,Lý Nhơn,7.0,30.01,0.008,32.74,20.34,6.57,01:00:00,2025-03-05
HCM03,Lý Nhơn,7.0,29.66,0.052,27.98,17.73,6.74,01:30:00,2025-03-05
HCM03,Lý Nhơn,7.0,29.22,0.009,34.48,20.27,7.19,02:00:00,2025-03-05
HCM03,Lý Nhơn,7.0,30.33,0.004,28.54,19.34,6.85,02:30:00,2025-03-05
HCM03,Lý Nhơn,7.0,30.38,-0.019,40.65,25.17,6.59,03:00:00,2025-03-05
HCM03,Lý Nhơn,7.0,28.8,0.015,31.63,19.6,6.8,03:30:00,2025-03-05
HCM03,Lý Nhơn,7.0,31.15,0.069,47.64,24.5,6.12,04:00:00,2025-03-05
HCM03,Lý Nhơn,7.0,31.52,-0.015,39.94,21.83,6.81,04:30:00,2025-03-05
HCM03,Lý Nhơn,7.0,29.83,0.057,30.49,18.77,6.7,05:00:00,2025-03-05
HCM03,Lý Nhơn,7.0,28.67,0.063,25.52,23.34,6.04,05:30:00,2025-03-05
HCM03,Lý Nhơn,7.0,32.17,0.072,36.5,23.3,5.81,06:00:00,2025-03-05
HCM03,Lý Nhơn,7.0,30.48,0.087,26.96,24.44,7.22,06:30:00,2025-03-05
HCM03,Lý Nhơn,7.0,30.19,0.058,39.73,22.15,6.65,07:00:00,2025-03-05
HCM03,Lý Nhơn,7.0,28.4,0.099,40.05,22.58,7.05,07:30:00,2025-03-05
HCM03,Lý Nhơn,7.0,29.76,0.024,33.63,20.21,7.14,08:00:00,2025-03-05
HCM03,Lý Nhơn,7.0,30.17,0.055,40.04,23.68,6.34,08:30:00,2025-03-05
HCM03,Lý Nhơn,7.0,30.35,0.083,29.22,21.57,6.54,09:00:00,2025-03-05
HCM03,Lý Nhơn,7.0,30.65,0.059,28.22,18.75,7.06,09:30:00,2025-03-05
HCM03,Lý Nhơn,7.0,30.38,0.086,37.75,22.23,6.01,10:00:00,2025-03-05
HCM03,Lý Nhơn,7.0,29.75,0.028,34.76,20.81,7.45,10:30:00,2025-03-05
HCM03,Lý Nhơn,7.0,30.94,0.049,31.9,19.35,6.25,11:00:00,2025-03-05
HCM03,Lý Nhơn,7.0,27.66,0.039,33.23,19.16,6.59,11:30:00,2025-03-05
HCM03,Lý Nhơn,7.0,29.7,0.042,30.59,17.02,7.24,12:00:00,2025-03-05
HCM03,Lý Nhơn,7.0,30.74,-0.065,23.87,21.77,7.44,12:30:00,2025-03-05
HCM03,Lý Nhơn,7.0,29.79,0.001,29.97,19.01,6.78,13:00:00,2025-03-05
HCM03,Lý Nhơn,7.0,27.23,-0.032,32.17,17.15,6.66,13:30:00,2025-03-05
HCM03,Lý Nhơn,7.0,29.28,0.018,25.43,19.11,6.62,14:00:00,2025-03-05
HCM03,Lý Nhơn,7.0,30.15,-0.017,23.21,17.27,6.5,14:30:00,2025-03-05
HCM03,Lý Nhơn,7.0,30.88,-0.082,25.95,18.79,6.94,15:00:00,2025-03-05
HCM03,Lý Nhơn,7.0,30.7,0.023,31.34,15.67,7.29,15:30:00,2025-03-05
HCM03,Lý Nhơn,7.0,29.35,-0.061,27.06,18.65,5.94,16:00:00,2025-03-05
HCM03,Lý Nhơn,7.0,29.16,-0.006,29.15,14.89,6.5,16:30:00,2025-03-05
HCM03,Lý Nhơn,7.0,31.94,-0.075,28.55,15.77,6.35,17:00:00,2025-03-05
HCM03,Lý Nhơn,7.0,30.46,-0.079,29.16,17.62,6.93,17:30:00,2025-03-05
HCM03,Lý Nhơn,7.0,30.72,-0.003,28.05,18.06,6.59,18:00:00,2025-03-05
HCM03,Lý Nhơn,7.0,29.31,-0.052,27.04,17.32,6.51,18:30:00,2025-03-05
HCM03,Lý Nhơn,7.0,27.92,-0.015,24.34,15.39,6.41,19:00:00,2025-03-05
HCM03,Lý Nhơn,7.0,30.26,-0.041,36.16,17.98,7.09,19:30:00,2025-03-05
HCM03,Lý Nhơn,7.0,30.77,-0.041,21.27,14.87,6.4,20:00:00,2025-03-05
HCM03,Lý Nhơn,7.0,30.44,-0.03,26.32,19.32,6.3,20:30:00,2025-03-05
HCM03,Lý Nhơn,7.0,30.56,-0.045,32.01,18.05,7.17,21:00:00,2025-03-05
HCM03,Lý Nhơn,7.0,29.67,-0.042,31.18,19.95,6.74,21:30:00,2025-03-05
HCM03,Lý Nhơn,7.0,30.54,0.006,21.23,15.69,6.56,22:00:00,2025-03-05
HCM03,Lý Nhơn,7.0,29.63,0.007,30.25,21.04,6.42,22:30:00,2025-03-05
HCM03,Lý Nhơn,7.0,29.65,-0.053,32.62,20.54,6.88,23:00:00,2025-03-05
HCM03,Lý Nhơn,7.0,29.75,-0.017,33.42,18.98,7.25,23:30:00,2025-03-05
HCM01,Nhà Bè,38.0,29.86,0.007,12.96,8.0,6.9,00:00:00,2025-03-05
HCM01,Nhà Bè,38.0,29.65,0.016,14.16,8.47,6.84,00:30:00,2025-03-05
HCM01,Nhà Bè,38.0,29.91,-0.012,11.96,9.56,8.05,01:00:00,2025-03-05
HCM01,Nhà Bè,38.0,30.92,0.041,15.79,9.2,6.32,01:30:00,2025-03-05
HCM01,Nhà Bè,38.0,30.3,0.049,10.24,8.2,6.91,02:00:00,2025-03-05
HCM01,Nhà Bè,38.0,28.82,0.115,8.06,7.3,7.21,02:30:00,2025-03-05
HCM01,Nhà Bè,38.0,30.5,0.035,15.23,9.4,5.81,03:00:00,2025-03-05
HCM01,Nhà Bè,38.0,29.28,0.06,19.49,10.73,6.37,03:30:00,2025-03-05
HCM01,Nhà Bè,38.0,30.42,-0.005,18.58,10.08,7.15,04:00:00,2025-03-05
HCM01,Nhà Bè,38.0,30.1,0.074,15.95,10.64,7.75,04:30:00,2025-03-05
HCM01,Nhà Bè,38.0,30.84,0.009,16.71,11.81,7.45,05:00:00,2025-03-05
HCM01,Nhà Bè,38.0,29.64,0.035,24.63,11.38,6.59,05:30:00,2025-03-05
HCM01,Nhà Bè,38.0,30.68,0.044,20.03,10.12,6.9,06:00:00,2025-03-05
HCM01,Nhà Bè,38.0,30.41,0.082,17.93,10.41,6.14,06:30:00,2025-03-05
HCM01,Nhà Bè,38.0,29.95,0.031,18.81,11.18,7.5,07:00:00,2025-03-05
HCM01,Nhà Bè,38.0,29.23,0.013,26.61,11.78,6.84,07:30:00,2025-03-05
HCM01,Nhà Bè,38.0,29.57,0.036,19.29,8.84,7.2,08:00:00,2025-03-05
HCM01,Nhà Bè,38.0,31.1,0.08,18.08,8.65,5.81,08:30:00,2025-03-05
HCM01,Nhà Bè,38.0,29.38,0.071,13.46,8.62,7.55,09:00:00,2025-03-05
HCM01,Nhà Bè,38.0,29.66,-0.029,13.03,10.35,7.51,09:30:00,2025-03-05
HCM01,Nhà Bè,38.0,29.09,0.042,17.42,11.15,7.4,10:00:00,2025-03-05
HCM01,Nhà Bè,38.0,30.16,0.011,14.7,9.5,7.65,10:30:00,2025-03-05
HCM01,Nhà Bè,38.0,29.29,-0.039,19.24,8.56,6.37,11:00:00,2025-03-05
HCM01,Nhà Bè,38.0,30.72,-0.002,12.43,8.28,6.84,11:30:00,2025-03-05
HCM01,Nhà Bè,38.0,31.07,-0.03,15.68,10.63,6.56,12:00:00,2025-03-05
HCM01,Nhà Bè,38.0,30.32,-0.019,16.28,9.18,7.56,12:30:00,2025-03-05
HCM01,Nhà Bè,38.0,28.66,0.025,18.39,10.38,7.15,13:00:00,2025-03-05
HCM01,Nhà Bè,38.0,28.76,-0.022,13.94,7.87,6.91,13:30:00,2025-03-05
HCM01,Nhà Bè,38.0,30.21,-0.001,16.84,8.1,7.52,14:00:00,2025-03-05
HCM01,Nhà Bè,38.0,29.71,-0.066,16.21,8.77,6.78,14:30:00,2025-03-05
HCM01,Nhà Bè,38.0,28.72,-0.024,10.9,8.17,7.18,15:00:00,2025-03-05
HCM01,Nhà Bè,38.0,31.15,-0.046,9.76,6.09,6.93,15:30:00,2025-03-05
HCM01,Nhà Bè,38.0,29.95,-0.077,9.85,8.43,7.11,16:00:00,2025-03-05
HCM01,Nhà Bè,38.0,30.85,-0.047,17.93,8.57,7.43,16:30:00,2025-03-05
HCM01,Nhà Bè,38.0,29.17,-0.045,14.49,8.19,7.99,17:00:00,2025-03-05
HCM01,Nhà Bè,38.0,29.6,-0.051,13.68,8.42,7.89,17:30:00,2025-03-05
HCM01,Nhà Bè,38.0,29.84,-0.06,11.5,6.96,7.02,18:00:00,2025-03-05
HCM01,Nhà Bè,38.0,30.67,-0.045,11.06,6.62,6.59,18:30:00,2025-03-05
HCM01,Nhà Bè,38.0,29.58,0.002,12.8,8.28,7.05,19:00:00,2025-03-05
HCM01,Nhà Bè,38.0,29.32,-0.002,14.74,8.16,7.26,19:30:00,2025-03-05
HCM01,Nhà Bè,38.0,29.76,0.002,11.69,6.32,7.79,20:00:00,2025-03-05
HCM01,Nhà Bè,38.0,29.07,-0.106,10.38,7.12,7.26,20:30:00,2025-03-05
HCM01,Nhà Bè,38.0,30.17,-0.035,13.34,8.42,7.87,21:00:00,2025-03-05
HCM01,Nhà Bè,38.0,29.22,-0.029,11.73,8.04,6.62,21:30:00,2025-03-05
HCM01,Nhà Bè,38.0,30.02,-0.023,16.49,8.67,6.97,22:00:00,2025-03-05
HCM01,Nhà Bè,38.0,29.97,-0.026,12.9,8.49,7.34,22:30:00,2025-03-05
HCM01,Nhà Bè,38.0,29.05,-0.049,15.48,8.42,7.35,23:00:00,2025-03-05
HCM01,Nhà Bè,38.0,31.46,0.012,11.29,8.9,7.5,23:30:00,2025-03-05
HCM02,Cát Lái,58.0,29.9,0.012,8.54,5.79,7.16,00:00:00,2025-03-06
HCM02,Cát Lái,58.0,29.22,0.018,8.29,5.69,6.83,00:30:00,2025-03-06
HCM02,Cát Lái,58.0,28.87,0.033,8.98,6.28,7.49,01:00:00,2025-03-06
HCM02,Cát Lái,58.0,30.24,0.038,11.18,6.11,7.7,01:30:00,2025-03-06
HCM02,Cát Lái,58.0,29.59,-0.008,8.19,5.12,6.96,02:00:00,2025-03-06
HCM02,Cát Lái,58.0,30.51,0.045,13.09,6.44,7.61,02:30:00,2025-03-06
HCM02,Cát Lái,58.0,30.32,0.053,10.03,6.47,6.89,03:00:00,2025-03-06
HCM02,Cát Lái,58.0,29.59,0.029,10.48,6.59,7.22,03:30:00,2025-03-06
HCM02,Cát Lái,58.0,32.38,0.066,9.68,6.0,6.93,04:00:00,2025-03-06
HCM02,Cát Lái,58.0,29.7,0.008,11.41,6.42,7.73,04:30:00,2025-03-06
HCM02,Cát Lái,58.0,29.93,0.118,11.71,7.66,7.98,05:00:00,2025-03-06
HCM02,Cát Lái,58.0,28.59,0.048,11.26,6.34,6.68,05:30:00,2025-03-06
HCM02,Cát Lái,58.0,28.94,0.039,11.43,7.5,7.33,06:00:00,2025-03-06
HCM02,Cát Lái,58.0,27.8,0.072,11.65,6.65,7.36,06:30:00,2025-03-06
HCM02,Cát Lái,58.0,29.36,0.055,14.16,8.24,7.16,07:00:00,2025-03-06
HCM02,Cát Lái,58.0,29.42,0.027,9.09,7.09,6.89,07:30:00,2025-03-06
HCM02,Cát Lái,58.0,29.36,0.113,9.86,6.01,7.43,08:00:00,2025-03-06
HCM02,Cát Lái,58.0,28.33,0.027,8.35,6.1,6.85,08:30:00,2025-03-06
HCM02,Cát Lái,58.0,28.28,0.013,14.34,8.29,7.35,09:00:00,2025-03-06
HCM02,Cát Lái,58.0,29.55,0.018,11.6,6.51,6.26,09:30:00,2025-03-06
HCM02,Cát Lái,58.0,30.48,0.073,8.59,6.08,7.91,10:00:00,2025-03-06
HCM02,Cát Lái,58.0,31.4,0.027,13.52,6.99,7.31,10:30:00,2025-03-06
HCM02,Cát Lái,58.0,30.7,-0.004,13.85,6.97,7.04,11:00:00,2025-03-06
HCM02,Cát Lái,58.0,30.98,-0.011,9.85,7.31,7.12,11:30:00,2025-03-06
HCM02,Cát Lái,58.0,29.63,0.016,8.8,5.88,8.22,12:00:00,2025-03-06
HCM02,Cát Lái,58.0,28.86,0.02,7.56,6.39,8.27,12:30:00,2025-03-06
HCM02,Cát Lái,58.0,30.3,0.001,9.68,5.1,7.62,13:00:00,2025-03-06
HCM02,Cát Lái,58.0,30.31,-0.006,8.93,5.4,6.68,13:30:00,2025-03-06
HCM02,Cát Lái,58.0,29.68,-0.036,7.68,5.36,7.59,14:00:00,2025-03-06
HCM02,Cát Lái,58.0,30.43,-0.017,7.62,4.99,6.91,14:30:00,2025-03-06
HCM02,Cát Lái,58.0,29.72,-0.006,7.89,5.64,8.08,15:00:00,2025-03-06
HCM02,Cát Lái,58.0,28.62,-0.072,6.27,5.2,7.17,15:30:00,2025-03-06
HCM02,Cát Lái,58.0,28.04,-0.053,8.04,4.38,7.6,16:00:00,2025-03-06
HCM02,Cát Lái,58.0,30.5,-0.034,7.42,5.12,7.44,16:30:00,2025-03-06
HCM02,Cát Lái,58.0,30.02,-0.074,5.92,5.6,7.01,17:00:00,2025-03-06
HCM02,Cát Lái,58.0,30.57,-0.024,8.18,3.99,7.44,17:30:00,2025-03-06
HCM02,Cát Lái,58.0,30.81,-0.06,9.45,5.22,7.12,18:00:00,2025-03-06
HCM02,Cát Lái,58.0,30.48,-0.076,11.37,5.17,6.97,18:30:00,2025-03-06
HCM02,Cát Lái,58.0,30.05,-0.018,8.34,5.7,7.36,19:00:00,2025-03-06
HCM02,Cát Lái,58.0,30.19,-0.079,9.09,5.68,7.4,19:30:00,2025-03-06
HCM02,Cát Lái,58.0,29.75,-0.012,10.38,6.18,7.41,20:00:00,2025-03-06
HCM02,Cát Lái,58.0,28.96,-0.029,7.75,4.84,7.88,20:30:00,2025-03-06
HCM02,Cát Lái,58.0,29.88,-0.019,9.07,5.53,7.89,21:00:00,2025-03-06
HCM02,Cát Lái,58.0,29.51,-0.054,9.09,5.38,6.59,21:30:00,2025-03-06
HCM02,Cát Lái,58.0,28.87,-0.024,7.17,5.15,6.49,22:00:00,2025-03-06
HCM02,Cát Lái,58.0,28.45,-0.024,9.07,5.89,5.64,22:30:00,2025-03-06
HCM02,Cát Lái,58.0,32.22,-0.062,6.01,6.47,7.76,23:00:00,2025-03-06
HCM02,Cát Lái,58.0,29.73,-0.015,7.41,4.88,7.13,23:30:00,2025-03-06
HCM04,Long Đại,80.0,29.63,0.027,1.65,1.0,6.86,00:00:00,2025-03-06
HCM04,Long Đại,80.0,29.46,-0.058,2.27,1.53,6.84,00:30:00,2025-03-06
HCM04,Long Đại,80.0,30.0,-0.035,2.97,1.65,7.06,01:00:00,2025-03-06
HCM04,Long Đại,80.0,30.98,0.014,1.13,0.65,7.93,01:30:00,2025-03-06
HCM04,Long Đại,80.0,29.51,0.001,2.1,1.29,7.67,02:00:00,2025-03-06
HCM04,Long Đại,80.0,30.32,0.037,2.13,1.59,7.9,02:30:00,2025-03-06
HCM04,Long Đại,80.0,30.24,-0.04,1.55,1.13,8.05,03:00:00,2025-03-06
HCM04,Long Đại,80.0,29.9,0.017,2.72,1.6,7.81,03:30:00,2025-03-06
HCM04,Long Đại,80.0,30.75,0.039,1.81,1.08,6.82,04:00:00,2025-03-06
HCM04,Long Đại,80.0,32.27,0.061,2.1,1.4,7.1,04:30:00,2025-03-06
HCM04,Long Đại,80.0,29.92,0.095,2.73,1.48,7.26,05:00:00,2025-03-06
HCM04,Long Đại,80.0,29.15,0.096,2.35,1.35,7.75,05:30:00,2025-03-06
HCM04,Long Đại,80.0,29.64,0.052,2.33,1.46,6.95,06:00:00,2025-03-06
HCM04,Long Đại,80.0,31.18,0.038,1.66,1.05,7.82,06:30:00,2025-03-06
HCM04,Long Đại,80.0,28.45,0.034,2.91,1.59,7.11,07:00:00,2025-03-06
HCM04,Long Đại,80.0,29.13,0.029,2.26,1.36,7.37,07:30:00,2025-03-06
HCM04,Long Đại,80.0,28.99,0.019,2.45,1.69,7.47,08:00:00,2025-03-06
HCM04,Long Đại,80.0,30.14,-0.004,1.91,1.09,6.94,08:30:00,2025-03-06
HCM04,Long Đại,80.0,29.97,0.033,2.38,1.39,6.52,09:00:00,2025-03-06
HCM04,Long Đại,80.0,29.51,0.051,1.87,1.16,8.04,09:30:00,2025-03-06
HCM04,Long Đại,80.0,29.66,-0.063,1.09,0.57,7.42,10:00:00,2025-03-06
HCM04,Long Đại,80.0,29.7,0.046,2.61,1.84,8.26,10:30:00,2025-03-06
HCM04,Long Đại,80.0,30.5,0.02,1.47,1.0,7.51,11:00:00,2025-03-06
HCM04,Long Đại,80.0,31.12,0.061,0.93,0.5,7.1,11:30:00,2025-03-06
HCM04,Long Đại,80.0,29.48,0.065,1.97,1.26,7.03,12:00:00,2025-03-06
HCM04,Long Đại,80.0,30.24,-0.019,2.34,1.38,7.39,12:30:00,2025-03-06
HCM04,Long Đại,80.0,29.34,0.001,1.33,0.85,7.73,13:00:00,2025-03-06
HCM04,Long Đại,80.0,31.22,-0.065,2.28,1.11,7.56,13:30:00,2025-03-06
HCM04,Long Đại,80.0,29.24,-0.043,1.1,0.77,7.08,14:00:00,2025-03-06
HCM04,Long Đại,80.0,29.65,-0.047,1.38,0.94,7.62,14:30:00,2025-03-06
HCM04,Long Đại,80.0,32.04,-0.106,1.7,1.19,6.78,15:00:00,2025-03-06
HCM04,Long Đại,80.0,30.81,-0.043,1.82,1.32,6.94,15:30:00,2025-03-06
HCM04,Long Đại,80.0,30.13,-0.004,1.57,0.84,7.5,16:00:00,2025-03-06
HCM04,Long Đại,80.0,30.37,-0.013,1.96,1.33,7.15,16:30:00,2025-03-06
HCM04,Long Đại,80.0,31.53,-0.032,0.75,0.5,8.35,17:00:00,2025-03-06
HCM04,Long Đại,80.0,30.29,-0.024,1.3,0.85,7.58,17:30:00,2025-03-06
HCM04,Long Đại,80.0,31.76,-0.047,1.32,0.83,7.78,18:00:00,2025-03-06
HCM04,Long Đại,80.0,29.0,-0.128,2.44,1.58,7.51,18:30:00,2025-03-06
HCM04,Long Đại,80.0,30.98,-0.037,1.69,1.23,8.22,19:00:00,2025-03-06
HCM04,Long Đại,80.0,28.54,-0.06,2.49,1.46,7.55,19:30:00,2025-03-06
HCM04,Long Đại,80.0,30.23,-0.049,2.4,1.4,7.42,20:00:00,2025-03-06
HCM04,Long Đại,80.0,30.93,-0.007,1.94,1.16,7.15,20:30:00,2025-03-06
HCM04,Long Đại,80.0,29.22,-0.037,1.77,1.07,7.25,21:00:00,2025-03-06
HCM04,Long Đại,80.0,29.22,-0.039,1.08,0.82,7.79,21:30:00,2025-03-06
HCM04,Long Đại,80.0,29.84,-0.036,1.63,1.3,7.22,22:00:00,2025-03-06
HCM04,Long Đại,80.0,30.01,-0.023,3.07,1.44,6.72,22:30:00,2025-03-06
HCM04,Long Đại,80.0,29.9,0.023,2.11,1.36,7.65,23:00:00,2025-03-06
HCM04,Long Đại,80.0,28.94,-0.025,1.74,1.04,6.95,23:30:00,2025-03-06
HCM03,Lý Nhơn,7.0,30.25,0.011,33.68,20.66,6.17,00:00:00,2025-03-06
HCM03,Lý Nhơn,7.0,29.92,-0.019,26.09,21.27,6.98,00:30:00,2025-03-06
HCM03,Lý Nhơn,7.0,30.09,-0.032,26.39,20.09,7.32,01:00:00,2025-03-06
HCM03,Lý Nhơn,7.0,31.39,0.014,41.63,20.77,6.04,01:30:00,2025-03-06
HCM03,Lý Nhơn,7.0,29.43,0.004,34.38,21.22,6.29,02:00:00,2025-03-06
HCM03,Lý Nhơn,7.0,31.35,-0.019,25.05,22.95,6.0,02:30:00,2025-03-06
HCM03,Lý Nhơn,7.0,30.08,-0.005,29.45,20.47,7.06,03:00:00,2025-03-06
HCM03,Lý Nhơn,7.0,30.05,0.056,32.22,20.37,7.46,03:30:00,2025-03-06
HCM03,Lý Nhơn,7.0,29.61,0.032,38.16,22.41,6.69,04:00:00,2025-03-06
HCM03,Lý Nhơn,7.0,31.49,-0.013,32.84,22.61,6.54,04:30:00,2025-03-06
HCM03,Lý Nhơn,7.0,29.64,0.064,47.52,26.33,6.53,05:00:00,2025-03-06
HCM03,Lý Nhơn,7.0,29.73,0.034,30.9,24.43,6.16,05:30:00,2025-03-06
HCM03,Lý Nhơn,7.0,31.36,0.048,30.34,22.66,7.19,06:00:00,2025-03-06
HCM03,Lý Nhơn,7.0,31.24,0.087,44.68,24.3,7.04,06:30:00,2025-03-06
HCM03,Lý Nhơn,7.0,29.07,0.023,28.9,20.37,7.6,07:00:00,2025-03-06
HCM03,Lý Nhơn,7.0,29.84,0.049,32.34,20.97,7.12,07:30:00,2025-03-06
HCM03,Lý Nhơn,7.0,31.0,0.035,41.86,27.6,6.77,08:00:00,2025-03-06
HCM03,Lý Nhơn,7.0,31.4,0.057,39.32,25.29,6.76,08:30:00,2025-03-06
HCM03,Lý Nhơn,7.0,29.88,0.093,39.94,22.29,6.52,09:00:00,2025-03-06
HCM03,Lý Nhơn,7.0,30.11,0.066,39.7,23.14,6.95,09:30:00,2025-03-06
HCM03,Lý Nhơn,7.0,28.4,0.052,46.91,24.78,6.64,10:00:00,2025-03-06
HCM03,Lý Nhơn,7.0,29.27,0.029,33.41,21.19,6.78,10:30:00,2025-03-06
HCM03,Lý Nhơn,7.0,29.32,0.029,32.16,24.13,6.0,11:00:00,2025-03-06
HCM03,Lý Nhơn,7.0,30.84,-0.024,31.56,18.42,7.25,11:30:00,2025-03-06
HCM03,Lý Nhơn,7.0,29.47,-0.027,29.22,21.0,6.3,12:00:00,2025-03-06
HCM03,Lý Nhơn,7.0,30.91,-0.068,31.41,18.95,6.73,12:30:00,2025-03-06
HCM03,Lý Nhơn,7.0,29.69,-0.012,37.96,21.14,6.78,13:00:00,2025-03-06
HCM03,Lý Nhơn,7.0,30.27,-0.057,26.39,18.08,6.07,13:30:00,2025-03-06
HCM03,Lý Nhơn,7.0,29.94,0.035,36.41,21.42,6.13,14:00:00,2025-03-06
HCM03,Lý Nhơn,7.0,30.53,0.003,34.96,20.82,6.79,14:30:00,2025-03-06
HCM03,Lý Nhơn,7.0,29.9,-0.07,29.51,18.78,6.74,15:00:00,2025-03-06
HCM03,Lý Nhơn,7.0,29.22,-0.045,32.67,18.51,6.71,15:30:00,2025-03-06
HCM03,Lý Nhơn,7.0,29.19,-0.082,30.23,20.49,6.98,16:00:00,2025-03-06
HCM03,Lý Nhơn,7.0,29.68,-0.058,31.52,17.06,6.36,16:30:00,2025-03-06
HCM03,Lý Nhơn,7.0,31.17,-0.049,28.05,16.54,7.55,17:00:00,2025-03-06
HCM03,Lý Nhơn,7.0,30.28,-0.0,26.68,15.36,5.89,17:30:00,2025-03-06
HCM03,Lý Nhơn,7.0,30.31,-0.038,34.2,19.84,7.12,18:00:00,2025-03-06
HCM03,Lý Nhơn,7.0,31.36,-0.015,28.2,18.2,6.86,18:30:00,2025-03-06
HCM03,Lý Nhơn,7.0,30.21,-0.067,29.0,19.33,8.05,19:00:00,2025-03-06
HCM03,Lý Nhơn,7.0,30.34,-0.047,21.4,16.58,7.05,19:30:00,2025-03-06
HCM03,Lý Nhơn,7.0,29.32,-0.098,24.65,17.68,6.46,20:00:00,2025-03-06
HCM03,Lý Nhơn,7.0,30.09,0.023,25.59,14.89,6.26,20:30:00,2025-03-06
HCM03,Lý Nhơn,7.0,31.48,-0.096,27.06,18.33,7.4,21:00:00,2025-03-06
HCM03,Lý Nhơn,7.0,28.77,-0.029,21.85,16.73,7.06,21:30:00,2025-03-06
HCM03,Lý Nhơn,7.0,32.24,0.018,30.78,20.63,6.33,22:00:00,2025-03-06
HCM03,Lý Nhơn,7.0,28.48,-0.03,25.61,19.93,6.75,22:30:00,2025-03-06
HCM03,Lý Nhơn,7.0,31.04,0.009,28.6,16.6,7.12,23:00:00,2025-03-06
HCM03,Lý Nhơn,7.0,29.28,-0.028,23.14,21.26,6.58,23:30:00,2025-03-06
HCM01,Nhà Bè,38.0,30.52,-0.047,16.85,10.37,6.88,00:00:00,2025-03-06
HCM01,Nhà Bè,38.0,29.52,0.003,16.49,10.24,7.79,00:30:00,2025-03-06
HCM01,Nhà Bè,38.0,29.58,-0.025,18.59,10.94,6.29,01:00:00,2025-03-06
HCM01,Nhà Bè,38.0,29.14,0.05,4.68,8.75,7.27,01:30:00,2025-03-06
HCM01,Nhà Bè,38.0,29.68,0.009,20.17,12.4,6.57,02:00:00,2025-03-06
HCM01,Nhà Bè,38.0,29.95,0.012,17.82,10.3,6.96,02:30:00,2025-03-06
HCM01,Nhà Bè,38.0,30.8,0.044,14.54,12.42,6.78,03:00:00,2025-03-06
HCM01,Nhà Bè,38.0,30.37,0.046,20.33,9.39,7.15,03:30:00,2025-03-06
HCM01,Nhà Bè,38.0,29.89,0.025,16.94,10.87,6.85,04:00:00,2025-03-06
HCM01,Nhà Bè,38.0,29.36,0.071,15.57,11.5,7.45,04:30:00,2025-03-06
HCM01,Nhà Bè,38.0,31.08,0.005,20.41,11.44,7.14,05:00:00,2025-03-06
HCM01,Nhà Bè,38.0,29.98,0.056,17.48,11.95,6.04,05:30:00,2025-03-06
HCM01,Nhà Bè,38.0,28.82,0.034,12.56,9.01,6.45,06:00:00,2025-03-06
HCM01,Nhà Bè,38.0,29.68,0.006,17.74,10.17,7.09,06:30:00,2025-03-06
HCM01,Nhà Bè,38.0,29.24,0.035,24.71,11.38,6.84,07:00:00,2025-03-06
HCM01,Nhà Bè,38.0,30.2,0.09,17.2,10.15,7.83,07:30:00,2025-03-06
HCM01,Nhà Bè,38.0,30.1,-0.007,21.93,11.05,6.66,08:00:00,2025-03-06
HCM01,Nhà Bè,38.0,30.75,0.065,19.15,12.43,7.16,08:30:00,2025-03-06
HCM01,Nhà Bè,38.0,30.67,0.035,16.59,10.53,6.04,09:00:00,2025-03-06
HCM01,Nhà Bè,38.0,30.8,0.04,19.45,11.77,7.34,09:30:00,2025-03-06
HCM01,Nhà Bè,38.0,30.51,-0.049,19.09,10.83,7.0,10:00:00,2025-03-06
HCM01,Nhà Bè,38.0,30.48,0.054,18.25,10.06,7.3,10:30:00,2025-03-06
HCM01,Nhà Bè,38.0,31.55,-0.03,21.47,10.91,7.83,11:00:00,2025-03-06
HCM01,Nhà Bè,38.0,30.45,-0.008,15.98,11.1,6.4,11:30:00,2025-03-06
HCM01,Nhà Bè,38.0,28.35,0.031,13.12,9.2,7.61,12:00:00,2025-03-06
HCM01,Nhà Bè,38.0,29.92,0.03,13.11,8.59,7.42,12:30:00,2025-03-06
HCM01,Nhà Bè,38.0,30.65,-0.009,11.54,9.52,7.46,13:00:00,2025-03-06
HCM01,Nhà Bè,38.0,29.24,0.011,15.98,9.05,7.2,13:30:00,2025-03-06
HCM01,Nhà Bè,38.0,31.28,0.016,16.4,8.57,7.85,14:00:00,2025-03-06
HCM01,Nhà Bè,38.0,29.37,-0.031,12.67,7.3,7.58,14:30:00,2025-03-06
HCM01,Nhà Bè,38.0,31.24,-0.011,14.9,9.4,6.85,15:00:00,2025-03-06
HCM01,Nhà Bè,38.0,31.85,-0.053,15.37,7.83,7.49,15:30:00,2025-03-06
HCM01,Nhà Bè,38.0,30.91,-0.021,13.87,8.3,7.06,16:00:00,2025-03-06
HCM01,Nhà Bè,38.0,30.39,-0.059,13.32,9.19,7.73,16:30:00,2025-03-06
HCM01,Nhà Bè,38.0,30.11,-0.037,12.44,7.56,7.4,17:00:00,2025-03-06
HCM01,Nhà Bè,38.0,31.07,-0.034,12.14,8.73,7.51,17:30:00,2025-03-06
HCM01,Nhà Bè,38.0,29.47,0.013,15.89,9.9,7.55,18:00:00,2025-03-06
HCM01,Nhà Bè,38.0,29.84,-0.05,12.41,7.48,7.76,18:30:00,2025-03-06
HCM01,Nhà Bè,38.0,30.54,-0.04,10.77,7.11,7.86,19:00:00,2025-03-06
HCM01,Nhà Bè,38.0,30.4,0.021,14.41,7.99,6.41,19:30:00,2025-03-06
HCM01,Nhà Bè,38.0,29.74,-0.093,13.53,7.19,6.73,20:00:00,2025-03-06
HCM01,Nhà Bè,38.0,30.42,0.035,10.37,9.62,6.96,20:30:00,2025-03-06
HCM01,Nhà Bè,38.0,30.72,-0.008,12.98,8.1,7.96,21:00:00,2025-03-06
HCM01,Nhà Bè,38.0,29.31,-0.036,14.83,8.5,8.19,21:30:00,2025-03-06
HCM01,Nhà Bè,38.0,29.73,-0.051,14.77,9.27,6.96,22:00:00,2025-03-06
HCM01,Nhà Bè,38.0,31.52,-0.047,15.77,8.44,7.4,22:30:00,2025-03-06
HCM01,Nhà Bè,38.0,31.13,-0.011,16.11,10.15,7.5,23:00:00,2025-03-06
HCM01,Nhà Bè,38.0,29.64,0.005,15.52,8.9,7.55,23:30:00,2025-03-06
HCM02,Cát Lái,58.0,29.26,-0.001,11.7,6.64,7.22,00:00:00,2025-03-07
HCM02,Cát Lái,58.0,28.81,0.031,9.29,6.43,6.04,00:30:00,2025-03-07
HCM02,Cát Lái,58.0,29.43,-0.032,9.89,5.36,7.28,01:00:00,2025-03-07
HCM02,Cát Lái,58.0,28.92,0.027,7.43,6.15,7.15,01:30:00,2025-03-07
HCM02,Cát Lái,58.0,29.85,0.046,11.36,7.63,7.32,02:00:00,2025-03-07
HCM02,Cát Lái,58.0,29.47,0.073,9.13,5.49,7.64,02:30:00,2025-03-07
HCM02,Cát Lái,58.0,30.72,0.027,10.9,6.39,6.89,03:00:00,2025-03-07
HCM02,Cát Lái,58.0,29.57,0.034,10.76,6.01,7.41,03:30:00,2025-03-07
HCM02,Cát Lái,58.0,31.93,0.044,16.18,7.56,7.38,04:00:00,2025-03-07
HCM02,Cát Lái,58.0,30.11,0.068,11.92,7.71,7.52,04:30:00,2025-03-07
HCM02,Cát Lái,58.0,28.71,0.035,11.58,7.59,6.49,05:00:00,2025-03-07
HCM02,Cát Lái,58.0,29.4,0.075,9.9,7.37,7.75,05:30:00,2025-03-07
HCM02,Cát Lái,58.0,29.14,0.04,9.95,7.4,7.43,06:00:00,2025-03-07
HCM02,Cát Lái,58.0,29.39,0.084,10.04,6.49,7.08,06:30:00,2025-03-07
HCM02,Cát Lái,58.0,30.99,0.095,10.03,6.82,6.84,07:00:00,2025-03-07
HCM02,Cát Lái,58.0,29.84,-0.021,8.6,7.69,7.46,07:30:00,2025-03-07
HCM02,Cát Lái,58.0,30.1,0.054,9.87,7.04,6.17,08:00:00,2025-03-07
HCM02,Cát Lái,58.0,29.95,0.033,11.3,6.75,7.5,08:30:00,2025-03-07
HCM02,Cát Lái,58.0,29.34,0.001,11.18,6.93,7.53,09:00:00,2025-03-07
HCM02,Cát Lái,58.0,29.67,0.026,10.17,5.87,7.75,09:30:00,2025-03-07
HCM02,Cát Lái,58.0,29.06,0.01,12.13,6.79,6.7,10:00:00,2025-03-07
HCM02,Cát Lái,58.0,29.87,0.047,9.46,5.69,7.47,10:30:00,2025-03-07
HCM02,Cát Lái,58.0,29.5,-0.007,8.51,5.68,7.32,11:00:00,2025-03-07
HCM02,Cát Lái,58.0,29.06,0.03,11.7,7.6,6.63,11:30:00,2025-03-07
HCM02,Cát Lái,58.0,29.16,-0.013,7.27,4.98,6.62,12:00:00,2025-03-07
HCM02,Cát Lái,58.0,30.76,-0.062,9.41,5.79,7.02,12:30:00,2025-03-07
HCM02,Cát Lái,58.0,30.25,0.004,12.79,6.53,7.33,13:00:00,2025-03-07
HCM02,Cát Lái,58.0,28.64,-0.042,10.27,5.99,7.9,13:30:00,2025-03-07
HCM02,Cát Lái,58.0,30.2,-0.038,13.19,6.24,7.49,14:00:00,2025-03-07
HCM02,Cát Lái,58.0,29.81,-0.013,8.29,4.66,7.09,14:30:00,2025-03-07
HCM02,Cát Lái,58.0,28.85,-0.022,9.75,5.87,7.17,15:00:00,2025-03-07
HCM02,Cát Lái,58.0,28.15,-0.051,5.45,4.18,7.74,15:30:00,2025-03-07
HCM02,Cát Lái,58.0,29.12,-0.051,8.32,5.26,7.44,16:00:00,2025-03-07
HCM02,Cát Lái,58.0,30.86,-0.013,11.03,5.63,6.95,16:30:00,2025-03-07
HCM02,Cát Lái,58.0,30.98,-0.046,9.17,5.62,7.19,17:00:00,2025-03-07
HCM02,Cát Lái,58.0,30.99,-0.047,7.09,5.12,7.28,17:30:00,2025-03-07
HCM02,Cát Lái,58.0,30.9,-0.032,7.87,5.26,7.27,18:00:00,2025-03-07
HCM02,Cát Lái,58.0,31.02,-0.041,8.89,5.76,7.3,18:30:00,2025-03-07
HCM02,Cát Lái,58.0,29.95,-0.034,8.53,5.01,7.39,19:00:00,2025-03-07
HCM02,Cát Lái,58.0,29.76,-0.041,8.15,5.11,8.04,19:30:00,2025-03-07
HCM02,Cát Lái,58.0,30.06,-0.035,6.88,5.14,7.07,20:00:00,2025-03-07
HCM02,Cát Lái,58.0,29.45,-0.024,8.33,6.01,7.16,20:30:00,2025-03-07
HCM02,Cát Lái,58.0,30.58,-0.112,8.06,4.81,7.6,21:00:00,2025-03-07
HCM02,Cát Lái,58.0,31.57,-0.022,8.87,5.5,6.82,21:30:00,2025-03-07
HCM02,Cát Lái,58.0,27.57,0.006,8.35,5.2,6.53,22:00:00,2025-03-07
HCM02,Cát Lái,58.0,29.08,-0.018,9.52,5.82,7.83,22:30:00,2025-03-07
HCM02,Cát Lái,58.0,29.42,-0.023,9.81,5.8,7.78,23:00:00,2025-03-07
HCM02,Cát Lái,58.0,28.43,0.015,7.95,5.95,6.94,23:30:00,2025-03-07
HCM04,Long Đại,80.0,29.22,-0.056,3.91,2.12,7.14,00:00:00,2025-03-07
HCM04,Long Đại,80.0,30.75,0.069,1.75,1.49,7.52,00:30:00,2025-03-07
HCM04,Long Đại,80.0,29.17,0.042,2.23,1.07,8.04,01:00:00,2025-03-07
HCM04,Long Đại,80.0,29.67,0.011,1.54,0.86,7.32,01:30:00,2025-03-07
HCM04,Long Đại,80.0,30.51,-0.011,2.04,1.52,7.65,02:00:00,2025-03-07
HCM04,Long Đại,80.0,29.02,0.003,2.92,1.44,7.25,02:30:00,2025-03-07
HCM04,Long Đại,80.0,29.95,0.057,2.27,1.6,7.44,03:00:00,2025-03-07
HCM04,Long Đại,80.0,29.8,0.015,1.54,0.88,7.65,03:30:00,2025-03-07
HCM04,Long Đại,80.0,30.53,0.062,2.86,1.79,7.27,04:00:00,2025-03-07
HCM04,Long Đại,80.0,28.28,0.025,2.93,1.9,7.43,04:30:00,2025-03-07
HCM04,Long Đại,80.0,29.22,0.057,3.33,1.63,8.88,05:00:00,2025-03-07
HCM04,Long Đại,80.0,30.14,0.031,2.29,1.35,7.48,05:30:00,2025-03-07
HCM04,Long Đại,80.0,30.41,0.049,2.39,1.25,8.18,06:00:00,2025-03-07
HCM04,Long Đại,80.0,28.52,0.027,1.79,1.73,7.38,06:30:00,2025-03-07
HCM04,Long Đại,80.0,30.59,0.024,2.7,1.42,6.72,07:00:00,2025-03-07
HCM04,Long Đại,80.0,30.04,0.043,3.0,1.57,7.59,07:30:00,2025-03-07
HCM04,Long Đại,80.0,30.97,-0.0,3.43,2.02,7.93,08:00:00,2025-03-07
HCM04,Long Đại,80.0,28.67,0.004,2.69,1.41,7.64,08:30:00,2025-03-07
HCM04,Long Đại,80.0,30.5,0.042,2.19,1.34,7.92,09:00:00,2025-03-07
HCM04,Long Đại,80.0,29.96,0.073,3.22,2.07,7.68,09:30:00,2025-03-07
HCM04,Long Đại,80.0,28.44,0.042,1.96,1.2,7.28,10:00:00,2025-03-07
HCM04,Long Đại,80.0,28.57,0.058,1.91,1.37,6.91,10:30:00,2025-03-07
HCM04,Long Đại,80.0,30.12,0.004,1.73,1.07,7.32,11:00:00,2025-03-07
HCM04,Long Đại,80.0,29.37,-0.016,2.27,1.58,7.59,11:30:00,2025-03-07
HCM04,Long Đại,80.0,29.77,-0.058,2.05,1.21,7.57,12:00:00,2025-03-07
HCM04,Long Đại,80.0,29.62,-0.027,3.11,1.59,6.67,12:30:00,2025-03-07
HCM04,Long Đại,80.0,30.47,0.019,1.81,1.34,8.02,13:00:00,2025-03-07
HCM04,Long Đại,80.0,31.3,0.007,1.08,0.68,6.6,13:30:00,2025-03-07
HCM04,Long Đại,80.0,29.58,-0.05,1.68,1.42,7.8,14:00:00,2025-03-07
HCM04,Long Đại,80.0,28.67,-0.003,2.21,1.28,8.01,14:30:00,2025-03-07
HCM04,Long Đại,80.0,30.03,-0.061,1.65,1.33,7.49,15:00:00,2025-03-07
HCM04,Long Đại,80.0,29.85,-0.015,1.57,1.03,7.53,15:30:00,2025-03-07
HCM04,Long Đại,80.0,30.65,-0.077,1.87,1.37,8.06,16:00:00,2025-03-07
HCM04,Long Đại,80.0,31.48,-0.093,1.8,1.05,7.27,16:30:00,2025-03-07
HCM04,Long Đại,80.0,30.84,-0.049,1.12,0.78,6.83,17:00:00,2025-03-07
HCM04,Long Đại,80.0,30.63,-0.071,1.73,1.03,8.12,17:30:00,2025-03-07
HCM04,Long Đại,80.0,28.91,-0.057,1.1,0.75,7.96,18:00:00,2025-03-07
HCM04,Long Đại,80.0,29.9,-0.039,1.62,0.97,8.18,18:30:00,2025-03-07
HCM04,Long Đại,80.0,30.01,-0.055,1.57,0.95,7.35,19:00:00,2025-03-07
HCM04,Long Đại,80.0,29.47,0.003,2.04,1.23,7.81,19:30:00,2025-03-07
HCM04,Long Đại,80.0,31.02,-0.061,2.31,1.19,7.39,20:00:00,2025-03-07
HCM04,Long Đại,80.0,30.21,-0.101,1.27,1.01,7.76,20:30:00,2025-03-07
HCM04,Long Đại,80.0,29.4,0.009,2.64,1.45,6.95,21:00:00,2025-03-07
HCM04,Long Đại,80.0,29.94,-0.066,1.27,0.81,7.04,21:30:00,2025-03-07
HCM04,Long Đại,80.0,29.86,-0.04,1.63,0.96,7.49,22:00:00,2025-03-07
HCM04,Long Đại,80.0,29.81,-0.04,2.25,1.27,7.45,22:30:00,2025-03-07
HCM04,Long Đại,80.0,30.57,0.002,2.62,1.37,6.96,23:00:00,2025-03-07
HCM04,Long Đại,80.0,28.27,-0.031,1.35,0.72,7.93,23:30:00,2025-03-07
HCM03,Lý Nhơn,7.0,29.53,-0.005,34.44,22.37,7.15,00:00:00,2025-03-07
HCM03,Lý Nhơn,7.0,31.0,-0.014,39.76,22.21,7.06,00:30:00,2025-03-07
HCM03,Lý Nhơn,7.0,28.88,0.014,30.78,21.4,6.03,01:00:00,2025-03-07
HCM03,Lý Nhơn,7.0,29.04,0.063,25.38,19.84,6.19,01:30:00,2025-03-07
HCM03,Lý Nhơn,7.0,30.42,0.033,28.0,20.07,7.62,02:00:00,2025-03-07
HCM03,Lý Nhơn,7.0,29.06,0.004,35.4,24.38,6.78,02:30:00,2025-03-07
HCM03,Lý Nhơn,7.0,30.39,0.045,25.62,20.98,7.14,03:00:00,2025-03-07
HCM03,Lý Nhơn,7.0,28.36,0.061,31.71,23.73,5.89,03:30:00,2025-03-07
HCM03,Lý Nhơn,7.0,30.48,0.033,32.54,20.67,6.54,04:00:00,2025-03-07
HCM03,Lý Nhơn,7.0,31.0,0.023,34.66,22.05,7.18,04:30:00,2025-03-07
HCM03,Lý Nhơn,7.0,31.05,0.03,45.53,28.1,6.72,05:00:00,2025-03-07
HCM03,Lý Nhơn,7.0,29.87,0.034,35.6,23.51,6.2,05:30:00,2025-03-07
HCM03,Lý Nhơn,7.0,29.6,0.069,23.25,21.64,6.5,06:00:00,2025-03-07
HCM03,Lý Nhơn,7.0,29.6,0.091,29.56,24.15,7.32,06:30:00,2025-03-07
HCM03,Lý Nhơn,7.0,29.66,0.045,32.29,22.79,6.96,07:00:00,2025-03-07
HCM03,Lý Nhơn,7.0,30.38,0.075,33.8,21.14,6.48,07:30:00,2025-03-07
HCM03,Lý Nhơn,7.0,29.84,0.015,38.48,23.43,6.92,08:00:00,2025-03-07
HCM03,Lý Nhơn,7.0,28.95,0.111,32.16,25.07,7.21,08:30:00,2025-03-07
HCM03,Lý Nhơn,7.0,29.42,0.037,38.56,22.81,6.35,09:00:00,2025-03-07
HCM03,Lý Nhơn,7.0,31.06,0.038,28.14,18.04,6.99,09:30:00,2025-03-07
HCM03,Lý Nhơn,7.0,30.03,0.058,47.03,25.65,6.07,10:00:00,2025-03-07
HCM03,Lý Nhơn,7.0,29.78,0.053,14.64,15.2,7.44,10:30:00,2025-03-07
HCM03,Lý Nhơn,7.0,29.26,0.019,37.22,19.87,6.84,11:00:00,2025-03-07
HCM03,Lý Nhơn,7.0,30.75,0.021,36.75,18.28,7.5,11:30:00,2025-03-07
HCM03,Lý Nhơn,7.0,30.64,-0.02,32.96,22.18,5.3,12:00:00,2025-03-07
HCM03,Lý Nhơn,7.0,30.81,0.017,29.99,19.18,7.93,12:30:00,2025-03-07
HCM03,Lý Nhơn,7.0,31.25,0.015,23.64,18.7,6.46,13:00:00,2025-03-07
HCM03,Lý Nhơn,7.0,28.74,-0.019,32.54,17.79,7.83,13:30:00,2025-03-07
HCM03,Lý Nhơn,7.0,29.82,-0.022,34.62,19.77,6.53,14:00:00,2025-03-07
HCM03,Lý Nhơn,7.0,29.62,0.044,17.35,18.31,6.75,14:30:00,2025-03-07
HCM03,Lý Nhơn,7.0,28.99,-0.039,32.06,17.0,7.31,15:00:00,2025-03-07
HCM03,Lý Nhơn,7.0,29.26,-0.025,22.38,15.56,7.24,15:30:00,2025-03-07
HCM03,Lý Nhơn,7.0,29.44,-0.046,26.8,16.37,7.39,16:00:00,2025-03-07
HCM03,Lý Nhơn,7.0,30.04,-0.077,34.61,17.84,7.05,16:30:00,2025-03-07
HCM03,Lý Nhơn,7.0,29.14,-0.02,22.6,19.33,6.28,17:00:00,2025-03-07
HCM03,Lý Nhơn,7.0,30.43,-0.029,21.28,16.65,6.13,17:30:00,2025-03-07
HCM03,Lý Nhơn,7.0,30.25,-0.107,25.03,14.84,6.92,18:00:00,2025-03-07
HCM03,Lý Nhơn,7.0,28.99,-0.053,19.93,16.05,7.05,18:30:00,2025-03-07
HCM03,Lý Nhơn,7.0,27.94,-0.012,23.48,18.51,6.49,19:00:00,2025-03-07
HCM03,Lý Nhơn,7.0,29.42,-0.056,26.71,17.46,7.26,19:30:00,2025-03-07
HCM03,Lý Nhơn,7.0,30.13,-0.088,20.0,16.74,7.39,20:00:00,2025-03-07
HCM03,Lý Nhơn,7.0,32.13,-0.001,33.74,17.26,6.96,20:30:00,2025-03-07
HCM03,Lý Nhơn,7.0,28.78,-0.056,29.22,16.89,6.27,21:00:00,2025-03-07
HCM03,Lý Nhơn,7.0,29.55,0.018,40.52,19.3,7.11,21:30:00,2025-03-07
HCM03,Lý Nhơn,7.0,30.21,0.001,27.97,21.78,6.49,22:00:00,2025-03-07
HCM03,Lý Nhơn,7.0,29.63,-0.032,26.36,15.79,7.46,22:30:00,2025-03-07
HCM03,Lý Nhơn,7.0,31.14,-0.018,25.22,14.83,7.05,23:00:00,2025-03-07
HCM03,Lý Nhơn,7.0,28.89,0.011,35.97,21.07,6.3,23:30:00,2025-03-07
HCM01,Nhà Bè,38.0,30.95,0.034,12.24,9.77,7.65,00:00:00,2025-03-07
HCM01,Nhà Bè,38.0,31.88,0.05,17.33,11.8,6.53,00:30:00,2025-03-07
HCM01,Nhà Bè,38.0,30.26,0.045,18.83,11.08,7.14,01:00:00,2025-03-07
HCM01,Nhà Bè,38.0,30.21,0.044,15.2,9.89,7.18,01:30:00,2025-03-07
HCM01,Nhà Bè,38.0,30.38,0.025,20.68,11.2,7.81,02:00:00,2025-03-07
HCM01,Nhà Bè,38.0,30.67,-0.016,12.77,9.76,7.83,02:30:00,2025-03-07
HCM01,Nhà Bè,38.0,30.17,0.074,14.04,10.89,6.83,03:00:00,2025-03-07
HCM01,Nhà Bè,38.0,29.78,0.034,16.03,11.41,7.49,03:30:00,2025-03-07
HCM01,Nhà Bè,38.0,29.07,0.033,20.81,13.82,6.42,04:00:00,2025-03-07
HCM01,Nhà Bè,38.0,29.23,0.005,19.7,13.37,7.88,04:30:00,2025-03-07
HCM01,Nhà Bè,38.0,29.69,0.049,17.2,11.12,7.43,05:00:00,2025-03-07
HCM01,Nhà Bè,38.0,31.6,0.043,16.05,10.69,6.95,05:30:00,2025-03-07
HCM01,Nhà Bè,38.0,29.08,0.019,26.51,14.08,7.36,06:00:00,2025-03-07
HCM01,Nhà Bè,38.0,28.95,0.042,18.7,12.58,6.25,06:30:00,2025-03-07
HCM01,Nhà Bè,38.0,30.8,0.043,14.96,9.24,7.42,07:00:00,2025-03-07
HCM01,Nhà Bè,38.0,29.96,0.044,19.49,12.68,7.18,07:30:00,2025-03-07
HCM01,Nhà Bè,38.0,30.7,0.087,16.86,11.5,7.51,08:00:00,2025-03-07
HCM01,Nhà Bè,38.0,30.84,0.025,20.57,11.14,6.88,08:30:00,2025-03-07
HCM01,Nhà Bè,38.0,30.84,0.027,18.03,12.51,7.77,09:00:00,2025-03-07
HCM01,Nhà Bè,38.0,29.1,0.055,25.61,12.2,7.32,09:30:00,2025-03-07
HCM01,Nhà Bè,38.0,29.73,0.058,20.67,12.8,7.24,10:00:00,2025-03-07
HCM01,Nhà Bè,38.0,30.06,-0.044,12.54,10.35,6.93,10:30:00,2025-03-07
HCM01,Nhà Bè,38.0,30.26,0.083,20.34,10.49,6.74,11:00:00,2025-03-07
HCM01,Nhà Bè,38.0,29.38,0.001,16.81,10.37,7.25,11:30:00,2025-03-07
HCM01,Nhà Bè,38.0,30.0,0.009,19.49,10.68,6.67,12:00:00,2025-03-07
HCM01,Nhà Bè,38.0,29.19,-0.032,16.35,8.94,7.47,12:30:00,2025-03-07
HCM01,Nhà Bè,38.0,28.32,0.01,21.51,11.05,7.21,13:00:00,2025-03-07
HCM01,Nhà Bè,38.0,31.1,-0.05,19.47,11.22,7.21,13:30:00,2025-03-07
HCM01,Nhà Bè,38.0,30.54,-0.033,18.04,10.43,6.96,14:00:00,2025-03-07
HCM01,Nhà Bè,38.0,30.71,-0.068,15.57,10.08,6.92,14:30:00,2025-03-07
HCM01,Nhà Bè,38.0,29.96,0.02,9.87,8.63,7.86,15:00:00,2025-03-07
HCM01,Nhà Bè,38.0,29.81,-0.048,15.22,8.85,6.79,15:30:00,2025-03-07
HCM01,Nhà Bè,38.0,30.52,-0.022,15.33,9.31,7.03,16:00:00,2025-03-07
HCM01,Nhà Bè,38.0,28.83,-0.039,9.08,7.0,7.86,16:30:00,2025-03-07
HCM01,Nhà Bè,38.0,30.5,-0.071,12.44,8.51,6.95,17:00:00,2025-03-07
HCM01,Nhà Bè,38.0,30.25,-0.06,19.38,10.64,6.91,17:30:00,2025-03-07
HCM01,Nhà Bè,38.0,28.54,-0.085,11.76,8.44,6.8,18:00:00,2025-03-07
HCM01,Nhà Bè,38.0,30.1,-0.045,10.1,6.91,8.07,18:30:00,2025-03-07
HCM01,Nhà Bè,38.0,29.73,-0.023,12.15,7.62,6.87,19:00:00,2025-03-07
HCM01,Nhà Bè,38.0,29.1,-0.032,13.05,8.95,6.46,19:30:00,2025-03-07
HCM01,Nhà Bè,38.0,30.44,-0.074,13.74,8.1,7.42,20:00:00,2025-03-07
HCM01,Nhà Bè,38.0,28.74,-0.058,13.96,9.62,7.31,20:30:00,2025-03-07
HCM01,Nhà Bè,38.0,30.44,-0.102,13.74,8.01,7.88,21:00:00,2025-03-07
HCM01,Nhà Bè,38.0,29.88,0.016,10.92,9.36,7.1,21:30:00,2025-03-07
HCM01,Nhà Bè,38.0,29.44,-0.013,19.37,12.26,7.72,22:00:00,2025-03-07
HCM01,Nhà Bè,38.0,29.39,-0.032,12.34,9.88,7.54,22:30:00,2025-03-07
HCM01,Nhà Bè,38.0,30.45,0.01,19.33,11.25,7.14,23:00:00,2025-03-07
HCM01,Nhà Bè,38.0,30.57,0.021,13.97,9.98,7.41,23:30:00,2025-03-07
HCM02,Cát Lái,58.0,29.96,0.011,10.78,6.79,6.82,00:00:00,2025-03-08
HCM02,Cát Lái,58.0,30.76,0.025,10.35,6.19,7.37,00:30:00,2025-03-08
HCM02,Cát Lái,58.0,30.22,-0.018,11.24,6.95,7.44,01:00:00,2025-03-08
HCM02,Cát Lái,58.0,30.14,-0.03,11.92,6.62,7.48,01:30:00,2025-03-08
HCM02,Cát Lái,58.0,29.08,-0.01,9.86,6.2,6.29,02:00:00,2025-03-08
HCM02,Cát Lái,58.0,30.49,0.03,9.02,6.5,6.78,02:30:00,2025-03-08
HCM02,Cát Lái,58.0,32.17,0.044,8.5,6.32,7.42,03:00:00,2025-03-08
HCM02,Cát Lái,58.0,28.61,0.025,8.79,6.58,6.79,03:30:00,2025-03-08
HCM02,Cát Lái,58.0,28.42,0.064,10.3,6.92,7.57,04:00:00,2025-03-08
HCM02,Cát Lái,58.0,29.54,0.041,11.57,6.44,6.82,04:30:00,2025-03-08
HCM02,Cát Lái,58.0,29.57,0.02,13.77,7.39,7.37,05:00:00,2025-03-08
HCM02,Cát Lái,58.0,29.14,0.076,9.58,6.24,7.7,05:30:00,2025-03-08
HCM02,Cát Lái,58.0,29.51,0.076,8.82,7.3,7.45,06:00:00,2025-03-08
HCM02,Cát Lái,58.0,29.04,0.034,12.84,7.69,7.25,06:30:00,2025-03-08
HCM02,Cát Lái,58.0,29.69,0.055,8.77,6.48,7.06,07:00:00,2025-03-08
HCM02,Cát Lái,58.0,29.98,0.062,10.77,7.11,6.59,07:30:00,2025-03-08
HCM02,Cát Lái,58.0,31.6,0.062,10.96,7.43,7.71,08:00:00,2025-03-08
HCM02,Cát Lái,58.0,30.04,0.046,12.79,7.55,6.94,08:30:00,2025-03-08
HCM02,Cát Lái,58.0,28.32,0.061,10.96,6.2,7.54,09:00:00,2025-03-08
HCM02,Cát Lái,58.0,29.61,0.037,11.45,6.87,7.59,09:30:00,2025-03-08
HCM02,Cát Lái,58.0,29.31,0.04,6.87,4.99,7.75,10:00:00,2025-03-08
HCM02,Cát Lái,58.0,30.2,-0.003,10.76,6.96,7.78,10:30:00,2025-03-08
HCM02,Cát Lái,58.0,30.0,0.005,10.78,6.63,8.35,11:00:00,2025-03-08
HCM02,Cát Lái,58.0,28.93,-0.014,6.92,5.46,7.22,11:30:00,2025-03-08
HCM02,Cát Lái,58.0,31.09,0.014,6.99,5.89,6.82,12:00:00,2025-03-08
HCM02,Cát Lái,58.0,29.47,0.008,10.93,6.75,7.75,12:30:00,2025-03-08
HCM02,Cát Lái,58.0,30.12,0.027,8.98,5.44,7.78,13:00:00,2025-03-08
HCM02,Cát Lái,58.0,30.1,-0.063,8.65,5.75,8.02,13:30:00,2025-03-08
HCM02,Cát Lái,58.0,27.75,-0.019,10.69,6.04,7.61,14:00:00,2025-03-08
HCM02,Cát Lái,58.0,30.14,-0.02,8.56,5.93,7.35,14:30:00,2025-03-08
HCM02,Cát Lái,58.0,28.5,-0.045,8.82,5.5,7.06,15:00:00,2025-03-08
HCM02,Cát Lái,58.0,29.98,0.016,7.24,5.53,7.6,15:30:00,2025-03-08
HCM02,Cát Lái,58.0,30.37,-0.014,7.54,5.97,7.02,16:00:00,2025-03-08
HCM02,Cát Lái,58.0,28.8,-0.031,8.23,5.11,8.08,16:30:00,2025-03-08
HCM02,Cát Lái,58.0,30.16,-0.051,8.11,6.05,7.11,17:00:00,2025-03-08
HCM02,Cát Lái,58.0,28.65,-0.032,8.38,4.51,7.3,17:30:00,2025-03-08
HCM02,Cát Lái,58.0,30.15,-0.033,8.49,5.54,7.57,18:00:00,2025-03-08
HCM02,Cát Lái,58.0,30.45,-0.05,7.96,4.55,7.9,18:30:00,2025-03-08
HCM02,Cát Lái,58.0,29.06,-0.091,9.3,5.98,7.74,19:00:00,2025-03-08
HCM02,Cát Lái,58.0,32.4,-0.031,9.77,5.76,6.46,19:30:00,2025-03-08
HCM02,Cát Lái,58.0,31.47,0.026,7.95,5.51,7.16,20:00:00,2025-03-08
HCM02,Cát Lái,58.0,30.34,0.026,7.86,4.43,7.7,20:30:00,2025-03-08
HCM02,Cát Lái,58.0,29.51,-0.071,9.74,6.11,7.1,21:00:00,2025-03-08
HCM02,Cát Lái,58.0,29.43,0.022,5.46,4.97,6.76,21:30:00,2025-03-08
HCM02,Cát Lái,58.0,28.21,-0.077,10.9,5.31,8.11,22:00:00,2025-03-08
HCM02,Cát Lái,58.0,30.24,-0.097,7.76,5.88,7.55,22:30:00,2025-03-08
HCM02,Cát Lái,58.0,29.6,-0.041,5.96,5.36,6.74,23:00:00,2025-03-08
HCM02,Cát Lái,58.0,29.41,-0.028,8.05,6.69,7.45,23:30:00,2025-03-08
HCM04,Long Đại,80.0,30.75,0.01,1.49,1.46,6.56,00:00:00,2025-03-08
HCM04,Long Đại,80.0,30.75,-0.014,1.79,1.18,7.55,00:30:00,2025-03-08
HCM04,Long Đại,80.0,29.38,0.01,2.33,1.49,7.59,01:00:00,2025-03-08
HCM04,Long Đại,80.0,29.45,-0.003,3.3,1.79,7.87,01:30:00,2025-03-08
HCM04,Long Đại,80.0,30.07,0.041,2.63,1.63,7.76,02:00:00,2025-03-08
HCM04,Long Đại,80.0,29.77,0.04,2.05,1.29,7.23,02:30:00,2025-03-08
HCM04,Long Đại,80.0,31.1,0.046,3.55,1.99,6.77,03:00:00,2025-03-08
HCM04,Long Đại,80.0,29.25,0.052,1.3,0.9,7.48,03:30:00,2025-03-08
HCM04,Long Đại,80.0,28.42,0.052,2.41,1.87,7.35,04:00:00,2025-03-08
HCM04,Long Đại,80.0,29.87,0.041,2.16,1.67,8.23,04:30:00,2025-03-08
HCM04,Long Đại,80.0,29.41,0.107,2.89,1.69,7.88,05:00:00,2025-03-08
HCM04,Long Đại,80.0,30.23,0.039,2.31,1.59,7.71,05:30:00,2025-03-08
HCM04,Long Đại,80.0,30.14,0.086,1.99,1.59,7.73,06:00:00,2025-03-08
HCM04,Long Đại,80.0,29.83,0.021,2.82,1.59,7.27,06:30:00,2025-03-08
HCM04,Long Đại,80.0,30.15,0.039,2.18,1.42,7.57,07:00:00,2025-03-08
HCM04,Long Đại,80.0,29.81,0.043,3.62,1.97,7.47,07:30:00,2025-03-08
HCM04,Long Đại,80.0,30.7,-0.004,2.43,1.41,7.52,08:00:00,2025-03-08
HCM04,Long Đại,80.0,30.03,0.01,2.43,1.74,7.48,08:30:00,2025-03-08
HCM04,Long Đại,80.0,30.78,0.088,3.55,2.19,7.35,09:00:00,2025-03-08
HCM04,Long Đại,80.0,28.44,0.052,2.49,1.86,7.12,09:30:00,2025-03-08
HCM04,Long Đại,80.0,30.86,0.051,2.98,1.68,6.92,10:00:00,2025-03-08
HCM04,Long Đại,80.0,29.5,0.084,2.52,1.63,7.76,10:30:00,2025-03-08
HCM04,Long Đại,80.0,30.22,0.014,2.3,1.75,8.26,11:00:00,2025-03-08
HCM04,Long Đại,80.0,30.51,-0.019,2.17,1.3,7.19,11:30:00,2025-03-08
HCM04,Long Đại,80.0,30.3,0.021,2.53,1.47,7.49,12:00:00,2025-03-08
HCM04,Long Đại,80.0,30.73,-0.003,1.77,1.14,7.06,12:30:00,2025-03-08
HCM04,Long Đại,80.0,30.66,-0.072,1.82,1.23,7.3,13:00:00,2025-03-08
HCM04,Long Đại,80.0,29.74,-0.089,2.13,1.53,7.53,13:30:00,2025-03-08
HCM04,Long Đại,80.0,31.25,0.023,2.63,1.52,8.08,14:00:00,2025-03-08
HCM04,Long Đại,80.0,30.04,-0.04,2.52,1.47,7.27,14:30:00,2025-03-08
HCM04,Long Đại,80.0,30.45,-0.023,1.97,1.37,6.77,15:00:00,2025-03-08
HCM04,Long Đại,80.0,28.86,-0.085,2.65,1.45,7.58,15:30:00,2025-03-08
HCM04,Long Đại,80.0,29.41,-0.036,2.47,1.38,7.53,16:00:00,2025-03-08
HCM04,Long Đại,80.0,31.49,-0.051,2.92,1.45,6.36,16:30:00,2025-03-08
HCM04,Long Đại,80.0,29.35,-0.087,1.65,1.08,6.99,17:00:00,2025-03-08
HCM04,Long Đại,80.0,28.8,-0.026,1.81,1.02,6.9,17:30:00,2025-03-08
HCM04,Long Đại,80.0,29.38,-0.013,2.64,1.41,7.68,18:00:00,2025-03-08
HCM04,Long Đại,80.0,27.72,-0.054,1.78,1.23,8.18,18:30:00,2025-03-08
HCM04,Long Đại,80.0,31.56,-0.102,1.65,1.16,7.6,19:00:00,2025-03-08
HCM04,Long Đại,80.0,29.73,-0.062,1.58,0.91,6.78,19:30:00,2025-03-08
HCM04,Long Đại,80.0,28.01,-0.061,1.5,0.93,7.78,20:00:00,2025-03-08
HCM04,Long Đại,80.0,29.03,-0.059,1.42,0.96,7.78,20:30:00,2025-03-08
HCM04,Long Đại,80.0,29.54,-0.034,1.31,0.87,7.32,21:00:00,2025-03-08
HCM04,Long Đại,80.0,29.88,-0.036,1.45,0.84,7.52,21:30:00,2025-03-08
HCM04,Long Đại,80.0,29.31,-0.049,1.97,1.33,8.01,22:00:00,2025-03-08
HCM04,Long Đại,80.0,29.1,-0.097,1.65,1.42,7.35,22:30:00,2025-03-08
HCM04,Long Đại,80.0,30.08,-0.04,2.01,1.3,7.8,23:00:00,2025-03-08
HCM04,Long Đại,80.0,28.74,0.017,1.65,1.3,8.13,23:30:00,2025-03-08
HCM03,Lý Nhơn,7.0,29.07,-0.049,41.0,22.31,6.44,00:00:00,2025-03-08
HCM03,Lý Nhơn,7.0,31.09,0.069,42.35,21.41,6.68,00:30:00,2025-03-08
HCM03,Lý Nhơn,7.0,29.53,0.042,34.33,21.61,7.36,01:00:00,2025-03-08
HCM03,Lý Nhơn,7.0,28.67,0.014,43.13,20.83,6.74,01:30:00,2025-03-08
HCM03,Lý Nhơn,7.0,31.67,-0.009,29.58,20.18,7.21,02:00:00,2025-03-08
HCM03,Lý Nhơn,7.0,29.91,0.008,46.5,23.19,6.38,02:30:00,2025-03-08
HCM03,Lý Nhơn,7.0,30.96,0.06,36.49,20.27,6.23,03:00:00,2025-03-08
HCM03,Lý Nhơn,7.0,29.54,0.017,33.84,22.52,6.01,03:30:00,2025-03-08
HCM03,Lý Nhơn,7.0,28.69,0.069,23.86,18.97,7.61,04:00:00,2025-03-08
HCM03,Lý Nhơn,7.0,30.91,0.062,33.55,22.54,5.65,04:30:00,2025-03-08
HCM03,Lý Nhơn,7.0,28.71,0.026,51.57,27.28,6.19,05:00:00,2025-03-08
HCM03,Lý Nhơn,7.0,30.32,0.008,40.31,22.66,6.76,05:30:00,2025-03-08
HCM03,Lý Nhơn,7.0,30.15,0.009,44.93,22.25,7.08,06:00:00,2025-03-08
HCM03,Lý Nhơn,7.0,29.89,0.061,36.93,28.14,5.96,06:30:00,2025-03-08
HCM03,Lý Nhơn,7.0,28.15,0.002,33.19,23.95,5.81,07:00:00,2025-03-08
HCM03,Lý Nhơn,7.0,29.37,0.051,28.58,22.69,6.54,07:30:00,2025-03-08
HCM03,Lý Nhơn,7.0,29.56,0.056,34.23,23.48,6.67,08:00:00,2025-03-08
HCM03,Lý Nhơn,7.0,29.69,0.02,43.95,24.28,6.17,08:30:00,2025-03-08
HCM03,Lý Nhơn,7.0,31.47,0.056,27.7,25.01,6.23,09:00:00,2025-03-08
HCM03,Lý Nhơn,7.0,30.11,0.041,27.74,19.54,6.82,09:30:00,2025-03-08
HCM03,Lý Nhơn,7.0,29.21,0.007,31.14,24.0,6.26,10:00:00,2025-03-08
HCM03,Lý Nhơn,7.0,30.34,-0.004,28.52,19.7,6.46,10:30:00,2025-03-08
HCM03,Lý Nhơn,7.0,30.47,-0.005,38.26,19.13,6.27,11:00:00,2025-03-08
HCM03,Lý Nhơn,7.0,30.89,-0.025,31.25,21.97,7.07,11:30:00,2025-03-08
HCM03,Lý Nhơn,7.0,30.29,0.015,29.37,17.6,6.95,12:00:00,2025-03-08
HCM03,Lý Nhơn,7.0,31.1,-0.006,35.24,21.46,6.39,12:30:00,2025-03-08
HCM03,Lý Nhơn,7.0,30.13,0.028,36.72,21.98,6.17,13:00:00,2025-03-08
HCM03,Lý Nhơn,7.0,28.39,-0.07,32.37,17.48,6.69,13:30:00,2025-03-08
HCM03,Lý Nhơn,7.0,30.93,0.005,41.51,20.5,6.57,14:00:00,2025-03-08
HCM03,Lý Nhơn,7.0,31.61,-0.049,40.42,19.72,7.08,14:30:00,2025-03-08
HCM03,Lý Nhơn,7.0,29.67,-0.005,37.41,18.81,7.36,15:00:00,2025-03-08
HCM03,Lý Nhơn,7.0,30.07,-0.09,29.4,17.0,6.57,15:30:00,2025-03-08
HCM03,Lý Nhơn,7.0,30.61,-0.026,26.19,17.55,6.95,16:00:00,2025-03-08
HCM03,Lý Nhơn,7.0,29.77,-0.049,24.56,14.81,7.0,16:30:00,2025-03-08
HCM03,Lý Nhơn,7.0,30.3,-0.013,32.61,17.88,6.87,17:00:00,2025-03-08
HCM03,Lý Nhơn,7.0,30.67,0.002,24.6,16.17,6.84,17:30:00,2025-03-08
HCM03,Lý Nhơn,7.0,31.23,-0.108,24.03,19.3,6.46,18:00:00,2025-03-08
HCM03,Lý Nhơn,7.0,30.55,-0.024,24.21,17.16,7.04,18:30:00,2025-03-08
HCM03,Lý Nhơn,7.0,30.13,-0.012,29.33,16.72,6.58,19:00:00,2025-03-08
HCM03,Lý Nhơn,7.0,30.84,0.016,27.66,15.15,6.85,19:30:00,2025-03-08
HCM03,Lý Nhơn,7.0,28.89,-0.047,30.34,18.84,6.64,20:00:00,2025-03-08
HCM03,Lý Nhơn,7.0,31.07,0.007,19.67,16.7,7.33,20:30:00,2025-03-08
HCM03,Lý Nhơn,7.0,30.24,-0.013,28.38,20.77,7.26,21:00:00,2025-03-08
HCM03,Lý Nhơn,7.0,31.12,-0.034,25.62,17.89,5.5,21:30:00,2025-03-08
HCM03,Lý Nhơn,7.0,29.88,-0.023,29.75,17.77,6.82,22:00:00,2025-03-08
HCM03,Lý Nhơn,7.0,29.95,-0.032,25.0,18.02,6.25,22:30:00,2025-03-08
HCM03,Lý Nhơn,7.0,29.15,-0.043,27.3,19.12,6.82,23:00:00,2025-03-08
HCM03,Lý Nhơn,7.0,30.73,0.009,36.78,21.65,6.41,23:30:00,2025-03-08
HCM01,Nhà Bè,38.0,29.54,0.014,19.6,11.44,6.8,00:00:00,2025-03-08
HCM01,Nhà Bè,38.0,30.86,0.029,19.7,11.26,6.44,00:30:00,2025-03-08
HCM01,Nhà Bè,38.0,29.49,-0.045,18.99,11.51,7.03,01:00:00,2025-03-08
HCM01,Nhà Bè,38.0,31.41,0.06,23.64,11.83,7.26,01:30:00,2025-03-08
HCM01,Nhà Bè,38.0,29.03,0.042,16.24,11.44,6.76,02:00:00,2025-03-08
HCM01,Nhà Bè,38.0,29.78,-0.021,15.25,11.49,7.44,02:30:00,2025-03-08
HCM01,Nhà Bè,38.0,29.18,0.056,18.67,10.5,8.19,03:00:00,2025-03-08
HCM01,Nhà Bè,38.0,29.84,0.033,14.61,10.34,6.78,03:30:00,2025-03-08
HCM01,Nhà Bè,38.0,28.95,0.078,16.99,11.24,6.77,04:00:00,2025-03-08
HCM01,Nhà Bè,38.0,30.2,0.045,19.13,12.28,7.44,04:30:00,2025-03-08
HCM01,Nhà Bè,38.0,30.16,0.061,24.24,12.67,7.54,05:00:00,2025-03-08
HCM01,Nhà Bè,38.0,30.34,0.025,13.92,11.92,7.36,05:30:00,2025-03-08
HCM01,Nhà Bè,38.0,29.95,0.112,24.26,13.34,6.83,06:00:00,2025-03-08
HCM01,Nhà Bè,38.0,29.96,0.053,20.45,11.72,6.96,06:30:00,2025-03-08
HCM01,Nhà Bè,38.0,30.22,0.079,19.31,13.29,7.55,07:00:00,2025-03-08
HCM01,Nhà Bè,38.0,28.84,-0.007,20.38,13.93,7.35,07:30:00,2025-03-08
HCM01,Nhà Bè,38.0,30.08,0.017,15.24,10.89,6.65,08:00:00,2025-03-08
HCM01,Nhà Bè,38.0,31.25,0.01,19.73,12.83,6.59,08:30:00,2025-03-08
HCM01,Nhà Bè,38.0,29.37,-0.03,17.95,11.19,6.46,09:00:00,2025-03-08
HCM01,Nhà Bè,38.0,29.26,0.021,21.56,12.21,6.37,09:30:00,2025-03-08
HCM01,Nhà Bè,38.0,29.98,0.024,16.0,10.35,7.24,10:00:00,2025-03-08
HCM01,Nhà Bè,38.0,31.27,0.015,18.17,12.66,6.68,10:30:00,2025-03-08
HCM01,Nhà Bè,38.0,30.66,0.023,19.58,11.64,7.01,11:00:00,2025-03-08
HCM01,Nhà Bè,38.0,31.63,-0.047,18.12,9.64,8.05,11:30:00,2025-03-08
HCM01,Nhà Bè,38.0,30.3,0.008,18.15,10.65,7.06,12:00:00,2025-03-08
HCM01,Nhà Bè,38.0,30.63,-0.0,20.24,11.01,6.36,12:30:00,2025-03-08
HCM01,Nhà Bè,38.0,28.94,-0.012,10.46,8.97,6.75,13:00:00,2025-03-08
HCM01,Nhà Bè,38.0,28.62,-0.032,13.65,8.56,6.68,13:30:00,2025-03-08
HCM01,Nhà Bè,38.0,29.28,-0.039,13.67,8.33,6.95,14:00:00,2025-03-08
HCM01,Nhà Bè,38.0,29.39,-0.061,14.19,8.55,7.03,14:30:00,2025-03-08
HCM01,Nhà Bè,38.0,30.76,-0.081,23.43,11.39,7.06,15:00:00,2025-03-08
HCM01,Nhà Bè,38.0,31.37,0.019,21.58,10.4,7.9,15:30:00,2025-03-08
HCM01,Nhà Bè,38.0,30.43,-0.064,11.39,9.61,6.4,16:00:00,2025-03-08
HCM01,Nhà Bè,38.0,29.6,-0.043,15.91,9.11,6.94,16:30:00,2025-03-08
HCM01,Nhà Bè,38.0,30.63,-0.035,12.92,8.53,6.73,17:00:00,2025-03-08
HCM01,Nhà Bè,38.0,30.55,-0.078,11.61,8.68,6.98,17:30:00,2025-03-08
HCM01,Nhà Bè,38.0,28.94,-0.049,12.37,8.5,6.62,18:00:00,2025-03-08
HCM01,Nhà Bè,38.0,29.62,-0.019,15.23,9.76,6.42,18:30:00,2025-03-08
HCM01,Nhà Bè,38.0,29.04,-0.05,12.36,8.25,7.26,19:00:00,2025-03-08
HCM01,Nhà Bè,38.0,29.29,-0.02,11.27,8.49,6.78,19:30:00,2025-03-08
HCM01,Nhà Bè,38.0,31.02,0.013,16.51,9.3,7.06,20:00:00,2025-03-08
HCM01,Nhà Bè,38.0,30.25,-0.034,13.91,8.79,6.21,20:30:00,2025-03-08
HCM01,Nhà Bè,38.0,30.1,-0.02,14.2,8.98,7.94,21:00:00,2025-03-08
HCM01,Nhà Bè,38.0,30.43,-0.028,17.03,11.02,7.07,21:30:00,2025-03-08
HCM01,Nhà Bè,38.0,30.49,-0.043,13.06,10.39,7.82,22:00:00,2025-03-08
HCM01,Nhà Bè,38.0,30.14,-0.021,13.33,9.82,6.68,22:30:00,2025-03-08
HCM01,Nhà Bè,38.0,29.86,0.014,14.46,9.75,7.32,23:00:00,2025-03-08
HCM01,Nhà Bè,38.0,29.14,-0.002,16.61,11.18,7.5,23:30:00,2025-03-08
HCM02,Cát Lái,58.0,30.87,0.027,11.72,8.27,7.23,00:00:00,2025-03-09
HCM02,Cát Lái,58.0,29.67,0.018,12.08,5.86,8.08,00:30:00,2025-03-09
HCM02,Cát Lái,58.0,29.98,0.01,11.88,7.54,7.84,01:00:00,2025-03-09
HCM02,Cát Lái,58.0,30.37,-0.012,10.43,7.71,6.96,01:30:00,2025-03-09
HCM02,Cát Lái,58.0,30.71,0.027,9.86,7.28,6.69,02:00:00,2025-03-09
HCM02,Cát Lái,58.0,28.08,0.09,8.67,6.57,7.14,02:30:00,2025-03-09
HCM02,Cát Lái,58.0,30.6,0.057,12.92,8.75,7.24,03:00:00,2025-03-09
HCM02,Cát Lái,58.0,30.42,0.07,10.11,6.24,7.33,03:30:00,2025-03-09
HCM02,Cát Lái,58.0,29.34,0.041,10.01,7.48,7.91,04:00:00,2025-03-09
HCM02,Cát Lái,58.0,31.08,0.073,14.72,7.27,8.01,04:30:00,2025-03-09
HCM02,Cát Lái,58.0,31.11,0.054,15.8,7.77,7.11,05:00:00,2025-03-09
HCM02,Cát Lái,58.0,31.5,0.094,13.97,7.76,7.07,05:30:00,2025-03-09
HCM02,Cát Lái,58.0,29.09,0.062,18.62,9.93,7.88,06:00:00,2025-03-09
HCM02,Cát Lái,58.0,29.88,0.05,15.38,8.79,7.5,06:30:00,2025-03-09
HCM02,Cát Lái,58.0,28.94,0.09,14.99,7.61,7.29,07:00:00,2025-03-09
HCM02,Cát Lái,58.0,29.54,0.035,12.71,8.52,7.07,07:30:00,2025-03-09
HCM02,Cát Lái,58.0,30.84,0.01,16.1,7.47,6.49,08:00:00,2025-03-09
HCM02,Cát Lái,58.0,30.69,0.098,15.51,8.08,7.47,08:30:00,2025-03-09
HCM02,Cát Lái,58.0,30.84,0.035,10.51,7.26,7.33,09:00:00,2025-03-09
HCM02,Cát Lái,58.0,31.37,0.033,7.19,6.81,7.35,09:30:00,2025-03-09
HCM02,Cát Lái,58.0,30.23,0.096,9.31,6.57,7.23,10:00:00,2025-03-09
HCM02,Cát Lái,58.0,30.92,0.005,7.59,6.71,7.07,10:30:00,2025-03-09
HCM02,Cát Lái,58.0,30.25,0.008,8.02,6.37,7.38,11:00:00,2025-03-09
HCM02,Cát Lái,58.0,29.71,0.018,9.79,7.09,8.03,11:30:00,2025-03-09
HCM02,Cát Lái,58.0,29.85,0.006,7.85,5.75,7.53,12:00:00,2025-03-09
HCM02,Cát Lái,58.0,30.59,0.006,9.85,7.24,7.29,12:30:00,2025-03-09
HCM02,Cát Lái,58.0,30.05,-0.038,10.98,6.66,7.16,13:00:00,2025-03-09
HCM02,Cát Lái,58.0,30.32,0.032,10.63,5.52,7.3,13:30:00,2025-03-09
HCM02,Cát Lái,58.0,29.9,-0.009,10.37,6.1,7.37,14:00:00,2025-03-09
HCM02,Cát Lái,58.0,29.26,-0.002,9.77,6.02,6.7,14:30:00,2025-03-09
HCM02,Cát Lái,58.0,31.24,-0.089,9.32,5.72,7.48,15:00:00,2025-03-09
HCM02,Cát Lái,58.0,29.67,-0.008,10.9,5.62,7.26,15:30:00,2025-03-09
HCM02,Cát Lái,58.0,31.13,-0.065,6.35,4.05,7.46,16:00:00,2025-03-09
HCM02,Cát Lái,58.0,29.81,-0.031,9.49,6.02,6.76,16:30:00,2025-03-09
HCM02,Cát Lái,58.0,29.4,-0.035,8.19,5.39,7.08,17:00:00,2025-03-09
HCM02,Cát Lái,58.0,30.26,-0.109,8.36,5.21,7.52,17:30:00,2025-03-09
HCM02,Cát Lái,58.0,30.68,0.004,10.28,5.03,7.47,18:00:00,2025-03-09
HCM02,Cát Lái,58.0,31.66,-0.037,8.93,6.41,6.16,18:30:00,2025-03-09
HCM02,Cát Lái,58.0,29.57,0.014,9.85,5.05,6.75,19:00:00,2025-03-09
HCM02,Cát Lái,58.0,30.4,-0.044,8.24,6.04,7.63,19:30:00,2025-03-09
HCM02,Cát Lái,58.0,31.08,-0.032,7.86,4.73,6.9,20:00:00,2025-03-09
HCM02,Cát Lái,58.0,29.02,-0.027,9.27,6.18,6.82,20:30:00,2025-03-09
HCM02,Cát Lái,58.0,29.42,-0.072,8.29,6.56,6.72,21:00:00,2025-03-09
HCM02,Cát Lái,58.0,29.92,-0.058,7.32,5.02,7.51,21:30:00,2025-03-09
HCM02,Cát Lái,58.0,28.63,-0.069,8.84,5.48,7.77,22:00:00,2025-03-09
HCM02,Cát Lái,58.0,29.56,-0.078,6.77,5.42,8.03,22:30:00,2025-03-09
HCM02,Cát Lái,58.0,28.94,-0.034,12.81,6.45,6.88,23:00:00,2025-03-09
HCM02,Cát Lái,58.0,28.31,0.021,7.63,5.58,6.64,23:30:00,2025-03-09
HCM04,Long Đại,80.0,28.42,0.027,2.11,1.31,7.29,00:00:00,2025-03-09
HCM04,Long Đại,80.0,29.92,-0.034,2.16,1.2,7.2,00:30:00,2025-03-09
HCM04,Long Đại,80.0,30.45,0.003,3.17,1.74,6.81,01:00:00,2025-03-09
HCM04,Long Đại,80.0,30.86,0.083,1.78,1.33,8.09,01:30:00,2025-03-09
HCM04,Long Đại,80.0,30.63,0.034,2.26,1.54,7.57,02:00:00,2025-03-09
HCM04,Long Đại,80.0,28.91,0.038,3.3,2.06,6.5,02:30:00,2025-03-09
HCM04,Long Đại,80.0,30.12,0.035,1.76,1.45,7.75,03:00:00,2025-03-09
HCM04,Long Đại,80.0,31.1,0.04,1.8,1.57,6.89,03:30:00,2025-03-09
HCM04,Long Đại,80.0,30.3,0.122,2.51,1.49,7.59,04:00:00,2025-03-09
HCM04,Long Đại,80.0,30.39,-0.003,3.35,1.75,8.16,04:30:00,2025-03-09
HCM04,Long Đại,80.0,30.43,0.053,1.66,1.09,7.25,05:00:00,2025-03-09
HCM04,Long Đại,80.0,30.19,0.07,2.31,1.44,7.39,05:30:00,2025-03-09
HCM04,Long Đại,80.0,28.18,0.041,2.22,1.43,7.69,06:00:00,2025-03-09
HCM04,Long Đại,80.0,30.29,0.014,2.49,2.0,7.01,06:30:00,2025-03-09
HCM04,Long Đại,80.0,29.12,0.064,3.12,1.8,7.06,07:00:00,2025-03-09
HCM04,Long Đại,80.0,29.94,0.032,2.64,1.45,7.81,07:30:00,2025-03-09
HCM04,Long Đại,80.0,29.81,0.042,2.54,1.6,6.93,08:00:00,2025-03-09
HCM04,Long Đại,80.0,29.23,0.069,1.98,1.25,8.49,08:30:00,2025-03-09
HCM04,Long Đại,80.0,29.63,0.069,3.06,1.6,6.56,09:00:00,2025-03-09
HCM04,Long Đại,80.0,30.23,0.044,3.04,1.46,8.07,09:30:00,2025-03-09
HCM04,Long Đại,80.0,29.24,0.033,1.61,1.09,7.33,10:00:00,2025-03-09
HCM04,Long Đại,80.0,29.52,0.001,1.35,1.1,7.06,10:30:00,2025-03-09
HCM04,Long Đại,80.0,29.01,0.084,1.55,1.23,7.52,11:00:00,2025-03-09
HCM04,Long Đại,80.0,30.36,-0.071,2.17,1.64,6.85,11:30:00,2025-03-09
HCM04,Long Đại,80.0,30.39,0.009,1.8,1.12,7.61,12:00:00,2025-03-09
HCM04,Long Đại,80.0,30.29,0.034,1.22,0.69,6.82,12:30:00,2025-03-09
HCM04,Long Đại,80.0,31.14,-0.051,2.14,1.5,7.9,13:00:00,2025-03-09
HCM04,Long Đại,80.0,30.97,-0.031,2.08,1.4,6.98,13:30:00,2025-03-09
HCM04,Long Đại,80.0,28.99,-0.037,2.09,1.3,7.13,14:00:00,2025-03-09
HCM04,Long Đại,80.0,29.98,-0.001,1.62,1.26,7.62,14:30:00,2025-03-09
HCM04,Long Đại,80.0,29.45,-0.061,1.99,1.05,7.75,15:00:00,2025-03-09
HCM04,Long Đại,80.0,30.04,-0.07,2.21,1.31,8.27,15:30:00,2025-03-09
HCM04,Long Đại,80.0,28.81,-0.006,2.58,1.4,7.38,16:00:00,2025-03-09
HCM04,Long Đại,80.0,30.7,0.019,2.32,1.35,8.57,16:30:00,2025-03-09
HCM04,Long Đại,80.0,30.43,-0.018,2.14,1.39,7.33,17:00:00,2025-03-09
HCM04,Long Đại,80.0,29.75,-0.05,2.41,1.51,6.85,17:30:00,2025-03-09
HCM04,Long Đại,80.0,29.7,-0.07,2.13,1.42,7.13,18:00:00,2025-03-09
HCM04,Long Đại,80.0,30.56,-0.064,1.99,1.22,7.25,18:30:00,2025-03-09
HCM04,Long Đại,80.0,31.28,-0.026,1.61,1.28,7.11,19:00:00,2025-03-09
HCM04,Long Đại,80.0,29.31,-0.059,1.94,1.32,7.36,19:30:00,2025-03-09
HCM04,Long Đại,80.0,31.74,-0.024,1.94,1.16,7.43,20:00:00,2025-03-09
HCM04,Long Đại,80.0,31.22,-0.035,3.15,1.63,8.47,20:30:00,2025-03-09
HCM04,Long Đại,80.0,30.47,-0.039,2.67,1.47,7.29,21:00:00,2025-03-09
HCM04,Long Đại,80.0,30.69,-0.039,1.49,1.25,7.04,21:30:00,2025-03-09
HCM04,Long Đại,80.0,29.23,-0.035,2.3,1.39,7.98,22:00:00,2025-03-09
HCM04,Long Đại,80.0,30.45,-0.049,2.72,1.66,6.93,22:30:00,2025-03-09
HCM04,Long Đại,80.0,29.67,0.016,2.33,1.44,7.09,23:00:00,2025-03-09
HCM04,Long Đại,80.0,28.32,-0.022,2.22,1.31,7.21,23:30:00,2025-03-09
HCM03,Lý Nhơn,7.0,29.97,-0.003,21.65,23.55,6.67,00:00:00,2025-03-09
HCM03,Lý Nhơn,7.0,30.59,-0.051,24.15,20.13,6.3,00:30:00,2025-03-09
HCM03,Lý Nhơn,7.0,28.65,0.023,39.6,25.71,6.78,01:00:00,2025-03-09
HCM03,Lý Nhơn,7.0,29.72,0.031,40.57,23.27,5.93,01:30:00,2025-03-09
HCM03,Lý Nhơn,7.0,28.7,-0.009,39.24,25.83,7.1,02:00:00,2025-03-09
HCM03,Lý Nhơn,7.0,29.3,0.05,39.99,23.4,6.36,02:30:00,2025-03-09
HCM03,Lý Nhơn,7.0,30.36,0.054,48.57,27.85,6.13,03:00:00,2025-03-09
HCM03,Lý Nhơn,7.0,30.92,0.061,38.62,28.21,4.81,03:30:00,2025-03-09
HCM03,Lý Nhơn,7.0,29.13,0.023,40.13,25.12,6.39,04:00:00,2025-03-09
HCM03,Lý Nhơn,7.0,29.32,0.067,41.22,25.65,6.22,04:30:00,2025-03-09
HCM03,Lý Nhơn,7.0,29.54,0.033,42.38,25.14,6.67,05:00:00,2025-03-09
HCM03,Lý Nhơn,7.0,30.94,0.075,52.24,26.78,5.96,05:30:00,2025-03-09
HCM03,Lý Nhơn,7.0,29.66,0.042,41.71,24.94,6.98,06:00:00,2025-03-09
HCM03,Lý Nhơn,7.0,29.15,0.012,42.72,27.89,5.98,06:30:00,2025-03-09
HCM03,Lý Nhơn,7.0,29.05,0.006,55.04,31.03,6.33,07:00:00,2025-03-09
HCM03,Lý Nhơn,7.0,29.32,0.049,62.52,28.93,6.75,07:30:00,2025-03-09
HCM03,Lý Nhơn,7.0,31.53,0.041,47.56,28.0,6.09,08:00:00,2025-03-09
HCM03,Lý Nhơn,7.0,30.4,0.036,51.84,27.79,6.88,08:30:00,2025-03-09
HCM03,Lý Nhơn,7.0,31.97,0.018,29.57,19.95,6.87,09:00:00,2025-03-09
HCM03,Lý Nhơn,7.0,30.12,0.006,46.29,25.03,6.09,09:30:00,2025-03-09
HCM03,Lý Nhơn,7.0,30.31,-0.019,30.38,29.53,7.29,10:00:00,2025-03-09
HCM03,Lý Nhơn,7.0,31.74,0.036,45.8,22.9,6.63,10:30:00,2025-03-09
HCM03,Lý Nhơn,7.0,30.61,-0.024,38.61,24.55,6.17,11:00:00,2025-03-09
HCM03,Lý Nhơn,7.0,29.07,0.003,44.39,21.41,7.09,11:30:00,2025-03-09
HCM03,Lý Nhơn,7.0,29.74,-0.027,25.04,23.46,6.13,12:00:00,2025-03-09
HCM03,Lý Nhơn,7.0,29.7,-0.05,37.22,21.54,6.99,12:30:00,2025-03-09
HCM03,Lý Nhơn,7.0,30.34,-0.031,29.32,20.06,6.61,13:00:00,2025-03-09
HCM03,Lý Nhơn,7.0,30.76,0.022,22.35,16.17,7.47,13:30:00,2025-03-09
HCM03,Lý Nhơn,7.0,30.84,-0.02,32.05,20.95,6.53,14:00:00,2025-03-09
HCM03,Lý Nhơn,7.0,30.76,-0.045,39.93,23.94,5.59,14:30:00,2025-03-09
HCM03,Lý Nhơn,7.0,30.67,-0.051,33.29,19.7,6.13,15:00:00,2025-03-09
HCM03,Lý Nhơn,7.0,29.44,-0.102,30.61,18.94,6.79,15:30:00,2025-03-09
HCM03,Lý Nhơn,7.0,28.79,-0.071,42.76,24.08,6.32,16:00:00,2025-03-09
HCM03,Lý Nhơn,7.0,31.42,-0.036,38.42,22.56,7.11,16:30:00,2025-03-09
HCM03,Lý Nhơn,7.0,30.91,-0.025,36.23,22.09,6.08,17:00:00,2025-03-09
HCM03,Lý Nhơn,7.0,29.93,-0.057,23.31,19.53,7.15,17:30:00,2025-03-09
HCM03,Lý Nhơn,7.0,29.48,-0.038,28.18,15.86,6.73,18:00:00,2025-03-09
HCM03,Lý Nhơn,7.0,29.98,-0.002,24.21,17.65,6.95,18:30:00,2025-03-09
HCM03,Lý Nhơn,7.0,30.37,-0.016,30.61,18.23,6.46,19:00:00,2025-03-09
HCM03,Lý Nhơn,7.0,30.27,-0.082,30.47,16.13,6.39,19:30:00,2025-03-09
HCM03,Lý Nhơn,7.0,28.76,-0.034,28.3,19.44,7.34,20:00:00,2025-03-09
HCM03,Lý Nhơn,7.0,30.22,-0.058,43.11,23.01,6.94,20:30:00,2025-03-09
HCM03,Lý Nhơn,7.0,30.59,-0.014,45.2,23.42,6.27,21:00:00,2025-03-09
HCM03,Lý Nhơn,7.0,29.27,-0.004,30.43,20.03,6.78,21:30:00,2025-03-09
HCM03,Lý Nhơn,7.0,30.44,-0.053,27.41,20.31,6.09,22:00:00,2025-03-09
HCM03,Lý Nhơn,7.0,30.97,-0.021,38.08,21.5,6.34,22:30:00,2025-03-09
HCM03,Lý Nhơn,7.0,31.11,-0.009,36.24,23.36,6.56,23:00:00,2025-03-09
HCM03,Lý Nhơn,7.0,29.78,-0.025,32.59,24.47,6.59,23:30:00,2025-03-09
HCM01,Nhà Bè,38.0,29.27,-0.02,21.06,11.68,7.43,00:00:00,2025-03-09
HCM01,Nhà Bè,38.0,30.06,0.052,12.36,10.25,7.4,00:30:00,2025-03-09
HCM01,Nhà Bè,38.0,29.61,0.034,22.68,11.7,6.09,01:00:00,2025-03-09
HCM01,Nhà Bè,38.0,29.55,0.016,21.17,12.82,6.84,01:30:00,2025-03-09
HCM01,Nhà Bè,38.0,28.69,0.018,16.89,13.16,6.41,02:00:00,2025-03-09
HCM01,Nhà Bè,38.0,30.29,0.031,22.12,14.93,7.07,02:30:00,2025-03-09
HCM01,Nhà Bè,38.0,28.78,0.047,18.55,12.12,7.65,03:00:00,2025-03-09
HCM01,Nhà Bè,38.0,30.31,0.058,22.83,15.98,7.1,03:30:00,2025-03-09
HCM01,Nhà Bè,38.0,29.79,0.015,21.61,17.44,7.01,04:00:00,2025-03-09
HCM01,Nhà Bè,38.0,29.92,0.022,23.23,14.34,7.89,04:30:00,2025-03-09
HCM01,Nhà Bè,38.0,28.74,0.036,18.53,13.55,7.45,05:00:00,2025-03-09
HCM01,Nhà Bè,38.0,27.05,0.091,19.99,14.07,7.63,05:30:00,2025-03-09
HCM01,Nhà Bè,38.0,28.52,0.044,13.06,13.61,7.18,06:00:00,2025-03-09
HCM01,Nhà Bè,38.0,28.79,0.067,18.48,13.89,6.1,06:30:00,2025-03-09
HCM01,Nhà Bè,38.0,29.33,0.079,20.78,13.38,6.38,07:00:00,2025-03-09
HCM01,Nhà Bè,38.0,31.14,0.022,23.16,12.95,7.62,07:30:00,2025-03-09
HCM01,Nhà Bè,38.0,30.29,0.02,26.59,14.51,7.29,08:00:00,2025-03-09
HCM01,Nhà Bè,38.0,29.5,0.03,16.2,11.73,7.44,08:30:00,2025-03-09
HCM01,Nhà Bè,38.0,30.07,0.001,21.0,14.27,7.26,09:00:00,2025-03-09
HCM01,Nhà Bè,38.0,30.38,0.023,23.67,12.65,7.34,09:30:00,2025-03-09
HCM01,Nhà Bè,38.0,30.01,0.075,17.6,12.75,8.19,10:00:00,2025-03-09
HCM01,Nhà Bè,38.0,28.7,-0.005,20.34,12.18,6.86,10:30:00,2025-03-09
HCM01,Nhà Bè,38.0,29.6,0.044,23.24,12.97,6.91,11:00:00,2025-03-09
HCM01,Nhà Bè,38.0,30.52,0.014,18.33,11.0,6.68,11:30:00,2025-03-09
HCM01,Nhà Bè,38.0,29.58,0.029,17.28,11.46,6.64,12:00:00,2025-03-09
HCM01,Nhà Bè,38.0,30.37,0.008,14.13,10.34,7.05,12:30:00,2025-03-09
HCM01,Nhà Bè,38.0,31.17,-0.037,19.13,11.88,6.46,13:00:00,2025-03-09
HCM01,Nhà Bè,38.0,29.36,0.028,20.32,13.02,6.55,13:30:00,2025-03-09
HCM01,Nhà Bè,38.0,28.38,-0.048,13.36,10.87,7.0,14:00:00,2025-03-09
HCM01,Nhà Bè,38.0,30.51,0.028,13.62,10.1,6.39,14:30:00,2025-03-09
HCM01,Nhà Bè,38.0,29.5,-0.013,15.74,10.25,7.78,15:00:00,2025-03-09
HCM01,Nhà Bè,38.0,29.82,-0.075,23.85,11.06,6.37,15:30:00,2025-03-09
HCM01,Nhà Bè,38.0,31.15,0.012,15.03,11.04,7.62,16:00:00,2025-03-09
HCM01,Nhà Bè,38.0,29.57,-0.086,19.8,10.66,7.48,16:30:00,2025-03-09
HCM01,Nhà Bè,38.0,30.55,-0.074,11.12,10.16,7.65,17:00:00,2025-03-09
HCM01,Nhà Bè,38.0,30.54,-0.089,11.48,9.49,7.57,17:30:00,2025-03-09
HCM01,Nhà Bè,38.0,30.58,-0.046,13.99,7.59,7.42,18:00:00,2025-03-09
HCM01,Nhà Bè,38.0,30.77,-0.042,19.53,10.37,6.64,18:30:00,2025-03-09
HCM01,Nhà Bè,38.0,29.78,-0.015,11.09,9.8,6.72,19:00:00,2025-03-09
HCM01,Nhà Bè,38.0,32.57,-0.02,14.72,10.26,5.93,19:30:00,2025-03-09
HCM01,Nhà Bè,38.0,30.07,-0.028,13.48,8.8,7.48,20:00:00,2025-03-09
HCM01,Nhà Bè,38.0,30.72,-0.005,16.08,10.04,7.76,20:30:00,2025-03-09
HCM01,Nhà Bè,38.0,28.78,-0.013,16.84,9.39,6.52,21:00:00,2025-03-09
HCM01,Nhà Bè,38.0,29.44,-0.034,18.28,9.66,6.4,21:30:00,2025-03-09
HCM01,Nhà Bè,38.0,27.7,-0.061,17.2,9.25,7.36,22:00:00,2025-03-09
HCM01,Nhà Bè,38.0,30.12,-0.02,19.24,10.19,8.09,22:30:00,2025-03-09
HCM01,Nhà Bè,38.0,29.31,0.027,14.08,9.14,7.14,23:00:00,2025-03-09
HCM01,Nhà Bè,38.0,30.91,-0.004,16.45,11.85,6.99,23:30:00,2025-03-09
HCM02,Cát Lái,58.0,32.12,-0.007,10.78,7.05,7.49,00:00:00,2025-03-10
HCM02,Cát Lái,58.0,29.73,0.031,10.09,6.15,6.96,00:30:00,2025-03-10
HCM02,Cát Lái,58.0,28.2,-0.036,12.4,7.29,7.31,01:00:00,2025-03-10
HCM02,Cát Lái,58.0,31.07,0.038,10.67,7.32,7.29,01:30:00,2025-03-10
HCM02,Cát Lái,58.0,30.34,0.077,10.82,7.24,7.89,02:00:00,2025-03-10
HCM02,Cát Lái,58.0,28.98,0.066,16.16,9.11,7.1,02:30:00,2025-03-10
HCM02,Cát Lái,58.0,30.91,0.008,13.14,7.55,7.82,03:00:00,2025-03-10
HCM02,Cát Lái,58.0,29.85,0.048,12.87,8.02,7.62,03:30:00,2025-03-10
HCM02,Cát Lái,58.0,29.62,0.035,17.86,8.57,6.91,04:00:00,2025-03-10
HCM02,Cát Lái,58.0,29.8,0.065,11.07,6.59,7.26,04:30:00,2025-03-10
HCM02,Cát Lái,58.0,29.96,0.037,11.3,7.17,6.18,05:00:00,2025-03-10
HCM02,Cát Lái,58.0,30.85,0.007,14.71,7.8,7.06,05:30:00,2025-03-10
HCM02,Cát Lái,58.0,29.28,0.035,15.49,8.18,7.5,06:00:00,2025-03-10
HCM02,Cát Lái,58.0,29.8,0.022,11.61,8.18,7.95,06:30:00,2025-03-10
HCM02,Cát Lái,58.0,30.38,0.106,11.42,7.15,7.99,07:00:00,2025-03-10
HCM02,Cát Lái,58.0,30.87,0.058,11.9,7.65,7.43,07:30:00,2025-03-10
HCM02,Cát Lái,58.0,28.64,-0.011,11.49,7.05,7.29,08:00:00,2025-03-10
HCM02,Cát Lái,58.0,31.64,0.05,12.52,7.45,6.31,08:30:00,2025-03-10
HCM02,Cát Lái,58.0,28.19,0.023,14.0,7.58,6.86,09:00:00,2025-03-10
HCM02,Cát Lái,58.0,30.5,0.046,10.38,7.22,6.95,09:30:00,2025-03-10
HCM02,Cát Lái,58.0,30.09,0.037,12.75,8.27,6.91,10:00:00,2025-03-10
HCM02,Cát Lái,58.0,30.66,0.045,8.55,7.07,7.06,10:30:00,2025-03-10
HCM02,Cát Lái,58.0,30.79,0.031,7.41,5.22,7.58,11:00:00,2025-03-10
HCM02,Cát Lái,58.0,30.45,0.013,13.26,7.18,7.02,11:30:00,2025-03-10
HCM02,Cát Lái,58.0,28.23,0.017,10.24,5.63,7.31,12:00:00,2025-03-10
HCM02,Cát Lái,58.0,29.93,0.017,11.9,6.54,6.97,12:30:00,2025-03-10
HCM02,Cát Lái,58.0,29.73,-0.007,9.58,6.79,6.65,13:00:00,2025-03-10
HCM02,Cát Lái,58.0,29.65,0.003,10.82,6.83,7.58,13:30:00,2025-03-10
HCM02,Cát Lái,58.0,29.84,-0.026,10.06,6.54,7.57,14:00:00,2025-03-10
HCM02,Cát Lái,58.0,27.39,-0.045,7.47,6.05,7.92,14:30:00,2025-03-10
HCM02,Cát Lái,58.0,29.32,-0.017,9.09,6.93,7.78,15:00:00,2025-03-10
HCM02,Cát Lái,58.0,31.1,-0.021,9.1,6.55,7.33,15:30:00,2025-03-10
HCM02,Cát Lái,58.0,29.7,-0.017,11.98,6.24,7.86,16:00:00,2025-03-10
HCM02,Cát Lái,58.0,29.15,-0.024,10.06,5.79,7.86,16:30:00,2025-03-10
HCM02,Cát Lái,58.0,30.83,-0.029,7.65,6.01,7.95,17:00:00,2025-03-10
HCM02,Cát Lái,58.0,30.2,-0.063,9.31,6.03,6.52,17:30:00,2025-03-10
HCM02,Cát Lái,58.0,30.79,-0.086,9.47,6.15,6.76,18:00:00,2025-03-10
HCM02,Cát Lái,58.0,30.71,-0.06,8.58,6.17,6.81,18:30:00,2025-03-10
HCM02,Cát Lái,58.0,29.97,-0.075,7.25,5.96,6.4,19:00:00,2025-03-10
HCM02,Cát Lái,58.0,30.38,-0.049,9.33,5.9,6.52,19:30:00,2025-03-10
HCM02,Cát Lái,58.0,29.85,-0.046,12.14,6.56,6.85,20:00:00,2025-03-10
HCM02,Cát Lái,58.0,28.84,0.021,9.38,6.02,6.85,20:30:00,2025-03-10
HCM02,Cát Lái,58.0,30.34,-0.1,8.71,5.7,7.41,21:00:00,2025-03-10
HCM02,Cát Lái,58.0,28.67,-0.036,9.01,6.15,7.08,21:30:00,2025-03-10
HCM02,Cát Lái,58.0,29.43,0.008,12.03,6.29,7.21,22:00:00,2025-03-10
HCM02,Cát Lái,58.0,29.33,-0.017,10.67,7.02,7.31,22:30:00,2025-03-10
HCM02,Cát Lái,58.0,30.91,-0.05,9.18,6.51,7.73,23:00:00,2025-03-10
HCM02,Cát Lái,58.0,29.5,0.0,5.42,7.11,7.67,23:30:00,2025-03-10
HCM04,Long Đại,80.0,30.2,-0.021,2.52,1.68,8.09,00:00:00,2025-03-10
HCM04,Long Đại,80.0,28.51,0.056,1.63,1.32,7.92,00:30:00,2025-03-10
HCM04,Long Đại,80.0,29.54,0.041,3.01,1.69,7.8,01:00:00,2025-03-10
HCM04,Long Đại,80.0,30.07,0.011,2.17,1.53,7.97,01:30:00,2025-03-10
HCM04,Long Đại,80.0,30.28,0.022,2.76,1.75,7.62,02:00:00,2025-03-10
HCM04,Long Đại,80.0,29.12,-0.005,2.47,1.42,6.86,02:30:00,2025-03-10
HCM04,Long Đại,80.0,29.03,0.063,1.25,0.74,7.51,03:00:00,2025-03-10
HCM04,Long Đại,80.0,30.54,0.092,2.72,1.82,7.29,03:30:00,2025-03-10
HCM04,Long Đại,80.0,30.22,0.042,3.02,1.55,7.43,04:00:00,2025-03-10
HCM04,Long Đại,80.0,30.31,-0.003,2.71,1.68,7.27,04:30:00,2025-03-10
HCM04,Long Đại,80.0,30.68,0.039,1.97,1.76,7.67,05:00:00,2025-03-10
HCM04,Long Đại,80.0,29.36,0.078,2.28,1.54,7.48,05:30:00,2025-03-10
HCM04,Long Đại,80.0,28.85,0.03,2.82,1.85,6.6,06:00:00,2025-03-10
HCM04,Long Đại,80.0,31.07,0.044,2.99,2.13,7.25,06:30:00,2025-03-10
HCM04,Long Đại,80.0,30.22,0.035,3.5,2.12,7.51,07:00:00,2025-03-10
HCM04,Long Đại,80.0,30.31,0.048,2.93,1.78,7.91,07:30:00,2025-03-10
HCM04,Long Đại,80.0,29.71,0.083,2.55,1.73,7.25,08:00:00,2025-03-10
HCM04,Long Đại,80.0,29.42,0.016,2.08,1.64,7.46,08:30:00,2025-03-10
HCM04,Long Đại,80.0,29.69,0.058,1.88,1.5,6.69,09:00:00,2025-03-10
HCM04,Long Đại,80.0,30.63,-0.003,2.43,2.29,7.12,09:30:00,2025-03-10
HCM04,Long Đại,80.0,31.31,0.027,3.59,2.27,7.55,10:00:00,2025-03-10
HCM04,Long Đại,80.0,30.26,0.012,2.82,1.85,7.66,10:30:00,2025-03-10
HCM04,Long Đại,80.0,30.34,0.012,2.3,1.62,7.11,11:00:00,2025-03-10
HCM04,Long Đại,80.0,30.11,0.02,3.3,1.66,7.55,11:30:00,2025-03-10
HCM04,Long Đại,80.0,30.11,-0.026,2.54,1.5,6.9,12:00:00,2025-03-10
HCM04,Long Đại,80.0,29.86,0.03,2.72,1.48,7.61,12:30:00,2025-03-10
HCM04,Long Đại,80.0,30.4,-0.044,3.08,1.83,7.13,13:00:00,2025-03-10
HCM04,Long Đại,80.0,30.21,-0.042,1.94,1.22,7.29,13:30:00,2025-03-10
HCM04,Long Đại,80.0,29.05,-0.001,2.37,1.27,6.83,14:00:00,2025-03-10
HCM04,Long Đại,80.0,30.45,-0.093,3.01,1.49,6.98,14:30:00,2025-03-10
HCM04,Long Đại,80.0,30.36,-0.024,2.83,1.76,8.08,15:00:00,2025-03-10
HCM04,Long Đại,80.0,29.05,-0.006,2.32,1.5,7.2,15:30:00,2025-03-10
HCM04,Long Đại,80.0,29.6,-0.057,0.97,0.72,7.35,16:00:00,2025-03-10
HCM04,Long Đại,80.0,29.5,-0.042,1.99,1.35,8.27,16:30:00,2025-03-10
HCM04,Long Đại,80.0,30.26,-0.068,2.46,1.25,7.29,17:00:00,2025-03-10
HCM04,Long Đại,80.0,31.24,-0.068,2.24,1.35,7.6,17:30:00,2025-03-10
HCM04,Long Đại,80.0,31.29,-0.056,2.66,1.62,7.61,18:00:00,2025-03-10
HCM04,Long Đại,80.0,29.62,-0.041,2.55,1.52,7.57,18:30:00,2025-03-10
HCM04,Long Đại,80.0,30.22,-0.022,2.18,1.21,7.83,19:00:00,2025-03-10
HCM04,Long Đại,80.0,29.91,-0.002,1.89,1.11,7.3,19:30:00,2025-03-10
HCM04,Long Đại,80.0,29.86,0.009,1.52,1.17,7.02,20:00:00,2025-03-10
HCM04,Long Đại,80.0,29.26,-0.025,1.77,0.92,7.3,20:30:00,2025-03-10
HCM04,Long Đại,80.0,28.16,-0.075,1.29,0.91,8.09,21:00:00,2025-03-10
HCM04,Long Đại,80.0,30.08,-0.026,2.07,1.5,7.68,21:30:00,2025-03-10
HCM04,Long Đại,80.0,29.32,-0.067,2.25,1.45,6.59,22:00:00,2025-03-10
HCM04,Long Đại,80.0,29.8,-0.011,2.35,1.48,7.49,22:30:00,2025-03-10
HCM04,Long Đại,80.0,30.44,0.074,2.28,1.34,7.32,23:00:00,2025-03-10
HCM04,Long Đại,80.0,29.87,-0.055,1.75,1.33,7.46,23:30:00,2025-03-10
HCM03,Lý Nhơn,7.0,30.09,0.007,37.79,20.81,6.93,00:00:00,2025-03-10
HCM03,Lý Nhơn,7.0,28.97,-0.008,41.94,24.2,7.03,00:30:00,2025-03-10
HCM03,Lý Nhơn,7.0,30.05,0.061,43.13,26.78,7.12,01:00:00,2025-03-10
HCM03,Lý Nhơn,7.0,29.76,-0.008,56.91,28.42,5.91,01:30:00,2025-03-10
HCM03,Lý Nhơn,7.0,30.25,0.006,52.19,27.29,6.54,02:00:00,2025-03-10
HCM03,Lý Nhơn,7.0,28.41,-0.006,37.73,24.07,6.8,02:30:00,2025-03-10
HCM03,Lý Nhơn,7.0,30.55,0.054,23.53,20.92,6.2,03:00:00,2025-03-10
HCM03,Lý Nhơn,7.0,31.87,0.028,46.89,28.89,7.38,03:30:00,2025-03-10
HCM03,Lý Nhơn,7.0,30.11,0.06,49.61,30.1,6.8,04:00:00,2025-03-10
HCM03,Lý Nhơn,7.0,28.71,-0.005,30.96,25.82,6.81,04:30:00,2025-03-10
HCM03,Lý Nhơn,7.0,29.98,0.072,43.33,28.24,6.81,05:00:00,2025-03-10
HCM03,Lý Nhơn,7.0,29.71,-0.016,38.52,28.2,5.8,05:30:00,2025-03-10
HCM03,Lý Nhơn,7.0,31.17,0.075,30.53,21.68,6.37,06:00:00,2025-03-10
HCM03,Lý Nhơn,7.0,30.22,0.071,47.24,25.17,6.1,06:30:00,2025-03-10
HCM03,Lý Nhơn,7.0,30.03,-0.033,31.43,25.51,6.57,07:00:00,2025-03-10
HCM03,Lý Nhơn,7.0,29.45,0.106,44.6,23.34,5.67,07:30:00,2025-03-10
HCM03,Lý Nhơn,7.0,30.21,0.062,39.73,29.98,6.48,08:00:00,2025-03-10
HCM03,Lý Nhơn,7.0,29.46,0.06,32.86,24.75,6.79,08:30:00,2025-03-10
HCM03,Lý Nhơn,7.0,30.5,0.012,44.53,28.64,5.51,09:00:00,2025-03-10
HCM03,Lý Nhơn,7.0,30.87,0.044,37.29,25.78,5.76,09:30:00,2025-03-10
HCM03,Lý Nhơn,7.0,29.66,0.033,35.35,23.35,7.15,10:00:00,2025-03-10
HCM03,Lý Nhơn,7.0,30.21,0.075,50.13,23.98,6.47,10:30:00,2025-03-10
HCM03,Lý Nhơn,7.0,29.73,-0.005,42.32,26.49,5.66,11:00:00,2025-03-10
HCM03,Lý Nhơn,7.0,30.56,-0.044,44.36,26.05,6.23,11:30:00,2025-03-10
HCM03,Lý Nhơn,7.0,30.32,-0.035,31.93,22.39,7.11,12:00:00,2025-03-10
HCM03,Lý Nhơn,7.0,31.04,-0.026,36.44,19.22,6.84,12:30:00,2025-03-10
HCM03,Lý Nhơn,7.0,28.8,-0.068,35.0,27.49,5.48,13:00:00,2025-03-10
HCM03,Lý Nhơn,7.0,30.27,-0.021,37.56,19.58,6.88,13:30:00,2025-03-10
HCM03,Lý Nhơn,7.0,29.95,-0.014,31.32,20.1,6.48,14:00:00,2025-03-10
HCM03,Lý Nhơn,7.0,31.28,0.003,33.62,19.85,6.37,14:30:00,2025-03-10
HCM03,Lý Nhơn,7.0,29.78,0.009,39.91,21.35,7.56,15:00:00,2025-03-10
HCM03,Lý Nhơn,7.0,29.62,-0.011,28.96,22.44,6.85,15:30:00,2025-03-10
HCM03,Lý Nhơn,7.0,30.67,-0.049,27.49,19.91,6.72,16:00:00,2025-03-10
HCM03,Lý Nhơn,7.0,30.93,-0.058,26.69,18.14,6.78,16:30:00,2025-03-10
HCM03,Lý Nhơn,7.0,29.71,-0.037,35.15,19.69,6.68,17:00:00,2025-03-10
HCM03,Lý Nhơn,7.0,29.21,-0.08,42.45,20.71,6.79,17:30:00,2025-03-10
HCM03,Lý Nhơn,7.0,28.73,-0.046,32.26,21.32,6.67,18:00:00,2025-03-10
HCM03,Lý Nhơn,7.0,31.54,-0.064,26.67,17.81,6.19,18:30:00,2025-03-10
HCM03,Lý Nhơn,7.0,29.68,-0.053,24.46,17.73,6.22,19:00:00,2025-03-10
HCM03,Lý Nhơn,7.0,29.93,-0.062,37.59,19.57,7.0,19:30:00,2025-03-10
HCM03,Lý Nhơn,7.0,29.46,0.006,37.54,23.89,6.89,20:00:00,2025-03-10
HCM03,Lý Nhơn,7.0,31.26,-0.05,25.85,20.36,6.42,20:30:00,2025-03-10
HCM03,Lý Nhơn,7.0,30.55,-0.042,25.36,19.43,7.29,21:00:00,2025-03-10
HCM03,Lý Nhơn,7.0,31.06,-0.031,40.84,20.73,7.38,21:30:00,2025-03-10
HCM03,Lý Nhơn,7.0,29.35,-0.027,30.06,22.9,5.78,22:00:00,2025-03-10
HCM03,Lý Nhơn,7.0,30.44,-0.02,26.5,20.63,7.04,22:30:00,2025-03-10
HCM03,Lý Nhơn,7.0,30.19,-0.017,40.46,22.93,7.38,23:00:00,2025-03-10
HCM03,Lý Nhơn,7.0,31.05,0.027,38.0,21.72,6.97,23:30:00,2025-03-10
HCM01,Nhà Bè,38.0,31.56,0.019,27.11,13.34,6.58,00:00:00,2025-03-10
HCM01,Nhà Bè,38.0,28.27,-0.005,24.37,13.04,7.44,00:30:00,2025-03-10
HCM01,Nhà Bè,38.0,29.16,-0.001,15.57,13.04,7.11,01:00:00,2025-03-10
HCM01,Nhà Bè,38.0,30.62,0.029,24.09,11.42,7.23,01:30:00,2025-03-10
HCM01,Nhà Bè,38.0,30.42,0.05,23.27,10.98,6.99,02:00:00,2025-03-10
HCM01,Nhà Bè,38.0,29.59,-0.002,18.02,12.87,6.89,02:30:00,2025-03-10
HCM01,Nhà Bè,38.0,28.67,-0.01,24.17,14.22,6.94,03:00:00,2025-03-10
HCM01,Nhà Bè,38.0,29.74,0.041,23.69,13.88,7.3,03:30:00,2025-03-10
HCM01,Nhà Bè,38.0,29.8,0.029,18.41,13.31,7.33,04:00:00,2025-03-10
HCM01,Nhà Bè,38.0,30.1,0.052,24.82,12.39,7.6,04:30:00,2025-03-10
HCM01,Nhà Bè,38.0,30.24,0.036,17.55,12.0,7.56,05:00:00,2025-03-10
HCM01,Nhà Bè,38.0,30.52,0.038,20.74,13.67,7.25,05:30:00,2025-03-10
HCM01,Nhà Bè,38.0,30.06,0.042,20.2,14.79,7.57,06:00:00,2025-03-10
HCM01,Nhà Bè,38.0,28.8,0.069,20.94,10.59,6.96,06:30:00,2025-03-10
HCM01,Nhà Bè,38.0,31.85,0.05,23.51,14.15,7.58,07:00:00,2025-03-10
HCM01,Nhà Bè,38.0,30.39,0.08,18.13,13.33,6.72,07:30:00,2025-03-10
HCM01,Nhà Bè,38.0,29.79,-0.017,13.34,13.35,7.1,08:00:00,2025-03-10
HCM01,Nhà Bè,38.0,31.13,0.049,25.12,12.85,7.16,08:30:00,2025-03-10
HCM01,Nhà Bè,38.0,30.93,0.103,23.36,14.13,7.08,09:00:00,2025-03-10
HCM01,Nhà Bè,38.0,30.51,0.038,16.74,12.55,7.06,09:30:00,2025-03-10
HCM01,Nhà Bè,38.0,29.6,0.016,20.79,13.15,7.57,10:00:00,2025-03-10
HCM01,Nhà Bè,38.0,30.51,0.053,15.15,12.04,7.35,10:30:00,2025-03-10
HCM01,Nhà Bè,38.0,31.71,0.041,23.53,13.08,7.25,11:00:00,2025-03-10
HCM01,Nhà Bè,38.0,31.38,-0.007,14.96,11.22,7.4,11:30:00,2025-03-10
HCM01,Nhà Bè,38.0,29.37,0.015,18.54,13.12,7.93,12:00:00,2025-03-10
HCM01,Nhà Bè,38.0,31.39,0.018,21.72,12.91,7.48,12:30:00,2025-03-10
HCM01,Nhà Bè,38.0,32.04,-0.004,15.68,8.53,6.93,13:00:00,2025-03-10
HCM01,Nhà Bè,38.0,29.99,0.031,21.39,12.95,7.85,13:30:00,2025-03-10
HCM01,Nhà Bè,38.0,28.58,-0.025,11.96,8.8,7.55,14:00:00,2025-03-10
HCM01,Nhà Bè,38.0,29.4,-0.031,16.86,10.06,7.21,14:30:00,2025-03-10
HCM01,Nhà Bè,38.0,28.83,-0.02,15.36,9.39,7.6,15:00:00,2025-03-10
HCM01,Nhà Bè,38.0,29.51,-0.051,20.42,11.37,7.78,15:30:00,2025-03-10
HCM01,Nhà Bè,38.0,28.48,-0.045,15.44,9.43,6.87,16:00:00,2025-03-10
HCM01,Nhà Bè,38.0,29.18,-0.063,15.58,9.75,7.15,16:30:00,2025-03-10
HCM01,Nhà Bè,38.0,30.1,-0.076,15.97,9.24,7.13,17:00:00,2025-03-10
HCM01,Nhà Bè,38.0,29.96,-0.041,15.48,8.87,6.34,17:30:00,2025-03-10
HCM01,Nhà Bè,38.0,30.32,-0.017,22.38,11.45,6.44,18:00:00,2025-03-10
HCM01,Nhà Bè,38.0,30.02,-0.08,13.63,9.23,6.86,18:30:00,2025-03-10
HCM01,Nhà Bè,38.0,29.7,-0.038,15.46,8.89,6.76,19:00:00,2025-03-10
HCM01,Nhà Bè,38.0,30.48,-0.038,20.75,10.16,6.5,19:30:00,2025-03-10
HCM01,Nhà Bè,38.0,29.85,0.019,16.37,10.18,6.89,20:00:00,2025-03-10
HCM01,Nhà Bè,38.0,29.54,-0.019,20.92,10.88,6.64,20:30:00,2025-03-10
HCM01,Nhà Bè,38.0,30.23,-0.079,15.77,10.17,7.43,21:00:00,2025-03-10
HCM01,Nhà Bè,38.0,29.87,-0.04,17.86,11.82,6.82,21:30:00,2025-03-10
HCM01,Nhà Bè,38.0,31.33,-0.019,12.21,9.02,7.36,22:00:00,2025-03-10
HCM01,Nhà Bè,38.0,30.03,-0.03,13.69,9.91,7.55,22:30:00,2025-03-10
HCM01,Nhà Bè,38.0,28.69,-0.017,21.05,11.63,7.18,23:00:00,2025-03-10
HCM01,Nhà Bè,38.0,29.21,-0.055,23.6,12.41,5.92,23:30:00,2025-03-10
HCM02,Cát Lái,58.0,28.07,-0.005,5.14,3.61,8.28,00:00:00,2026-01-11
HCM02,Cát Lái,58.0,28.28,0.032,4.56,3.39,8.05,00:30:00,2026-01-11
HCM02,Cát Lái,58.0,28.81,0.03,4.11,2.83,7.81,01:00:00,2026-01-11
HCM02,Cát Lái,58.0,28.8,0.056,6.65,4.08,6.98,01:30:00,2026-01-11
HCM02,Cát Lái,58.0,28.76,0.004,3.28,3.38,8.39,02:00:00,2026-01-11
HCM02,Cát Lái,58.0,27.35,0.013,5.84,3.55,7.04,02:30:00,2026-01-11
HCM02,Cát Lái,58.0,28.5,0.063,5.27,3.84,7.17,03:00:00,2026-01-11
HCM02,Cát Lái,58.0,28.97,0.053,5.24,3.79,6.54,03:30:00,2026-01-11
HCM02,Cát Lái,58.0,29.38,0.05,5.56,3.85,7.42,04:00:00,2026-01-11
HCM02,Cát Lái,58.0,29.14,0.059,6.14,3.8,7.1,04:30:00,2026-01-11
HCM02,Cát Lái,58.0,30.36,0.053,6.69,3.79,7.77,05:00:00,2026-01-11
HCM02,Cát Lái,58.0,28.46,0.07,5.97,3.26,6.79,05:30:00,2026-01-11
HCM02,Cát Lái,58.0,29.23,0.043,4.8,4.68,7.92,06:00:00,2026-01-11
HCM02,Cát Lái,58.0,27.66,-0.032,6.52,3.37,7.49,06:30:00,2026-01-11
HCM02,Cát Lái,58.0,28.19,0.09,5.3,3.35,7.97,07:00:00,2026-01-11
HCM02,Cát Lái,58.0,30.24,0.045,6.88,4.22,8.25,07:30:00,2026-01-11
HCM02,Cát Lái,58.0,27.47,0.008,3.52,3.41,7.33,08:00:00,2026-01-11
HCM02,Cát Lái,58.0,28.11,0.037,4.91,3.85,7.9,08:30:00,2026-01-11
HCM02,Cát Lái,58.0,27.78,0.001,5.45,3.52,7.66,09:00:00,2026-01-11
HCM02,Cát Lái,58.0,28.98,0.006,5.53,3.6,8.73,09:30:00,2026-01-11
HCM02,Cát Lái,58.0,27.67,0.033,5.56,3.05,8.05,10:00:00,2026-01-11
HCM02,Cát Lái,58.0,28.99,-0.03,6.98,4.04,7.27,10:30:00,2026-01-11
HCM02,Cát Lái,58.0,29.58,0.032,5.68,2.72,7.42,11:00:00,2026-01-11
HCM02,Cát Lái,58.0,28.27,0.009,4.85,3.24,7.64,11:30:00,2026-01-11
HCM02,Cát Lái,58.0,28.59,-0.002,5.78,3.68,6.55,12:00:00,2026-01-11
HCM02,Cát Lái,58.0,30.16,0.036,3.62,2.85,6.63,12:30:00,2026-01-11
HCM02,Cát Lái,58.0,28.09,-0.01,4.96,2.98,7.63,13:00:00,2026-01-11
HCM02,Cát Lái,58.0,28.06,-0.065,5.12,3.67,6.95,13:30:00,2026-01-11
HCM02,Cát Lái,58.0,28.22,0.011,4.73,3.07,7.49,14:00:00,2026-01-11
HCM02,Cát Lái,58.0,28.26,0.006,4.73,2.74,5.84,14:30:00,2026-01-11
HCM02,Cát Lái,58.0,29.65,-0.048,3.9,3.0,7.14,15:00:00,2026-01-11
HCM02,Cát Lái,58.0,27.92,-0.036,3.74,2.9,7.83,15:30:00,2026-01-11
HCM02,Cát Lái,58.0,27.43,-0.038,5.13,2.9,7.39,16:00:00,2026-01-11
HCM02,Cát Lái,58.0,29.24,-0.085,4.67,2.99,7.02,16:30:00,2026-01-11
HCM02,Cát Lái,58.0,29.98,-0.065,3.35,2.88,8.27,17:00:00,2026-01-11
HCM02,Cát Lái,58.0,28.61,-0.013,4.38,3.02,7.38,17:30:00,2026-01-11
HCM02,Cát Lái,58.0,29.79,-0.073,3.39,2.32,7.86,18:00:00,2026-01-11
HCM02,Cát Lái,58.0,29.76,-0.062,4.3,3.33,7.86,18:30:00,2026-01-11
HCM02,Cát Lái,58.0,27.97,-0.053,5.47,3.29,7.39,19:00:00,2026-01-11
HCM02,Cát Lái,58.0,28.35,-0.105,4.76,2.69,7.61,19:30:00,2026-01-11
HCM02,Cát Lái,58.0,27.58,-0.015,4.82,2.6,7.93,20:00:00,2026-01-11
HCM02,Cát Lái,58.0,27.79,-0.017,5.21,3.21,7.99,20:30:00,2026-01-11
HCM02,Cát Lái,58.0,28.31,-0.068,5.47,3.22,7.66,21:00:00,2026-01-11
HCM02,Cát Lái,58.0,29.92,-0.089,4.01,2.92,8.01,21:30:00,2026-01-11
HCM02,Cát Lái,58.0,28.66,-0.083,5.42,2.74,7.5,22:00:00,2026-01-11
HCM02,Cát Lái,58.0,29.79,-0.022,5.04,2.66,7.5,22:30:00,2026-01-11
HCM02,Cát Lái,58.0,29.34,-0.04,3.81,3.3,6.82,23:00:00,2026-01-11
HCM02,Cát Lái,58.0,27.88,-0.014,5.16,3.18,7.97,23:30:00,2026-01-11
HCM04,Long Đại,80.0,28.35,0.027,0.56,0.33,6.97,00:00:00,2026-01-11
HCM04,Long Đại,80.0,27.23,-0.004,0.11,0.0,8.62,00:30:00,2026-01-11
HCM04,Long Đại,80.0,28.72,0.031,0.1,0.0,7.8,01:00:00,2026-01-11
HCM04,Long Đại,80.0,28.9,0.02,0.12,0.14,8.28,01:30:00,2026-01-11
HCM04,Long Đại,80.0,28.52,-0.009,0.32,0.09,7.7,02:00:00,2026-01-11
HCM04,Long Đại,80.0,28.45,0.005,0.21,0.16,7.5,02:30:00,2026-01-11
HCM04,Long Đại,80.0,26.88,0.056,0.0,0.0,6.99,03:00:00,2026-01-11
HCM04,Long Đại,80.0,28.47,0.036,0.02,0.0,7.7,03:30:00,2026-01-11
HCM04,Long Đại,80.0,28.42,0.016,0.0,0.0,7.4,04:00:00,2026-01-11
HCM04,Long Đại,80.0,28.66,-0.019,0.0,0.23,8.4,04:30:00,2026-01-11
HCM04,Long Đại,80.0,29.25,0.058,0.15,0.0,7.73,05:00:00,2026-01-11
HCM04,Long Đại,80.0,28.21,0.012,0.1,0.08,8.11,05:30:00,2026-01-11
HCM04,Long Đại,80.0,29.05,0.186,0.69,0.15,7.28,06:00:00,2026-01-11
HCM04,Long Đại,80.0,28.59,0.096,0.48,0.26,6.92,06:30:00,2026-01-11
HCM04,Long Đại,80.0,28.77,0.022,0.01,0.15,7.52,07:00:00,2026-01-11
HCM04,Long Đại,80.0,28.65,0.099,0.23,0.06,8.24,07:30:00,2026-01-11
HCM04,Long Đại,80.0,28.01,0.027,1.24,0.66,7.75,08:00:00,2026-01-11
HCM04,Long Đại,80.0,28.06,0.062,0.4,0.38,7.94,08:30:00,2026-01-11
HCM04,Long Đại,80.0,27.07,0.039,0.0,0.0,7.76,09:00:00,2026-01-11
HCM04,Long Đại,80.0,29.23,0.06,0.51,0.4,7.17,09:30:00,2026-01-11
HCM04,Long Đại,80.0,28.94,0.018,1.35,0.77,6.89,10:00:00,2026-01-11
HCM04,Long Đại,80.0,28.98,0.052,0.2,0.0,7.36,10:30:00,2026-01-11
HCM04,Long Đại,80.0,28.65,0.009,0.44,0.12,7.55,11:00:00,2026-01-11
HCM04,Long Đại,80.0,28.86,0.044,0.05,0.0,8.13,11:30:00,2026-01-11
HCM04,Long Đại,80.0,28.49,-0.035,0.0,0.0,7.58,12:00:00,2026-01-11
HCM04,Long Đại,80.0,29.88,-0.022,0.11,0.01,7.47,12:30:00,2026-01-11
HCM04,Long Đại,80.0,29.25,-0.048,0.0,0.0,7.57,13:00:00,2026-01-11
HCM04,Long Đại,80.0,28.98,-0.01,0.0,0.0,7.18,13:30:00,2026-01-11
HCM04,Long Đại,80.0,27.4,-0.07,0.02,0.0,7.74,14:00:00,2026-01-11
HCM04,Long Đại,80.0,27.64,-0.015,1.62,0.74,7.6,14:30:00,2026-01-11
HCM04,Long Đại,80.0,28.49,-0.025,0.54,0.22,7.62,15:00:00,2026-01-11
HCM04,Long Đại,80.0,29.23,-0.051,0.0,0.0,8.53,15:30:00,2026-01-11
HCM04,Long Đại,80.0,29.14,-0.081,0.0,0.06,8.21,16:00:00,2026-01-11
HCM04,Long Đại,80.0,29.87,-0.018,0.0,0.0,7.56,16:30:00,2026-01-11
HCM04,Long Đại,80.0,27.55,-0.047,0.74,0.35,7.76,17:00:00,2026-01-11
HCM04,Long Đại,80.0,27.98,-0.017,0.04,0.1,7.09,17:30:00,2026-01-11
HCM04,Long Đại,80.0,29.84,-0.068,0.15,0.21,7.75,18:00:00,2026-01-11
HCM04,Long Đại,80.0,27.23,-0.059,0.0,0.0,7.87,18:30:00,2026-01-11
HCM04,Long Đại,80.0,28.21,-0.027,0.07,0.0,7.08,19:00:00,2026-01-11
HCM04,Long Đại,80.0,27.96,-0.055,0.0,0.0,7.95,19:30:00,2026-01-11
HCM04,Long Đại,80.0,28.99,-0.086,0.0,0.0,8.19,20:00:00,2026-01-11
HCM04,Long Đại,80.0,28.44,-0.056,0.2,0.21,7.59,20:30:00,2026-01-11
HCM04,Long Đại,80.0,28.8,-0.031,0.06,0.0,7.79,21:00:00,2026-01-11
HCM04,Long Đại,80.0,28.91,-0.017,0.28,0.39,6.91,21:30:00,2026-01-11
HCM04,Long Đại,80.0,29.05,-0.085,0.58,0.39,7.27,22:00:00,2026-01-11
HCM04,Long Đại,80.0,28.76,-0.028,0.19,0.0,7.79,22:30:00,2026-01-11
HCM04,Long Đại,80.0,28.95,-0.017,0.05,0.15,7.05,23:00:00,2026-01-11
HCM04,Long Đại,80.0,29.64,-0.046,0.84,0.53,7.22,23:30:00,2026-01-11
HCM03,Lý Nhơn,7.0,27.66,-0.02,18.01,9.66,7.35,00:00:00,2026-01-11
HCM03,Lý Nhơn,7.0,28.96,0.054,17.7,11.41,6.83,00:30:00,2026-01-11
HCM03,Lý Nhơn,7.0,27.87,0.046,18.18,13.03,7.52,01:00:00,2026-01-11
HCM03,Lý Nhơn,7.0,30.19,0.006,18.47,10.83,7.63,01:30:00,2026-01-11
HCM03,Lý Nhơn,7.0,29.77,-0.033,11.37,11.27,6.65,02:00:00,2026-01-11
HCM03,Lý Nhơn,7.0,28.31,0.057,16.16,11.78,7.16,02:30:00,2026-01-11
HCM03,Lý Nhơn,7.0,26.8,-0.019,18.93,11.79,7.81,03:00:00,2026-01-11
HCM03,Lý Nhơn,7.0,28.69,0.001,17.14,10.96,7.13,03:30:00,2026-01-11
HCM03,Lý Nhơn,7.0,28.61,0.022,28.64,14.43,7.41,04:00:00,2026-01-11
HCM03,Lý Nhơn,7.0,29.55,0.052,16.9,12.88,6.5,04:30:00,2026-01-11
HCM03,Lý Nhơn,7.0,28.61,0.038,21.45,14.33,7.34,05:00:00,2026-01-11
HCM03,Lý Nhơn,7.0,28.89,0.033,17.19,10.55,7.2,05:30:00,2026-01-11
HCM03,Lý Nhơn,7.0,26.38,0.001,20.76,14.49,7.27,06:00:00,2026-01-11
HCM03,Lý Nhơn,7.0,28.18,0.069,21.78,14.14,6.94,06:30:00,2026-01-11
HCM03,Lý Nhơn,7.0,28.5,0.118,20.08,11.32,6.58,07:00:00,2026-01-11
HCM03,Lý Nhơn,7.0,28.96,0.064,24.9,11.97,6.21,07:30:00,2026-01-11
HCM03,Lý Nhơn,7.0,27.39,0.056,25.87,13.52,6.97,08:00:00,2026-01-11
HCM03,Lý Nhơn,7.0,27.07,0.069,17.01,11.13,6.85,08:30:00,2026-01-11
HCM03,Lý Nhơn,7.0,28.93,0.012,22.07,11.98,7.4,09:00:00,2026-01-11
HCM03,Lý Nhơn,7.0,28.01,-0.009,20.18,10.9,6.43,09:30:00,2026-01-11
HCM03,Lý Nhơn,7.0,29.27,-0.01,21.17,11.34,7.21,10:00:00,2026-01-11
HCM03,Lý Nhơn,7.0,28.41,0.041,23.91,12.36,6.32,10:30:00,2026-01-11
HCM03,Lý Nhơn,7.0,28.91,-0.018,23.38,15.15,6.26,11:00:00,2026-01-11
HCM03,Lý Nhơn,7.0,29.56,-0.002,17.13,10.57,6.81,11:30:00,2026-01-11
HCM03,Lý Nhơn,7.0,28.19,0.047,22.71,10.7,8.02,12:00:00,2026-01-11
HCM03,Lý Nhơn,7.0,26.72,-0.014,16.77,12.42,6.92,12:30:00,2026-01-11
HCM03,Lý Nhơn,7.0,28.76,-0.014,13.34,10.09,7.19,13:00:00,2026-01-11
HCM03,Lý Nhơn,7.0,28.55,-0.016,20.56,10.87,6.43,13:30:00,2026-01-11
HCM03,Lý Nhơn,7.0,28.84,0.002,15.06,9.44,7.06,14:00:00,2026-01-11
HCM03,Lý Nhơn,7.0,28.56,-0.044,15.22,9.92,6.38,14:30:00,2026-01-11
HCM03,Lý Nhơn,7.0,29.1,-0.061,15.99,10.38,6.83,15:00:00,2026-01-11
HCM03,Lý Nhơn,7.0,28.73,-0.04,15.82,9.68,7.24,15:30:00,2026-01-11
HCM03,Lý Nhơn,7.0,28.87,-0.034,14.31,7.86,7.24,16:00:00,2026-01-11
HCM03,Lý Nhơn,7.0,28.97,-0.046,13.84,8.66,6.83,16:30:00,2026-01-11
HCM03,Lý Nhơn,7.0,28.63,-0.037,17.84,10.79,7.6,17:00:00,2026-01-11
HCM03,Lý Nhơn,7.0,29.09,-0.005,17.38,10.23,7.02,17:30:00,2026-01-11
HCM03,Lý Nhơn,7.0,28.03,-0.069,17.88,8.58,6.87,18:00:00,2026-01-11
HCM03,Lý Nhơn,7.0,28.54,0.006,12.86,8.93,6.85,18:30:00,2026-01-11
HCM03,Lý Nhơn,7.0,30.39,-0.032,8.35,9.32,7.1,19:00:00,2026-01-11
HCM03,Lý Nhơn,7.0,27.86,-0.074,20.95,10.46,6.48,19:30:00,2026-01-11
HCM03,Lý Nhơn,7.0,29.49,-0.041,13.59,7.98,7.9,20:00:00,2026-01-11
HCM03,Lý Nhơn,7.0,27.94,-0.092,15.71,10.55,7.94,20:30:00,2026-01-11
HCM03,Lý Nhơn,7.0,27.18,-0.023,16.43,9.93,6.79,21:00:00,2026-01-11
HCM03,Lý Nhơn,7.0,28.7,-0.014,12.69,8.55,7.22,21:30:00,2026-01-11
HCM03,Lý Nhơn,7.0,27.38,-0.082,12.99,8.79,7.54,22:00:00,2026-01-11
HCM03,Lý Nhơn,7.0,28.52,-0.011,16.97,11.05,7.5,22:30:00,2026-01-11
HCM03,Lý Nhơn,7.0,28.89,-0.054,22.43,10.1,7.3,23:00:00,2026-01-11
HCM03,Lý Nhơn,7.0,28.74,-0.035,20.4,13.49,7.47,23:30:00,2026-01-11
HCM01,Nhà Bè,38.0,28.34,71.954,6.56,4.15,7.49,00:00:00,2026-01-11
HCM01,Nhà Bè,38.0,27.87,73.833,9.34,5.01,7.12,00:30:00,2026-01-11
HCM01,Nhà Bè,38.0,28.56,75.66,6.19,3.9,7.66,01:00:00,2026-01-11
HCM01,Nhà Bè,38.0,27.74,77.407,5.71,3.88,6.96,01:30:00,2026-01-11
HCM01,Nhà Bè,38.0,28.63,79.09,6.93,4.33,6.49,02:00:00,2026-01-11
HCM01,Nhà Bè,38.0,28.65,80.709,5.69,4.02,6.47,02:30:00,2026-01-11
HCM01,Nhà Bè,38.0,27.83,82.145,5.51,4.47,5.9,03:00:00,2026-01-11
HCM01,Nhà Bè,38.0,28.67,83.32,10.83,4.95,6.86,03:30:00,2026-01-11
HCM01,Nhà Bè,38.0,29.2,84.327,6.19,4.23,8.26,04:00:00,2026-01-11
HCM01,Nhà Bè,38.0,27.06,85.146,9.63,5.11,7.22,04:30:00,2026-01-11
HCM01,Nhà Bè,38.0,28.5,85.798,8.64,5.77,7.23,05:00:00,2026-01-11
HCM01,Nhà Bè,38.0,27.81,86.238,7.81,5.27,7.34,05:30:00,2026-01-11
HCM01,Nhà Bè,38.0,30.02,86.255,7.98,4.63,7.2,06:00:00,2026-01-11
HCM01,Nhà Bè,38.0,29.48,86.148,5.82,5.56,6.23,06:30:00,2026-01-11
HCM01,Nhà Bè,38.0,29.45,85.805,7.23,4.35,7.23,07:00:00,2026-01-11
HCM01,Nhà Bè,38.0,26.47,85.183,7.75,5.02,7.46,07:30:00,2026-01-11
HCM01,Nhà Bè,38.0,28.09,84.376,8.36,4.96,7.79,08:00:00,2026-01-11
HCM01,Nhà Bè,38.0,28.63,83.331,6.71,4.69,7.58,08:30:00,2026-01-11
HCM01,Nhà Bè,38.0,28.7,82.112,7.48,4.76,6.65,09:00:00,2026-01-11
HCM01,Nhà Bè,38.0,29.49,80.728,8.09,5.37,6.62,09:30:00,2026-01-11
HCM01,Nhà Bè,38.0,25.7,79.122,8.06,4.82,7.29,10:00:00,2026-01-11
HCM01,Nhà Bè,38.0,28.45,77.415,7.34,5.13,7.46,10:30:00,2026-01-11
HCM01,Nhà Bè,38.0,28.16,75.638,7.9,4.69,6.47,11:00:00,2026-01-11
HCM01,Nhà Bè,38.0,26.99,73.819,7.59,4.68,7.01,11:30:00,2026-01-11
HCM01,Nhà Bè,38.0,27.59,71.897,5.76,4.13,7.31,12:00:00,2026-01-11
HCM01,Nhà Bè,38.0,27.21,70.035,5.17,4.36,7.18,12:30:00,2026-01-11
HCM01,Nhà Bè,38.0,27.51,68.183,9.63,5.08,6.57,13:00:00,2026-01-11
HCM01,Nhà Bè,38.0,29.25,66.417,8.68,4.29,7.38,13:30:00,2026-01-11
HCM01,Nhà Bè,38.0,28.33,64.77,6.56,4.26,6.86,14:00:00,2026-01-11
HCM01,Nhà Bè,38.0,28.72,63.15,4.91,4.17,7.46,14:30:00,2026-01-11
HCM01,Nhà Bè,38.0,28.08,61.748,6.96,4.26,6.65,15:00:00,2026-01-11
HCM01,Nhà Bè,38.0,28.45,60.511,5.98,4.42,8.48,15:30:00,2026-01-11
HCM01,Nhà Bè,38.0,28.03,59.485,8.48,4.12,5.39,16:00:00,2026-01-11
HCM01,Nhà Bè,38.0,28.73,58.671,6.4,3.61,8.18,16:30:00,2026-01-11
HCM01,Nhà Bè,38.0,29.05,58.018,6.43,3.54,6.63,17:00:00,2026-01-11
HCM01,Nhà Bè,38.0,28.03,57.655,7.16,3.71,7.68,17:30:00,2026-01-11
HCM01,Nhà Bè,38.0,28.72,57.549,5.77,3.81,7.32,18:00:00,2026-01-11
HCM01,Nhà Bè,38.0,27.82,57.603,6.64,3.72,7.45,18:30:00,2026-01-11
HCM01,Nhà Bè,38.0,28.32,58.022,5.15,4.01,7.21,19:00:00,2026-01-11
HCM01,Nhà Bè,38.0,28.66,58.676,3.77,3.27,7.76,19:30:00,2026-01-11
HCM01,Nhà Bè,38.0,29.16,59.417,7.96,4.26,7.36,20:00:00,2026-01-11
HCM01,Nhà Bè,38.0,28.16,60.517,7.1,3.88,7.14,20:30:00,2026-01-11
HCM01,Nhà Bè,38.0,28.18,61.749,8.39,4.61,6.3,21:00:00,2026-01-11
HCM01,Nhà Bè,38.0,28.15,63.172,6.21,3.93,7.59,21:30:00,2026-01-11
HCM01,Nhà Bè,38.0,28.16,64.728,8.18,4.68,7.0,22:00:00,2026-01-11
HCM01,Nhà Bè,38.0,28.11,66.438,6.13,4.43,7.12,22:30:00,2026-01-11
HCM01,Nhà Bè,38.0,27.8,68.177,7.76,3.9,7.47,23:00:00,2026-01-11
HCM01,Nhà Bè,38.0,30.16,70.027,8.24,4.88,6.89,23:30:00,2026-01-11
HCM02,Cát Lái,58.0,28.81,-0.058,3.63,2.87,7.81,00:00:00,2026-01-12
HCM02,Cát Lái,58.0,28.05,0.06,4.05,3.5,7.69,00:30:00,2026-01-12
HCM02,Cát Lái,58.0,29.64,0.021,6.88,4.43,7.34,01:00:00,2026-01-12
HCM02,Cát Lái,58.0,28.06,-0.029,4.69,3.1,7.21,01:30:00,2026-01-12
HCM02,Cát Lái,58.0,28.54,-0.012,5.73,3.28,7.31,02:00:00,2026-01-12
HCM02,Cát Lái,58.0,29.8,0.052,6.17,3.81,6.93,02:30:00,2026-01-12
HCM02,Cát Lái,58.0,28.98,0.048,4.71,3.04,7.61,03:00:00,2026-01-12
HCM02,Cát Lái,58.0,29.29,0.085,6.07,3.36,7.29,03:30:00,2026-01-12
HCM02,Cát Lái,58.0,28.56,0.024,6.82,4.08,7.47,04:00:00,2026-01-12
HCM02,Cát Lái,58.0,29.46,0.058,6.89,4.15,6.57,04:30:00,2026-01-12
HCM02,Cát Lái,58.0,28.57,0.027,5.4,3.31,6.59,05:00:00,2026-01-12
HCM02,Cát Lái,58.0,29.62,0.048,7.54,4.14,8.4,05:30:00,2026-01-12
HCM02,Cát Lái,58.0,27.93,0.064,5.76,4.03,7.6,06:00:00,2026-01-12
HCM02,Cát Lái,58.0,29.3,0.045,6.18,3.89,7.98,06:30:00,2026-01-12
HCM02,Cát Lái,58.0,28.97,0.016,7.41,3.56,6.84,07:00:00,2026-01-12
HCM02,Cát Lái,58.0,27.25,0.032,8.43,4.29,7.05,07:30:00,2026-01-12
HCM02,Cát Lái,58.0,28.89,0.037,6.0,3.47,7.85,08:00:00,2026-01-12
HCM02,Cát Lái,58.0,28.25,0.046,5.85,3.91,8.28,08:30:00,2026-01-12
HCM02,Cát Lái,58.0,29.24,0.022,4.73,3.85,7.37,09:00:00,2026-01-12
HCM02,Cát Lái,58.0,29.19,0.015,5.93,3.72,7.06,09:30:00,2026-01-12
HCM02,Cát Lái,58.0,26.96,0.134,5.71,3.85,7.27,10:00:00,2026-01-12
HCM02,Cát Lái,58.0,28.58,0.045,7.08,3.61,7.25,10:30:00,2026-01-12
HCM02,Cát Lái,58.0,28.61,-0.039,4.56,3.47,7.16,11:00:00,2026-01-12
HCM02,Cát Lái,58.0,28.34,-0.014,5.73,3.65,7.54,11:30:00,2026-01-12
HCM02,Cát Lái,58.0,28.03,0.018,5.35,2.93,7.82,12:00:00,2026-01-12
HCM02,Cát Lái,58.0,28.94,-0.033,5.07,3.2,7.77,12:30:00,2026-01-12
HCM02,Cát Lái,58.0,29.97,0.02,4.32,2.99,7.04,13:00:00,2026-01-12
HCM02,Cát Lái,58.0,27.74,-0.011,2.97,2.29,7.57,13:30:00,2026-01-12
HCM02,Cát Lái,58.0,28.83,-0.051,3.96,2.7,8.42,14:00:00,2026-01-12
HCM02,Cát Lái,58.0,28.33,-0.023,4.21,2.72,6.68,14:30:00,2026-01-12
HCM02,Cát Lái,58.0,28.49,0.022,4.62,3.09,7.37,15:00:00,2026-01-12
HCM02,Cát Lái,58.0,29.04,-0.077,5.39,2.94,7.82,15:30:00,2026-01-12
HCM02,Cát Lái,58.0,29.85,-0.046,5.07,2.86,7.17,16:00:00,2026-01-12
HCM02,Cát Lái,58.0,27.85,-0.021,5.3,3.07,7.88,16:30:00,2026-01-12
HCM02,Cát Lái,58.0,28.61,-0.076,3.49,2.29,7.51,17:00:00,2026-01-12
HCM02,Cát Lái,58.0,30.02,-0.084,3.97,2.35,6.88,17:30:00,2026-01-12
HCM02,Cát Lái,58.0,27.63,-0.068,4.2,2.85,7.76,18:00:00,2026-01-12
HCM02,Cát Lái,58.0,28.89,0.036,6.08,2.99,7.64,18:30:00,2026-01-12
HCM02,Cát Lái,58.0,27.93,-0.046,6.79,3.21,6.57,19:00:00,2026-01-12
HCM02,Cát Lái,58.0,28.67,-0.03,4.68,2.96,6.57,19:30:00,2026-01-12
HCM02,Cát Lái,58.0,29.26,-0.031,3.53,2.15,6.42,20:00:00,2026-01-12
HCM02,Cát Lái,58.0,28.45,-0.091,5.11,2.97,7.25,20:30:00,2026-01-12
HCM02,Cát Lái,58.0,28.82,-0.012,4.66,3.38,6.97,21:00:00,2026-01-12
HCM02,Cát Lái,58.0,27.54,-0.016,4.04,2.48,8.08,21:30:00,2026-01-12
HCM02,Cát Lái,58.0,27.48,-0.035,3.58,2.48,7.34,22:00:00,2026-01-12
HCM02,Cát Lái,58.0,28.87,0.002,4.7,3.18,8.2,22:30:00,2026-01-12
HCM02,Cát Lái,58.0,30.52,0.022,5.0,3.06,7.4,23:00:00,2026-01-12
HCM02,Cát Lái,58.0,27.92,-0.044,6.18,3.56,7.83,23:30:00,2026-01-12
HCM04,Long Đại,80.0,27.51,0.006,0.0,0.0,7.71,00:00:00,2026-01-12
HCM04,Long Đại,80.0,28.51,-0.002,0.12,0.17,7.55,00:30:00,2026-01-12
HCM04,Long Đại,80.0,28.87,-0.011,0.0,0.0,7.89,01:00:00,2026-01-12
HCM04,Long Đại,80.0,28.42,0.022,0.22,0.16,7.81,01:30:00,2026-01-12
HCM04,Long Đại,80.0,28.22,0.01,0.0,0.0,7.28,02:00:00,2026-01-12
HCM04,Long Đại,80.0,26.76,0.067,0.0,0.0,7.69,02:30:00,2026-01-12
HCM04,Long Đại,80.0,28.68,0.033,0.76,0.31,7.53,03:00:00,2026-01-12
HCM04,Long Đại,80.0,28.75,0.023,0.81,0.49,7.72,03:30:00,2026-01-12
HCM04,Long Đại,80.0,28.23,0.005,0.3,0.2,7.7,04:00:00,2026-01-12
HCM04,Long Đại,80.0,27.72,0.002,0.07,0.05,8.41,04:30:00,2026-01-12
HCM04,Long Đại,80.0,28.33,0.025,0.79,0.47,7.73,05:00:00,2026-01-12
HCM04,Long Đại,80.0,28.26,0.109,0.64,0.31,8.08,05:30:00,2026-01-12
HCM04,Long Đại,80.0,29.42,0.044,0.11,0.18,7.27,06:00:00,2026-01-12
HCM04,Long Đại,80.0,28.74,0.067,0.06,0.0,7.28,06:30:00,2026-01-12
HCM04,Long Đại,80.0,27.41,0.081,0.01,0.0,6.88,07:00:00,2026-01-12
HCM04,Long Đại,80.0,29.09,0.08,0.63,0.3,7.0,07:30:00,2026-01-12
HCM04,Long Đại,80.0,30.46,-0.015,0.19,0.0,7.49,08:00:00,2026-01-12
HCM04,Long Đại,80.0,29.56,0.063,0.23,0.0,7.77,08:30:00,2026-01-12
HCM04,Long Đại,80.0,28.18,0.086,0.42,0.12,6.59,09:00:00,2026-01-12
HCM04,Long Đại,80.0,28.87,0.029,0.0,0.04,7.25,09:30:00,2026-01-12
HCM04,Long Đại,80.0,29.31,0.016,0.87,0.54,7.37,10:00:00,2026-01-12
HCM04,Long Đại,80.0,27.82,0.041,0.0,0.0,8.03,10:30:00,2026-01-12
HCM04,Long Đại,80.0,27.0,0.046,0.62,0.33,6.87,11:00:00,2026-01-12
HCM04,Long Đại,80.0,29.66,0.009,0.0,0.0,7.34,11:30:00,2026-01-12
HCM04,Long Đại,80.0,28.84,-0.049,0.09,0.2,7.14,12:00:00,2026-01-12
HCM04,Long Đại,80.0,28.88,-0.036,0.36,0.26,7.32,12:30:00,2026-01-12
HCM04,Long Đại,80.0,29.56,-0.041,0.11,0.0,7.77,13:00:00,2026-01-12
HCM04,Long Đại,80.0,28.28,0.024,0.41,0.0,7.72,13:30:00,2026-01-12
HCM04,Long Đại,80.0,28.37,-0.029,0.0,0.0,6.28,14:00:00,2026-01-12
HCM04,Long Đại,80.0,27.62,-0.039,0.58,0.27,8.36,14:30:00,2026-01-12
HCM04,Long Đại,80.0,27.72,-0.105,0.0,0.0,6.89,15:00:00,2026-01-12
HCM04,Long Đại,80.0,28.73,-0.051,1.01,0.54,7.36,15:30:00,2026-01-12
HCM04,Long Đại,80.0,28.17,-0.068,0.0,0.0,8.12,16:00:00,2026-01-12
HCM04,Long Đại,80.0,28.2,-0.006,0.01,0.0,7.56,16:30:00,2026-01-12
HCM04,Long Đại,80.0,28.13,-0.106,0.14,0.0,6.99,17:00:00,2026-01-12
HCM04,Long Đại,80.0,28.25,-0.033,0.2,0.0,7.6,17:30:00,2026-01-12
HCM04,Long Đại,80.0,28.63,-0.017,0.15,0.0,7.91,18:00:00,2026-01-12
HCM04,Long Đại,80.0,28.78,-0.033,0.56,0.27,7.34,18:30:00,2026-01-12
HCM04,Long Đại,80.0,28.44,-0.025,0.13,0.0,8.04,19:00:00,2026-01-12
HCM04,Long Đại,80.0,29.59,-0.03,0.73,0.36,7.18,19:30:00,2026-01-12
HCM04,Long Đại,80.0,29.34,-0.036,0.09,0.21,6.82,20:00:00,2026-01-12
HCM04,Long Đại,80.0,29.19,-0.102,0.35,0.29,7.5,20:30:00,2026-01-12
HCM04,Long Đại,80.0,29.61,-0.012,0.83,0.47,7.25,21:00:00,2026-01-12
HCM04,Long Đại,80.0,29.02,-0.079,0.3,0.19,7.63,21:30:00,2026-01-12
HCM04,Long Đại,80.0,29.54,-0.01,0.12,0.11,8.07,22:00:00,2026-01-12
HCM04,Long Đại,80.0,28.93,-0.047,0.79,0.42,7.69,22:30:00,2026-01-12
HCM04,Long Đại,80.0,30.34,0.059,0.28,0.23,6.88,23:00:00,2026-01-12
HCM04,Long Đại,80.0,27.45,-0.032,0.32,0.21,7.57,23:30:00,2026-01-12
HCM03,Lý Nhơn,7.0,29.27,0.019,15.82,11.55,7.17,00:00:00,2026-01-12
HCM03,Lý Nhơn,7.0,28.69,-0.041,17.07,11.75,6.98,00:30:00,2026-01-12
HCM03,Lý Nhơn,7.0,28.49,-0.023,13.11,13.42,7.18,01:00:00,2026-01-12
HCM03,Lý Nhơn,7.0,28.82,0.03,24.67,15.83,5.82,01:30:00,2026-01-12
HCM03,Lý Nhơn,7.0,28.17,0.034,22.34,13.58,7.46,02:00:00,2026-01-12
HCM03,Lý Nhơn,7.0,27.84,0.055,26.06,13.12,7.29,02:30:00,2026-01-12
HCM03,Lý Nhơn,7.0,29.34,0.026,22.75,13.01,7.3,03:00:00,2026-01-12
HCM03,Lý Nhơn,7.0,27.72,0.069,22.28,14.54,8.14,03:30:00,2026-01-12
HCM03,Lý Nhơn,7.0,28.06,0.072,24.78,15.45,7.09,04:00:00,2026-01-12
HCM03,Lý Nhơn,7.0,28.21,-0.001,17.76,11.81,7.14,04:30:00,2026-01-12
HCM03,Lý Nhơn,7.0,27.87,0.015,18.52,10.58,6.84,05:00:00,2026-01-12
HCM03,Lý Nhơn,7.0,27.36,0.061,18.77,12.68,7.28,05:30:00,2026-01-12
HCM03,Lý Nhơn,7.0,29.15,0.005,29.38,15.86,6.83,06:00:00,2026-01-12
HCM03,Lý Nhơn,7.0,30.53,0.036,23.28,12.69,5.72,06:30:00,2026-01-12
HCM03,Lý Nhơn,7.0,28.55,0.081,28.11,15.84,7.42,07:00:00,2026-01-12
HCM03,Lý Nhơn,7.0,27.27,0.029,20.7,15.09,6.52,07:30:00,2026-01-12
HCM03,Lý Nhơn,7.0,28.08,0.038,18.39,14.45,7.13,08:00:00,2026-01-12
HCM03,Lý Nhơn,7.0,28.05,-0.013,16.8,13.35,6.91,08:30:00,2026-01-12
HCM03,Lý Nhơn,7.0,27.62,0.006,16.15,11.31,6.95,09:00:00,2026-01-12
HCM03,Lý Nhơn,7.0,28.98,0.024,21.0,12.3,7.12,09:30:00,2026-01-12
HCM03,Lý Nhơn,7.0,27.36,0.023,17.87,11.74,6.37,10:00:00,2026-01-12
HCM03,Lý Nhơn,7.0,28.14,0.009,19.19,11.07,6.58,10:30:00,2026-01-12
HCM03,Lý Nhơn,7.0,29.18,0.05,19.11,13.73,6.63,11:00:00,2026-01-12
HCM03,Lý Nhơn,7.0,27.41,0.078,21.47,14.48,6.72,11:30:00,2026-01-12
HCM03,Lý Nhơn,7.0,28.38,0.005,15.33,13.29,6.82,12:00:00,2026-01-12
HCM03,Lý Nhơn,7.0,29.91,0.021,20.49,11.86,7.41,12:30:00,2026-01-12
HCM03,Lý Nhơn,7.0,28.96,-0.046,12.94,10.74,6.72,13:00:00,2026-01-12
HCM03,Lý Nhơn,7.0,29.17,0.014,17.68,11.44,6.97,13:30:00,2026-01-12
HCM03,Lý Nhơn,7.0,29.01,-0.047,22.47,13.07,7.51,14:00:00,2026-01-12
HCM03,Lý Nhơn,7.0,29.04,-0.065,16.29,9.79,6.93,14:30:00,2026-01-12
HCM03,Lý Nhơn,7.0,27.85,-0.056,18.52,11.06,7.02,15:00:00,2026-01-12
HCM03,Lý Nhơn,7.0,29.26,-0.023,15.48,10.38,6.79,15:30:00,2026-01-12
HCM03,Lý Nhơn,7.0,28.49,-0.019,13.11,10.11,6.55,16:00:00,2026-01-12
HCM03,Lý Nhơn,7.0,29.05,-0.025,17.8,10.21,7.12,16:30:00,2026-01-12
HCM03,Lý Nhơn,7.0,28.54,-0.034,16.05,9.67,6.83,17:00:00,2026-01-12
HCM03,Lý Nhơn,7.0,29.77,-0.05,13.36,9.24,7.69,17:30:00,2026-01-12
HCM03,Lý Nhơn,7.0,28.97,-0.012,18.98,10.67,7.7,18:00:00,2026-01-12
HCM03,Lý Nhơn,7.0,27.77,0.001,17.54,11.93,7.03,18:30:00,2026-01-12
HCM03,Lý Nhơn,7.0,27.98,-0.051,16.78,11.82,6.73,19:00:00,2026-01-12
HCM03,Lý Nhơn,7.0,29.0,-0.037,22.58,11.26,6.94,19:30:00,2026-01-12
HCM03,Lý Nhơn,7.0,27.71,-0.028,18.85,12.3,6.41,20:00:00,2026-01-12
HCM03,Lý Nhơn,7.0,28.38,-0.02,14.91,11.35,7.72,20:30:00,2026-01-12
HCM03,Lý Nhơn,7.0,28.34,-0.055,20.81,12.0,6.57,21:00:00,2026-01-12
HCM03,Lý Nhơn,7.0,27.68,-0.038,13.54,9.33,7.52,21:30:00,2026-01-12
HCM03,Lý Nhơn,7.0,27.94,-0.037,11.96,11.41,7.21,22:00:00,2026-01-12
HCM03,Lý Nhơn,7.0,28.06,-0.029,22.44,12.65,6.96,22:30:00,2026-01-12
HCM03,Lý Nhơn,7.0,27.69,-0.023,15.47,10.19,6.89,23:00:00,2026-01-12
HCM03,Lý Nhơn,7.0,27.58,-0.002,11.91,12.43,7.03,23:30:00,2026-01-12
HCM01,Nhà Bè,38.0,29.6,71.903,10.38,6.05,7.71,00:00:00,2026-01-12
HCM01,Nhà Bè,38.0,29.24,73.796,8.95,6.18,6.88,00:30:00,2026-01-12
HCM01,Nhà Bè,38.0,28.49,75.624,8.63,6.04,6.92,01:00:00,2026-01-12
HCM01,Nhà Bè,38.0,28.44,77.39,7.48,5.68,7.9,01:30:00,2026-01-12
HCM01,Nhà Bè,38.0,30.07,79.163,6.92,4.94,6.66,02:00:00,2026-01-12
HCM01,Nhà Bè,38.0,29.75,80.608,10.91,5.7,7.29,02:30:00,2026-01-12
HCM01,Nhà Bè,38.0,28.94,82.078,9.59,5.78,7.61,03:00:00,2026-01-12
HCM01,Nhà Bè,38.0,29.2,83.324,8.89,6.88,7.35,03:30:00,2026-01-12
HCM01,Nhà Bè,38.0,28.3,84.314,11.21,6.42,6.78,04:00:00,2026-01-12
HCM01,Nhà Bè,38.0,28.19,85.174,11.4,6.76,7.36,04:30:00,2026-01-12
HCM01,Nhà Bè,38.0,28.26,85.838,8.38,5.73,6.66,05:00:00,2026-01-12
HCM01,Nhà Bè,38.0,27.55,86.172,7.0,5.02,7.51,05:30:00,2026-01-12
HCM01,Nhà Bè,38.0,27.94,86.322,14.83,7.52,6.53,06:00:00,2026-01-12
HCM01,Nhà Bè,38.0,29.37,86.19,12.01,5.73,7.42,06:30:00,2026-01-12
HCM01,Nhà Bè,38.0,27.91,85.812,7.6,6.39,7.39,07:00:00,2026-01-12
HCM01,Nhà Bè,38.0,27.49,85.208,8.56,5.45,7.47,07:30:00,2026-01-12
HCM01,Nhà Bè,38.0,28.2,84.325,10.23,6.12,7.32,08:00:00,2026-01-12
HCM01,Nhà Bè,38.0,28.01,83.346,7.99,5.66,7.69,08:30:00,2026-01-12
HCM01,Nhà Bè,38.0,27.94,82.142,7.21,5.91,7.71,09:00:00,2026-01-12
HCM01,Nhà Bè,38.0,28.64,80.673,9.78,4.88,7.42,09:30:00,2026-01-12
HCM01,Nhà Bè,38.0,27.43,79.095,9.6,5.8,7.35,10:00:00,2026-01-12
HCM01,Nhà Bè,38.0,29.15,77.421,10.47,5.84,6.87,10:30:00,2026-01-12
HCM01,Nhà Bè,38.0,27.62,75.648,9.44,5.94,7.1,11:00:00,2026-01-12
HCM01,Nhà Bè,38.0,28.11,73.78,10.73,5.75,7.61,11:30:00,2026-01-12
HCM01,Nhà Bè,38.0,28.37,71.929,9.85,7.26,7.37,12:00:00,2026-01-12
HCM01,Nhà Bè,38.0,28.17,70.022,6.71,4.48,7.15,12:30:00,2026-01-12
HCM01,Nhà Bè,38.0,29.24,68.167,7.25,4.58,7.25,13:00:00,2026-01-12
HCM01,Nhà Bè,38.0,26.98,66.376,7.68,4.76,7.04,13:30:00,2026-01-12
HCM01,Nhà Bè,38.0,29.15,64.716,8.68,4.64,7.9,14:00:00,2026-01-12
HCM01,Nhà Bè,38.0,27.76,63.143,5.93,4.63,7.7,14:30:00,2026-01-12
HCM01,Nhà Bè,38.0,29.45,61.774,7.58,4.11,7.93,15:00:00,2026-01-12
HCM01,Nhà Bè,38.0,28.96,60.515,8.79,4.68,7.21,15:30:00,2026-01-12
HCM01,Nhà Bè,38.0,29.13,59.411,8.22,4.4,6.99,16:00:00,2026-01-12
HCM01,Nhà Bè,38.0,27.93,58.607,5.9,4.19,8.68,16:30:00,2026-01-12
HCM01,Nhà Bè,38.0,29.52,58.025,10.22,5.34,7.54,17:00:00,2026-01-12
HCM01,Nhà Bè,38.0,29.94,57.624,5.82,4.15,7.36,17:30:00,2026-01-12
HCM01,Nhà Bè,38.0,28.69,57.481,3.82,3.03,6.35,18:00:00,2026-01-12
HCM01,Nhà Bè,38.0,28.22,57.691,7.35,4.14,7.46,18:30:00,2026-01-12
HCM01,Nhà Bè,38.0,28.56,58.011,7.28,4.2,7.51,19:00:00,2026-01-12
HCM01,Nhà Bè,38.0,28.93,58.643,8.61,4.75,6.4,19:30:00,2026-01-12
HCM01,Nhà Bè,38.0,28.25,59.485,6.56,4.98,6.48,20:00:00,2026-01-12
HCM01,Nhà Bè,38.0,27.06,60.472,10.38,4.98,6.82,20:30:00,2026-01-12
HCM01,Nhà Bè,38.0,27.34,61.698,8.68,4.4,7.33,21:00:00,2026-01-12
HCM01,Nhà Bè,38.0,28.0,63.18,6.36,4.45,6.95,21:30:00,2026-01-12
HCM01,Nhà Bè,38.0,29.36,64.744,7.19,4.93,7.42,22:00:00,2026-01-12
HCM01,Nhà Bè,38.0,27.36,66.401,6.89,5.26,7.88,22:30:00,2026-01-12
HCM01,Nhà Bè,38.0,27.69,68.15,8.15,4.96,6.81,23:00:00,2026-01-12
HCM01,Nhà Bè,38.0,29.33,70.017,7.6,5.14,7.38,23:30:00,2026-01-12
HCM02,Cát Lái,58.0,29.04,-0.062,5.32,3.37,7.01,00:00:00,2026-01-13
HCM02,Cát Lái,58.0,29.43,0.03,6.37,3.56,8.08,00:30:00,2026-01-13
HCM02,Cát Lái,58.0,27.96,0.023,5.78,3.69,8.15,01:00:00,2026-01-13
HCM02,Cát Lái,58.0,29.04,0.02,7.11,4.72,7.65,01:30:00,2026-01-13
HCM02,Cát Lái,58.0,29.12,0.039,9.38,5.12,7.22,02:00:00,2026-01-13
HCM02,Cát Lái,58.0,28.51,-0.02,6.54,4.32,7.46,02:30:00,2026-01-13
HCM02,Cát Lái,58.0,28.1,0.083,6.31,3.56,7.75,03:00:00,2026-01-13
HCM02,Cát Lái,58.0,28.12,0.01,8.85,5.05,7.6,03:30:00,2026-01-13
HCM02,Cát Lái,58.0,28.34,0.044,7.49,4.42,7.99,04:00:00,2026-01-13
HCM02,Cát Lái,58.0,28.49,0.063,8.97,4.88,7.97,04:30:00,2026-01-13
HCM02,Cát Lái,58.0,27.8,0.053,6.83,4.68,7.47,05:00:00,2026-01-13
HCM02,Cát Lái,58.0,29.69,-0.003,5.99,3.75,6.78,05:30:00,2026-01-13
HCM02,Cát Lái,58.0,28.04,-0.001,5.68,3.65,7.27,06:00:00,2026-01-13
HCM02,Cát Lái,58.0,27.7,0.056,7.26,4.62,7.34,06:30:00,2026-01-13
HCM02,Cát Lái,58.0,28.4,0.044,8.04,4.39,7.5,07:00:00,2026-01-13
HCM02,Cát Lái,58.0,28.02,0.047,6.73,4.18,7.53,07:30:00,2026-01-13
HCM02,Cát Lái,58.0,28.56,0.04,5.68,4.09,7.11,08:00:00,2026-01-13
HCM02,Cát Lái,58.0,28.26,0.045,6.73,4.15,7.68,08:30:00,2026-01-13
HCM02,Cát Lái,58.0,28.77,0.028,6.8,4.5,6.26,09:00:00,2026-01-13
HCM02,Cát Lái,58.0,28.1,0.139,8.45,4.36,7.56,09:30:00,2026-01-13
HCM02,Cát Lái,58.0,28.02,-0.007,8.4,4.63,6.69,10:00:00,2026-01-13
HCM02,Cát Lái,58.0,28.34,0.028,6.13,3.96,7.94,10:30:00,2026-01-13
HCM02,Cát Lái,58.0,28.44,0.018,6.55,3.96,7.63,11:00:00,2026-01-13
HCM02,Cát Lái,58.0,28.21,0.044,5.53,4.39,6.95,11:30:00,2026-01-13
HCM02,Cát Lái,58.0,29.7,0.036,5.99,4.12,7.13,12:00:00,2026-01-13
HCM02,Cát Lái,58.0,28.91,0.061,5.34,3.94,7.14,12:30:00,2026-01-13
HCM02,Cát Lái,58.0,26.72,0.041,5.06,3.97,7.19,13:00:00,2026-01-13
HCM02,Cát Lái,58.0,29.28,0.004,5.53,3.82,6.93,13:30:00,2026-01-13
HCM02,Cát Lái,58.0,27.76,0.001,4.95,3.24,6.17,14:00:00,2026-01-13
HCM02,Cát Lái,58.0,29.04,-0.021,4.79,3.59,7.78,14:30:00,2026-01-13
HCM02,Cát Lái,58.0,28.85,-0.016,5.19,3.26,7.07,15:00:00,2026-01-13
HCM02,Cát Lái,58.0,28.5,-0.061,6.29,3.12,6.86,15:30:00,2026-01-13
HCM02,Cát Lái,58.0,28.92,-0.111,3.92,3.2,7.26,16:00:00,2026-01-13
HCM02,Cát Lái,58.0,28.18,-0.127,5.33,3.19,7.51,16:30:00,2026-01-13
HCM02,Cát Lái,58.0,26.8,-0.084,5.06,3.0,7.99,17:00:00,2026-01-13
HCM02,Cát Lái,58.0,28.26,-0.096,5.73,3.36,8.0,17:30:00,2026-01-13
HCM02,Cát Lái,58.0,28.47,-0.036,5.39,3.67,6.96,18:00:00,2026-01-13
HCM02,Cát Lái,58.0,28.19,-0.078,6.1,3.71,6.85,18:30:00,2026-01-13
HCM02,Cát Lái,58.0,29.91,-0.057,6.33,3.51,7.08,19:00:00,2026-01-13
HCM02,Cát Lái,58.0,29.04,-0.008,6.3,3.81,6.77,19:30:00,2026-01-13
HCM02,Cát Lái,58.0,27.39,-0.05,3.93,3.12,7.37,20:00:00,2026-01-13
HCM02,Cát Lái,58.0,29.2,0.01,6.51,3.29,7.1,20:30:00,2026-01-13
HCM02,Cát Lái,58.0,27.8,-0.035,5.84,3.57,7.22,21:00:00,2026-01-13
HCM02,Cát Lái,58.0,28.29,-0.025,6.31,3.74,6.88,21:30:00,2026-01-13
HCM02,Cát Lái,58.0,28.68,-0.036,7.26,4.15,7.48,22:00:00,2026-01-13
HCM02,Cát Lái,58.0,29.89,-0.048,5.31,3.87,6.99,22:30:00,2026-01-13
HCM02,Cát Lái,58.0,27.11,-0.025,5.29,3.22,7.3,23:00:00,2026-01-13
HCM02,Cát Lái,58.0,29.89,0.004,6.63,3.8,7.23,23:30:00,2026-01-13
HCM04,Long Đại,80.0,29.94,-0.027,0.02,0.0,7.26,00:00:00,2026-01-13
HCM04,Long Đại,80.0,29.94,-0.01,0.0,0.0,7.6,00:30:00,2026-01-13
HCM04,Long Đại,80.0,28.43,0.02,0.0,0.0,7.09,01:00:00,2026-01-13
HCM04,Long Đại,80.0,28.13,-0.008,0.28,0.15,7.22,01:30:00,2026-01-13
HCM04,Long Đại,80.0,28.37,0.001,0.0,0.0,8.05,02:00:00,2026-01-13
HCM04,Long Đại,80.0,27.82,0.007,0.39,0.22,7.6,02:30:00,2026-01-13
HCM04,Long Đại,80.0,28.84,0.015,0.22,0.0,8.42,03:00:00,2026-01-13
HCM04,Long Đại,80.0,29.66,0.092,0.37,0.1,7.86,03:30:00,2026-01-13
HCM04,Long Đại,80.0,28.25,0.067,0.0,0.0,7.19,04:00:00,2026-01-13
HCM04,Long Đại,80.0,28.82,0.04,0.63,0.43,7.91,04:30:00,2026-01-13
HCM04,Long Đại,80.0,28.83,0.061,0.0,0.17,7.83,05:00:00,2026-01-13
HCM04,Long Đại,80.0,28.62,0.106,0.02,0.0,7.19,05:30:00,2026-01-13
HCM04,Long Đại,80.0,27.93,0.025,0.0,0.0,8.54,06:00:00,2026-01-13
HCM04,Long Đại,80.0,27.25,0.039,0.0,0.0,7.48,06:30:00,2026-01-13
HCM04,Long Đại,80.0,28.32,0.039,0.39,0.3,7.94,07:00:00,2026-01-13
HCM04,Long Đại,80.0,28.0,0.021,0.0,0.0,7.01,07:30:00,2026-01-13
HCM04,Long Đại,80.0,29.06,0.08,0.0,0.0,8.15,08:00:00,2026-01-13
HCM04,Long Đại,80.0,28.14,-0.011,0.75,0.51,7.67,08:30:00,2026-01-13
HCM04,Long Đại,80.0,28.76,0.008,0.33,0.0,7.18,09:00:00,2026-01-13
HCM04,Long Đại,80.0,26.76,0.027,0.0,0.0,7.84,09:30:00,2026-01-13
HCM04,Long Đại,80.0,28.44,0.036,0.46,0.39,7.17,10:00:00,2026-01-13
HCM04,Long Đại,80.0,28.0,0.007,0.63,0.23,7.92,10:30:00,2026-01-13
HCM04,Long Đại,80.0,29.21,0.015,0.53,0.3,7.52,11:00:00,2026-01-13
HCM04,Long Đại,80.0,28.16,-0.012,0.0,0.05,7.36,11:30:00,2026-01-13
HCM04,Long Đại,80.0,27.09,-0.003,0.45,0.19,7.35,12:00:00,2026-01-13
HCM04,Long Đại,80.0,28.56,0.018,0.0,0.06,8.38,12:30:00,2026-01-13
HCM04,Long Đại,80.0,28.48,-0.01,0.0,0.0,8.3,13:00:00,2026-01-13
HCM04,Long Đại,80.0,27.81,0.015,0.0,0.0,7.17,13:30:00,2026-01-13
HCM04,Long Đại,80.0,29.53,0.01,0.38,0.2,6.83,14:00:00,2026-01-13
HCM04,Long Đại,80.0,28.33,-0.034,0.04,0.03,7.36,14:30:00,2026-01-13
HCM04,Long Đại,80.0,28.4,0.01,0.12,0.16,8.09,15:00:00,2026-01-13
HCM04,Long Đại,80.0,28.13,-0.031,0.0,0.0,8.14,15:30:00,2026-01-13
HCM04,Long Đại,80.0,28.94,-0.116,0.0,0.0,7.17,16:00:00,2026-01-13
HCM04,Long Đại,80.0,28.52,-0.038,0.0,0.0,7.46,16:30:00,2026-01-13
HCM04,Long Đại,80.0,29.33,-0.079,0.08,0.0,6.94,17:00:00,2026-01-13
HCM04,Long Đại,80.0,27.74,-0.065,0.0,0.0,6.94,17:30:00,2026-01-13
HCM04,Long Đại,80.0,28.9,-0.05,0.05,0.0,7.82,18:00:00,2026-01-13
HCM04,Long Đại,80.0,28.99,-0.029,0.65,0.29,7.62,18:30:00,2026-01-13
HCM04,Long Đại,80.0,29.09,-0.074,0.1,0.0,6.59,19:00:00,2026-01-13
HCM04,Long Đại,80.0,28.09,-0.02,0.0,0.0,6.99,19:30:00,2026-01-13
HCM04,Long Đại,80.0,29.35,-0.06,0.0,0.0,7.97,20:00:00,2026-01-13
HCM04,Long Đại,80.0,29.56,-0.022,0.05,0.0,7.25,20:30:00,2026-01-13
HCM04,Long Đại,80.0,28.01,-0.008,0.0,0.0,7.21,21:00:00,2026-01-13
HCM04,Long Đại,80.0,27.91,-0.061,0.07,0.09,8.25,21:30:00,2026-01-13
HCM04,Long Đại,80.0,27.54,-0.04,0.96,0.54,7.57,22:00:00,2026-01-13
HCM04,Long Đại,80.0,27.95,-0.037,0.0,0.0,7.82,22:30:00,2026-01-13
HCM04,Long Đại,80.0,27.11,-0.049,0.0,0.0,6.86,23:00:00,2026-01-13
HCM04,Long Đại,80.0,30.13,-0.008,0.47,0.07,6.73,23:30:00,2026-01-13
HCM03,Lý Nhơn,7.0,29.69,-0.001,22.33,12.94,7.52,00:00:00,2026-01-13
HCM03,Lý Nhơn,7.0,25.97,0.002,23.78,15.49,6.86,00:30:00,2026-01-13
HCM03,Lý Nhơn,7.0,29.01,-0.015,25.6,14.4,7.51,01:00:00,2026-01-13
HCM03,Lý Nhơn,7.0,28.97,0.013,17.04,14.42,6.5,01:30:00,2026-01-13
HCM03,Lý Nhơn,7.0,28.72,0.042,20.96,15.16,7.25,02:00:00,2026-01-13
HCM03,Lý Nhơn,7.0,27.56,0.046,22.96,14.47,7.31,02:30:00,2026-01-13
HCM03,Lý Nhơn,7.0,27.24,-0.001,21.74,15.83,6.66,03:00:00,2026-01-13
HCM03,Lý Nhơn,7.0,28.36,0.058,22.95,14.5,6.62,03:30:00,2026-01-13
HCM03,Lý Nhơn,7.0,29.16,0.042,30.95,15.42,6.13,04:00:00,2026-01-13
HCM03,Lý Nhơn,7.0,28.69,0.077,32.23,15.11,6.92,04:30:00,2026-01-13
HCM03,Lý Nhơn,7.0,28.42,0.077,23.99,16.28,5.76,05:00:00,2026-01-13
HCM03,Lý Nhơn,7.0,27.76,0.055,27.11,13.16,6.68,05:30:00,2026-01-13
HCM03,Lý Nhơn,7.0,27.46,0.073,26.51,15.65,6.88,06:00:00,2026-01-13
HCM03,Lý Nhơn,7.0,29.81,0.019,22.38,14.36,6.77,06:30:00,2026-01-13
HCM03,Lý Nhơn,7.0,28.7,0.038,26.4,16.36,6.62,07:00:00,2026-01-13
HCM03,Lý Nhơn,7.0,29.14,0.07,24.37,15.27,6.71,07:30:00,2026-01-13
HCM03,Lý Nhơn,7.0,29.63,0.031,25.46,15.09,6.52,08:00:00,2026-01-13
HCM03,Lý Nhơn,7.0,28.87,0.039,28.81,17.13,6.84,08:30:00,2026-01-13
HCM03,Lý Nhơn,7.0,29.78,0.048,22.38,14.65,6.77,09:00:00,2026-01-13
HCM03,Lý Nhơn,7.0,29.87,0.037,22.29,15.67,6.59,09:30:00,2026-01-13
HCM03,Lý Nhơn,7.0,28.48,0.09,28.02,15.59,6.95,10:00:00,2026-01-13
HCM03,Lý Nhơn,7.0,28.59,-0.001,19.02,13.73,6.63,10:30:00,2026-01-13
HCM03,Lý Nhơn,7.0,29.09,0.036,24.53,15.76,6.73,11:00:00,2026-01-13
HCM03,Lý Nhơn,7.0,27.64,0.02,24.79,14.11,5.94,11:30:00,2026-01-13
HCM03,Lý Nhơn,7.0,29.09,0.012,19.23,12.28,7.7,12:00:00,2026-01-13
HCM03,Lý Nhơn,7.0,28.13,-0.027,21.64,15.01,7.0,12:30:00,2026-01-13
HCM03,Lý Nhơn,7.0,27.13,-0.021,13.2,12.04,6.19,13:00:00,2026-01-13
HCM03,Lý Nhơn,7.0,28.7,0.013,24.25,13.59,6.59,13:30:00,2026-01-13
HCM03,Lý Nhơn,7.0,29.82,-0.099,15.43,12.72,7.29,14:00:00,2026-01-13
HCM03,Lý Nhơn,7.0,27.45,-0.028,19.59,12.78,6.73,14:30:00,2026-01-13
HCM03,Lý Nhơn,7.0,27.86,0.005,14.63,10.54,6.61,15:00:00,2026-01-13
HCM03,Lý Nhơn,7.0,29.48,-0.055,20.12,11.36,7.42,15:30:00,2026-01-13
HCM03,Lý Nhơn,7.0,27.66,-0.081,21.26,11.37,7.24,16:00:00,2026-01-13
HCM03,Lý Nhơn,7.0,28.02,-0.071,23.76,11.95,7.17,16:30:00,2026-01-13
HCM03,Lý Nhơn,7.0,28.41,-0.072,16.87,11.51,6.34,17:00:00,2026-01-13
HCM03,Lý Nhơn,7.0,28.18,-0.075,22.16,13.23,7.45,17:30:00,2026-01-13
HCM03,Lý Nhơn,7.0,27.37,-0.045,23.72,12.96,6.74,18:00:00,2026-01-13
HCM03,Lý Nhơn,7.0,28.28,-0.052,20.79,10.97,7.47,18:30:00,2026-01-13
HCM03,Lý Nhơn,7.0,29.26,-0.041,14.58,10.06,6.87,19:00:00,2026-01-13
HCM03,Lý Nhơn,7.0,29.43,-0.058,17.14,11.99,6.76,19:30:00,2026-01-13
HCM03,Lý Nhơn,7.0,29.44,-0.047,21.19,12.27,7.6,20:00:00,2026-01-13
HCM03,Lý Nhơn,7.0,28.74,-0.042,20.58,13.67,7.95,20:30:00,2026-01-13
HCM03,Lý Nhơn,7.0,27.08,-0.041,19.0,13.67,6.85,21:00:00,2026-01-13
HCM03,Lý Nhơn,7.0,29.8,-0.006,20.39,10.87,7.22,21:30:00,2026-01-13
HCM03,Lý Nhơn,7.0,29.43,-0.005,21.9,13.31,7.54,22:00:00,2026-01-13
HCM03,Lý Nhơn,7.0,28.09,-0.038,17.3,9.44,7.54,22:30:00,2026-01-13
HCM03,Lý Nhơn,7.0,30.07,0.039,20.54,13.72,7.31,23:00:00,2026-01-13
HCM03,Lý Nhơn,7.0,29.38,0.015,18.03,10.31,7.43,23:30:00,2026-01-13
HCM01,Nhà Bè,38.0,28.47,71.857,8.16,5.04,7.13,00:00:00,2026-01-13
HCM01,Nhà Bè,38.0,29.13,73.693,6.92,4.75,6.86,00:30:00,2026-01-13
HCM01,Nhà Bè,38.0,29.64,75.518,7.84,5.93,7.25,01:00:00,2026-01-13
HCM01,Nhà Bè,38.0,29.61,77.41,8.71,4.98,7.89,01:30:00,2026-01-13
HCM01,Nhà Bè,38.0,28.75,79.086,7.2,4.91,6.92,02:00:00,2026-01-13
HCM01,Nhà Bè,38.0,29.93,80.642,6.12,5.91,7.93,02:30:00,2026-01-13
HCM01,Nhà Bè,38.0,27.91,82.044,10.63,5.17,7.81,03:00:00,2026-01-13
HCM01,Nhà Bè,38.0,29.87,83.304,8.5,5.23,7.83,03:30:00,2026-01-13
HCM01,Nhà Bè,38.0,29.36,84.267,7.42,5.79,6.88,04:00:00,2026-01-13
HCM01,Nhà Bè,38.0,28.73,85.144,8.81,5.9,6.76,04:30:00,2026-01-13
HCM01,Nhà Bè,38.0,27.18,85.767,9.65,5.53,7.0,05:00:00,2026-01-13
HCM01,Nhà Bè,38.0,29.6,86.085,6.65,5.28,6.66,05:30:00,2026-01-13
HCM01,Nhà Bè,38.0,30.88,86.276,9.87,5.84,6.55,06:00:00,2026-01-13
HCM01,Nhà Bè,38.0,29.17,86.116,9.68,5.7,7.02,06:30:00,2026-01-13
HCM01,Nhà Bè,38.0,29.47,85.729,7.25,5.13,7.38,07:00:00,2026-01-13
HCM01,Nhà Bè,38.0,28.85,85.1,7.76,6.13,6.69,07:30:00,2026-01-13
HCM01,Nhà Bè,38.0,29.08,84.31,10.1,5.44,7.31,08:00:00,2026-01-13
HCM01,Nhà Bè,38.0,26.88,83.293,8.34,4.81,6.71,08:30:00,2026-01-13
HCM01,Nhà Bè,38.0,28.79,82.023,7.02,5.92,6.96,09:00:00,2026-01-13
HCM01,Nhà Bè,38.0,28.47,80.613,7.26,5.98,7.14,09:30:00,2026-01-13
HCM01,Nhà Bè,38.0,28.28,79.059,9.34,5.23,8.1,10:00:00,2026-01-13
HCM01,Nhà Bè,38.0,28.34,77.36,8.32,6.6,7.05,10:30:00,2026-01-13
HCM01,Nhà Bè,38.0,28.66,75.539,8.96,5.27,7.27,11:00:00,2026-01-13
HCM01,Nhà Bè,38.0,28.46,73.746,6.71,5.32,6.93,11:30:00,2026-01-13
HCM01,Nhà Bè,38.0,29.48,71.848,10.41,4.82,7.36,12:00:00,2026-01-13
HCM01,Nhà Bè,38.0,29.67,69.927,9.72,5.65,6.63,12:30:00,2026-01-13
HCM01,Nhà Bè,38.0,27.98,68.129,6.98,4.26,6.6,13:00:00,2026-01-13
HCM01,Nhà Bè,38.0,26.54,66.327,6.27,4.5,6.63,13:30:00,2026-01-13
HCM01,Nhà Bè,38.0,28.06,64.699,7.07,5.2,7.37,14:00:00,2026-01-13
HCM01,Nhà Bè,38.0,28.17,63.108,7.88,4.57,8.33,14:30:00,2026-01-13
HCM01,Nhà Bè,38.0,29.07,61.676,8.15,4.81,7.79,15:00:00,2026-01-13
HCM01,Nhà Bè,38.0,28.73,60.471,6.32,4.18,6.61,15:30:00,2026-01-13
HCM01,Nhà Bè,38.0,28.87,59.439,7.15,4.65,7.0,16:00:00,2026-01-13
HCM01,Nhà Bè,38.0,29.18,58.567,6.73,4.47,7.4,16:30:00,2026-01-13
HCM01,Nhà Bè,38.0,27.24,57.908,6.87,4.65,6.85,17:00:00,2026-01-13
HCM01,Nhà Bè,38.0,28.86,57.564,4.15,4.04,6.57,17:30:00,2026-01-13
HCM01,Nhà Bè,38.0,29.28,57.489,5.65,3.75,6.62,18:00:00,2026-01-13
HCM01,Nhà Bè,38.0,29.43,57.568,9.45,4.76,7.7,18:30:00,2026-01-13
HCM01,Nhà Bè,38.0,28.31,57.993,5.69,3.76,6.83,19:00:00,2026-01-13
HCM01,Nhà Bè,38.0,28.27,58.574,4.8,4.1,8.09,19:30:00,2026-01-13
HCM01,Nhà Bè,38.0,28.2,59.437,6.58,4.32,7.7,20:00:00,2026-01-13
HCM01,Nhà Bè,38.0,29.66,60.465,6.98,4.38,7.41,20:30:00,2026-01-13
HCM01,Nhà Bè,38.0,28.53,61.75,7.0,3.89,7.2,21:00:00,2026-01-13
HCM01,Nhà Bè,38.0,28.51,63.14,8.07,4.41,8.97,21:30:00,2026-01-13
HCM01,Nhà Bè,38.0,27.93,64.726,8.47,3.74,7.46,22:00:00,2026-01-13
HCM01,Nhà Bè,38.0,27.47,66.36,7.07,4.87,6.81,22:30:00,2026-01-13
HCM01,Nhà Bè,38.0,27.58,68.205,8.4,5.11,6.77,23:00:00,2026-01-13
HCM01,Nhà Bè,38.0,27.53,69.966,10.24,4.79,6.93,23:30:00,2026-01-13
HCM02,Cát Lái,58.0,27.69,-0.018,7.02,3.98,7.18,00:00:00,2026-01-14
HCM02,Cát Lái,58.0,29.01,0.0,6.53,4.24,7.2,00:30:00,2026-01-14
HCM02,Cát Lái,58.0,29.09,-0.004,5.89,3.47,8.03,01:00:00,2026-01-14
HCM02,Cát Lái,58.0,28.84,0.033,4.95,3.91,7.48,01:30:00,2026-01-14
HCM02,Cát Lái,58.0,27.61,0.047,5.53,3.86,6.44,02:00:00,2026-01-14
HCM02,Cát Lái,58.0,27.93,0.013,7.23,4.3,7.45,02:30:00,2026-01-14
HCM02,Cát Lái,58.0,28.69,0.006,6.03,4.49,7.27,03:00:00,2026-01-14
HCM02,Cát Lái,58.0,28.0,0.052,7.96,4.14,6.99,03:30:00,2026-01-14
HCM02,Cát Lái,58.0,29.73,0.032,5.13,4.53,7.48,04:00:00,2026-01-14
HCM02,Cát Lái,58.0,27.97,0.06,9.24,4.45,7.16,04:30:00,2026-01-14
HCM02,Cát Lái,58.0,28.09,0.051,6.46,4.08,7.04,05:00:00,2026-01-14
HCM02,Cát Lái,58.0,28.87,0.016,8.22,4.78,7.85,05:30:00,2026-01-14
HCM02,Cát Lái,58.0,28.87,0.069,6.82,4.83,7.63,06:00:00,2026-01-14
HCM02,Cát Lái,58.0,28.52,0.07,8.29,4.59,7.92,06:30:00,2026-01-14
HCM02,Cát Lái,58.0,28.03,0.095,7.84,4.77,7.78,07:00:00,2026-01-14
HCM02,Cát Lái,58.0,27.94,0.051,6.62,4.06,7.13,07:30:00,2026-01-14
HCM02,Cát Lái,58.0,27.92,0.032,7.63,4.07,6.49,08:00:00,2026-01-14
HCM02,Cát Lái,58.0,28.07,0.056,7.21,4.37,7.19,08:30:00,2026-01-14
HCM02,Cát Lái,58.0,29.57,0.034,7.0,4.64,7.53,09:00:00,2026-01-14
HCM02,Cát Lái,58.0,29.61,0.018,6.63,4.21,7.55,09:30:00,2026-01-14
HCM02,Cát Lái,58.0,28.05,0.09,5.99,3.93,7.4,10:00:00,2026-01-14
HCM02,Cát Lái,58.0,28.52,0.051,6.93,4.13,7.22,10:30:00,2026-01-14
HCM02,Cát Lái,58.0,29.63,0.037,5.05,3.77,6.87,11:00:00,2026-01-14
HCM02,Cát Lái,58.0,29.42,0.035,6.62,4.23,7.72,11:30:00,2026-01-14
HCM02,Cát Lái,58.0,27.43,-0.027,5.16,3.3,7.65,12:00:00,2026-01-14
HCM02,Cát Lái,58.0,27.15,0.047,6.44,3.94,7.73,12:30:00,2026-01-14
HCM02,Cát Lái,58.0,28.05,-0.052,5.0,3.32,7.69,13:00:00,2026-01-14
HCM02,Cát Lái,58.0,29.08,0.017,5.19,3.67,7.86,13:30:00,2026-01-14
HCM02,Cát Lái,58.0,28.41,-0.014,6.55,3.52,6.88,14:00:00,2026-01-14
HCM02,Cát Lái,58.0,28.37,-0.01,6.2,3.49,7.26,14:30:00,2026-01-14
HCM02,Cát Lái,58.0,28.72,-0.017,5.65,3.35,8.24,15:00:00,2026-01-14
HCM02,Cát Lái,58.0,29.18,-0.032,5.2,3.1,7.85,15:30:00,2026-01-14
HCM02,Cát Lái,58.0,28.39,-0.001,6.8,4.1,7.81,16:00:00,2026-01-14
HCM02,Cát Lái,58.0,28.27,-0.075,4.59,2.73,6.99,16:30:00,2026-01-14
HCM02,Cát Lái,58.0,29.81,-0.072,5.53,2.98,7.66,17:00:00,2026-01-14
HCM02,Cát Lái,58.0,29.0,-0.027,5.48,2.94,7.12,17:30:00,2026-01-14
HCM02,Cát Lái,58.0,27.92,-0.004,5.05,3.36,7.21,18:00:00,2026-01-14
HCM02,Cát Lái,58.0,28.97,-0.04,3.58,2.7,6.81,18:30:00,2026-01-14
HCM02,Cát Lái,58.0,27.76,-0.075,5.69,3.19,7.25,19:00:00,2026-01-14
HCM02,Cát Lái,58.0,27.73,-0.03,4.94,2.57,8.35,19:30:00,2026-01-14
HCM02,Cát Lái,58.0,28.21,-0.002,4.69,2.71,6.99,20:00:00,2026-01-14
HCM02,Cát Lái,58.0,27.47,-0.008,5.32,3.64,7.3,20:30:00,2026-01-14
HCM02,Cát Lái,58.0,27.72,0.025,5.1,3.21,7.17,21:00:00,2026-01-14
HCM02,Cát Lái,58.0,28.85,0.002,5.88,3.11,7.32,21:30:00,2026-01-14
HCM02,Cát Lái,58.0,28.38,0.032,5.82,4.11,6.86,22:00:00,2026-01-14
HCM02,Cát Lái,58.0,27.75,-0.023,6.25,3.7,7.83,22:30:00,2026-01-14
HCM02,Cát Lái,58.0,27.89,-0.016,5.61,3.42,7.41,23:00:00,2026-01-14
HCM02,Cát Lái,58.0,28.73,0.022,6.32,3.84,8.06,23:30:00,2026-01-14
HCM04,Long Đại,80.0,28.42,0.003,0.32,0.0,7.38,00:00:00,2026-01-14
HCM04,Long Đại,80.0,28.33,0.002,0.89,0.4,7.91,00:30:00,2026-01-14
HCM04,Long Đại,80.0,28.05,0.006,0.12,0.0,8.14,01:00:00,2026-01-14
HCM04,Long Đại,80.0,27.71,-0.021,0.29,0.0,7.25,01:30:00,2026-01-14
HCM04,Long Đại,80.0,28.05,-0.018,0.13,0.0,7.31,02:00:00,2026-01-14
HCM04,Long Đại,80.0,29.13,0.12,0.61,0.33,7.12,02:30:00,2026-01-14
HCM04,Long Đại,80.0,29.66,0.028,0.13,0.0,8.81,03:00:00,2026-01-14
HCM04,Long Đại,80.0,27.63,0.062,0.19,0.0,7.48,03:30:00,2026-01-14
HCM04,Long Đại,80.0,28.16,0.017,0.0,0.0,6.64,04:00:00,2026-01-14
HCM04,Long Đại,80.0,28.14,-0.003,0.0,0.0,6.62,04:30:00,2026-01-14
HCM04,Long Đại,80.0,29.28,0.049,0.0,0.0,7.44,05:00:00,2026-01-14
HCM04,Long Đại,80.0,29.43,0.024,0.22,0.13,7.4,05:30:00,2026-01-14
HCM04,Long Đại,80.0,28.31,0.031,0.0,0.0,7.48,06:00:00,2026-01-14
HCM04,Long Đại,80.0,28.17,0.065,0.0,0.0,7.53,06:30:00,2026-01-14
HCM04,Long Đại,80.0,27.86,0.097,0.0,0.0,6.47,07:00:00,2026-01-14
HCM04,Long Đại,80.0,27.99,0.06,0.0,0.0,7.95,07:30:00,2026-01-14
HCM04,Long Đại,80.0,27.7,0.042,0.23,0.0,7.69,08:00:00,2026-01-14
HCM04,Long Đại,80.0,29.12,0.001,0.0,0.0,6.62,08:30:00,2026-01-14
HCM04,Long Đại,80.0,27.79,-0.019,0.0,0.0,7.21,09:00:00,2026-01-14
HCM04,Long Đại,80.0,28.82,0.007,0.04,0.0,8.06,09:30:00,2026-01-14
HCM04,Long Đại,80.0,29.41,0.001,0.41,0.25,7.55,10:00:00,2026-01-14
HCM04,Long Đại,80.0,27.53,0.045,0.14,0.05,7.58,10:30:00,2026-01-14
HCM04,Long Đại,80.0,27.47,0.035,0.14,0.0,7.52,11:00:00,2026-01-14
HCM04,Long Đại,80.0,27.48,-0.037,0.7,0.43,7.53,11:30:00,2026-01-14
HCM04,Long Đại,80.0,27.08,0.014,0.0,0.0,7.15,12:00:00,2026-01-14
HCM04,Long Đại,80.0,27.6,-0.024,0.02,0.0,8.51,12:30:00,2026-01-14
HCM04,Long Đại,80.0,27.8,0.018,0.23,0.15,7.59,13:00:00,2026-01-14
HCM04,Long Đại,80.0,27.65,0.042,0.54,0.15,7.15,13:30:00,2026-01-14
HCM04,Long Đại,80.0,27.8,0.027,0.02,0.0,7.27,14:00:00,2026-01-14
HCM04,Long Đại,80.0,28.02,-0.046,0.02,0.0,7.03,14:30:00,2026-01-14
HCM04,Long Đại,80.0,27.55,-0.019,0.24,0.34,6.92,15:00:00,2026-01-14
HCM04,Long Đại,80.0,30.04,-0.029,0.13,0.0,6.76,15:30:00,2026-01-14
HCM04,Long Đại,80.0,27.56,-0.02,0.62,0.34,7.74,16:00:00,2026-01-14
HCM04,Long Đại,80.0,28.63,-0.068,0.74,0.43,7.32,16:30:00,2026-01-14
HCM04,Long Đại,80.0,29.06,-0.024,0.91,0.55,7.74,17:00:00,2026-01-14
HCM04,Long Đại,80.0,26.96,-0.069,0.2,0.0,7.85,17:30:00,2026-01-14
HCM04,Long Đại,80.0,28.74,-0.06,0.07,0.0,7.48,18:00:00,2026-01-14
HCM04,Long Đại,80.0,28.69,-0.031,0.21,0.0,7.66,18:30:00,2026-01-14
HCM04,Long Đại,80.0,28.71,-0.026,0.63,0.44,7.68,19:00:00,2026-01-14
HCM04,Long Đại,80.0,29.02,-0.041,0.11,0.0,7.12,19:30:00,2026-01-14
HCM04,Long Đại,80.0,28.06,-0.049,1.11,0.69,7.36,20:00:00,2026-01-14
HCM04,Long Đại,80.0,29.38,-0.057,0.33,0.0,6.99,20:30:00,2026-01-14
HCM04,Long Đại,80.0,28.4,-0.003,0.13,0.0,7.32,21:00:00,2026-01-14
HCM04,Long Đại,80.0,26.92,0.008,0.04,0.0,7.81,21:30:00,2026-01-14
HCM04,Long Đại,80.0,28.56,0.012,0.23,0.0,7.94,22:00:00,2026-01-14
HCM04,Long Đại,80.0,29.13,-0.009,0.12,0.22,6.72,22:30:00,2026-01-14
HCM04,Long Đại,80.0,28.45,0.028,0.0,0.0,7.4,23:00:00,2026-01-14
HCM04,Long Đại,80.0,27.6,-0.004,0.0,0.0,7.63,23:30:00,2026-01-14
HCM03,Lý Nhơn,7.0,27.86,-0.05,26.98,16.66,6.53,00:00:00,2026-01-14
HCM03,Lý Nhơn,7.0,27.2,-0.046,23.43,12.08,6.91,00:30:00,2026-01-14
HCM03,Lý Nhơn,7.0,27.73,-0.002,29.99,15.94,6.76,01:00:00,2026-01-14
HCM03,Lý Nhơn,7.0,28.97,0.062,24.58,15.56,7.57,01:30:00,2026-01-14
HCM03,Lý Nhơn,7.0,28.95,0.041,24.72,15.7,7.07,02:00:00,2026-01-14
HCM03,Lý Nhơn,7.0,28.52,0.006,13.81,13.15,6.87,02:30:00,2026-01-14
HCM03,Lý Nhơn,7.0,28.75,0.054,21.37,16.88,6.28,03:00:00,2026-01-14
HCM03,Lý Nhơn,7.0,28.59,0.061,22.84,15.23,7.06,03:30:00,2026-01-14
HCM03,Lý Nhơn,7.0,27.94,0.007,23.35,12.73,6.19,04:00:00,2026-01-14
HCM03,Lý Nhơn,7.0,28.71,0.045,22.59,15.15,7.21,04:30:00,2026-01-14
HCM03,Lý Nhơn,7.0,27.65,0.074,20.82,12.81,6.77,05:00:00,2026-01-14
HCM03,Lý Nhơn,7.0,28.69,0.007,28.09,16.55,5.72,05:30:00,2026-01-14
HCM03,Lý Nhơn,7.0,28.08,0.048,20.55,16.95,7.99,06:00:00,2026-01-14
HCM03,Lý Nhơn,7.0,27.26,-0.0,28.13,16.75,7.07,06:30:00,2026-01-14
HCM03,Lý Nhơn,7.0,29.12,0.051,28.85,16.86,7.09,07:00:00,2026-01-14
HCM03,Lý Nhơn,7.0,29.36,-0.007,21.2,14.25,7.5,07:30:00,2026-01-14
HCM03,Lý Nhơn,7.0,29.33,0.006,31.45,17.7,6.71,08:00:00,2026-01-14
HCM03,Lý Nhơn,7.0,28.95,0.051,26.7,18.19,6.3,08:30:00,2026-01-14
HCM03,Lý Nhơn,7.0,29.14,0.048,19.47,15.54,7.14,09:00:00,2026-01-14
HCM03,Lý Nhơn,7.0,27.45,0.01,17.94,12.6,7.3,09:30:00,2026-01-14
HCM03,Lý Nhơn,7.0,27.57,0.007,29.52,17.81,5.52,10:00:00,2026-01-14
HCM03,Lý Nhơn,7.0,27.6,0.025,22.96,14.01,6.22,10:30:00,2026-01-14
HCM03,Lý Nhơn,7.0,29.45,0.02,20.92,14.92,6.55,11:00:00,2026-01-14
HCM03,Lý Nhơn,7.0,29.22,0.057,16.3,13.46,6.17,11:30:00,2026-01-14
HCM03,Lý Nhơn,7.0,27.01,-0.028,23.22,14.43,6.68,12:00:00,2026-01-14
HCM03,Lý Nhơn,7.0,28.18,0.011,19.96,15.66,7.4,12:30:00,2026-01-14
HCM03,Lý Nhơn,7.0,27.45,-0.009,23.79,12.27,7.75,13:00:00,2026-01-14
HCM03,Lý Nhơn,7.0,29.26,-0.034,25.51,13.17,6.12,13:30:00,2026-01-14
HCM03,Lý Nhơn,7.0,27.31,-0.012,15.33,8.48,7.16,14:00:00,2026-01-14
HCM03,Lý Nhơn,7.0,29.13,-0.034,23.49,14.05,6.67,14:30:00,2026-01-14
HCM03,Lý Nhơn,7.0,27.92,-0.046,19.06,11.63,6.57,15:00:00,2026-01-14
HCM03,Lý Nhơn,7.0,28.78,-0.047,18.02,9.89,6.55,15:30:00,2026-01-14
HCM03,Lý Nhơn,7.0,27.83,-0.017,27.92,13.5,6.49,16:00:00,2026-01-14
HCM03,Lý Nhơn,7.0,29.22,-0.067,14.33,9.34,7.68,16:30:00,2026-01-14
HCM03,Lý Nhơn,7.0,28.83,-0.037,18.31,12.83,6.95,17:00:00,2026-01-14
HCM03,Lý Nhơn,7.0,29.06,-0.073,15.18,11.36,7.21,17:30:00,2026-01-14
HCM03,Lý Nhơn,7.0,27.31,-0.071,14.97,11.78,6.08,18:00:00,2026-01-14
HCM03,Lý Nhơn,7.0,28.97,-0.094,18.66,12.1,7.14,18:30:00,2026-01-14
HCM03,Lý Nhơn,7.0,27.74,-0.073,19.93,12.5,6.94,19:00:00,2026-01-14
HCM03,Lý Nhơn,7.0,28.72,-0.039,23.72,13.12,6.25,19:30:00,2026-01-14
HCM03,Lý Nhơn,7.0,28.11,-0.019,15.61,10.68,7.55,20:00:00,2026-01-14
HCM03,Lý Nhơn,7.0,28.56,-0.029,17.94,13.24,6.95,20:30:00,2026-01-14
HCM03,Lý Nhơn,7.0,28.51,-0.03,25.95,12.53,6.92,21:00:00,2026-01-14
HCM03,Lý Nhơn,7.0,26.78,-0.04,24.29,13.03,6.61,21:30:00,2026-01-14
HCM03,Lý Nhơn,7.0,27.86,-0.026,28.72,13.34,7.43,22:00:00,2026-01-14
HCM03,Lý Nhơn,7.0,27.13,-0.022,20.27,13.72,7.45,22:30:00,2026-01-14
HCM03,Lý Nhơn,7.0,28.87,-0.062,18.96,12.55,7.92,23:00:00,2026-01-14
HCM03,Lý Nhơn,7.0,28.14,0.03,21.9,12.23,7.33,23:30:00,2026-01-14
HCM01,Nhà Bè,38.0,28.76,71.856,9.56,5.94,7.54,00:00:00,2026-01-14
HCM01,Nhà Bè,38.0,28.91,73.712,8.88,6.72,7.31,00:30:00,2026-01-14
HCM01,Nhà Bè,38.0,29.51,75.567,13.69,5.79,7.32,01:00:00,2026-01-14
HCM01,Nhà Bè,38.0,29.68,77.331,5.99,5.2,6.53,01:30:00,2026-01-14
HCM01,Nhà Bè,38.0,28.58,79.083,11.27,6.43,7.27,02:00:00,2026-01-14
HCM01,Nhà Bè,38.0,28.89,80.615,7.53,5.07,7.62,02:30:00,2026-01-14
HCM01,Nhà Bè,38.0,27.59,81.995,9.76,4.76,7.72,03:00:00,2026-01-14
HCM01,Nhà Bè,38.0,29.14,83.26,8.04,6.81,8.43,03:30:00,2026-01-14
HCM01,Nhà Bè,38.0,28.08,84.266,11.3,6.35,7.02,04:00:00,2026-01-14
HCM01,Nhà Bè,38.0,28.58,85.143,8.46,6.45,8.26,04:30:00,2026-01-14
HCM01,Nhà Bè,38.0,27.94,85.732,13.33,6.49,8.15,05:00:00,2026-01-14
HCM01,Nhà Bè,38.0,28.21,86.059,7.44,5.87,7.67,05:30:00,2026-01-14
HCM01,Nhà Bè,38.0,29.25,86.237,9.07,5.99,7.05,06:00:00,2026-01-14
HCM01,Nhà Bè,38.0,27.68,86.122,12.81,6.93,6.76,06:30:00,2026-01-14
HCM01,Nhà Bè,38.0,29.75,85.741,7.86,5.96,7.23,07:00:00,2026-01-14
HCM01,Nhà Bè,38.0,29.34,85.108,10.54,5.81,6.91,07:30:00,2026-01-14
HCM01,Nhà Bè,38.0,29.91,84.302,11.88,6.98,7.15,08:00:00,2026-01-14
HCM01,Nhà Bè,38.0,28.73,83.308,8.67,6.31,7.19,08:30:00,2026-01-14
HCM01,Nhà Bè,38.0,28.96,82.046,9.67,6.12,7.45,09:00:00,2026-01-14
HCM01,Nhà Bè,38.0,29.41,80.59,8.34,5.71,6.92,09:30:00,2026-01-14
HCM01,Nhà Bè,38.0,29.43,79.043,7.43,6.0,6.91,10:00:00,2026-01-14
HCM01,Nhà Bè,38.0,28.94,77.36,8.26,5.09,7.0,10:30:00,2026-01-14
HCM01,Nhà Bè,38.0,28.2,75.524,8.29,5.41,7.48,11:00:00,2026-01-14
HCM01,Nhà Bè,38.0,28.08,73.741,4.11,5.67,6.81,11:30:00,2026-01-14
HCM01,Nhà Bè,38.0,28.06,71.863,8.31,4.96,6.09,12:00:00,2026-01-14
HCM01,Nhà Bè,38.0,28.78,69.946,9.47,6.55,7.63,12:30:00,2026-01-14
HCM01,Nhà Bè,38.0,29.8,68.133,5.88,3.88,6.91,13:00:00,2026-01-14
HCM01,Nhà Bè,38.0,27.63,66.364,9.24,4.85,6.17,13:30:00,2026-01-14
HCM01,Nhà Bè,38.0,27.92,64.632,9.52,5.66,7.99,14:00:00,2026-01-14
HCM01,Nhà Bè,38.0,28.58,63.103,9.02,4.76,6.42,14:30:00,2026-01-14
HCM01,Nhà Bè,38.0,28.92,61.697,9.28,4.77,6.35,15:00:00,2026-01-14
HCM01,Nhà Bè,38.0,28.89,60.46,9.21,5.41,6.85,15:30:00,2026-01-14
HCM01,Nhà Bè,38.0,29.41,59.417,8.5,5.4,7.41,16:00:00,2026-01-14
HCM01,Nhà Bè,38.0,29.46,58.598,6.87,4.47,7.55,16:30:00,2026-01-14
HCM01,Nhà Bè,38.0,28.45,57.999,6.94,4.51,7.13,17:00:00,2026-01-14
HCM01,Nhà Bè,38.0,28.97,57.684,6.37,4.41,7.28,17:30:00,2026-01-14
HCM01,Nhà Bè,38.0,27.83,57.508,7.34,4.26,7.33,18:00:00,2026-01-14
HCM01,Nhà Bè,38.0,28.19,57.616,6.86,5.01,7.14,18:30:00,2026-01-14
HCM01,Nhà Bè,38.0,28.12,57.96,6.91,4.08,7.4,19:00:00,2026-01-14
HCM01,Nhà Bè,38.0,28.12,58.57,9.64,5.17,6.33,19:30:00,2026-01-14
HCM01,Nhà Bè,38.0,28.67,59.378,7.92,4.37,7.47,20:00:00,2026-01-14
HCM01,Nhà Bè,38.0,28.75,60.439,5.17,4.92,7.91,20:30:00,2026-01-14
HCM01,Nhà Bè,38.0,29.69,61.671,6.85,5.36,7.19,21:00:00,2026-01-14
HCM01,Nhà Bè,38.0,27.98,63.108,7.63,5.66,8.34,21:30:00,2026-01-14
HCM01,Nhà Bè,38.0,28.29,64.624,11.31,5.64,8.24,22:00:00,2026-01-14
HCM01,Nhà Bè,38.0,29.22,66.338,7.62,5.41,8.08,22:30:00,2026-01-14
HCM01,Nhà Bè,38.0,28.2,68.152,6.75,5.03,7.13,23:00:00,2026-01-14
HCM01,Nhà Bè,38.0,28.05,70.01,8.0,5.88,7.21,23:30:00,2026-01-14
HCM02,Cát Lái,58.0,28.43,-0.042,6.07,3.9,7.43,00:00:00,2026-01-15
HCM02,Cát Lái,58.0,28.87,-0.012,5.67,4.25,7.18,00:30:00,2026-01-15
HCM02,Cát Lái,58.0,28.27,-0.047,6.84,3.94,7.24,01:00:00,2026-01-15
HCM02,Cát Lái,58.0,28.27,-0.004,7.77,4.96,6.85,01:30:00,2026-01-15
HCM02,Cát Lái,58.0,27.7,0.034,6.12,3.82,8.34,02:00:00,2026-01-15
HCM02,Cát Lái,58.0,28.49,-0.001,6.64,4.64,6.7,02:30:00,2026-01-15
HCM02,Cát Lái,58.0,28.64,0.003,6.71,4.7,7.04,03:00:00,2026-01-15
HCM02,Cát Lái,58.0,28.21,0.049,8.85,4.2,7.19,03:30:00,2026-01-15
HCM02,Cát Lái,58.0,27.86,-0.033,7.54,4.67,6.57,04:00:00,2026-01-15
HCM02,Cát Lái,58.0,28.99,0.093,6.56,4.45,7.73,04:30:00,2026-01-15
HCM02,Cát Lái,58.0,28.32,0.054,6.79,5.24,7.81,05:00:00,2026-01-15
HCM02,Cát Lái,58.0,29.23,0.027,8.23,4.32,6.9,05:30:00,2026-01-15
HCM02,Cát Lái,58.0,28.19,0.047,7.79,4.82,7.84,06:00:00,2026-01-15
HCM02,Cát Lái,58.0,28.39,0.067,7.99,4.58,6.95,06:30:00,2026-01-15
HCM02,Cát Lái,58.0,29.47,0.08,5.34,4.1,6.69,07:00:00,2026-01-15
HCM02,Cát Lái,58.0,28.94,0.019,8.32,5.08,6.98,07:30:00,2026-01-15
HCM02,Cát Lái,58.0,28.92,0.042,7.52,3.87,7.55,08:00:00,2026-01-15
HCM02,Cát Lái,58.0,29.11,0.041,6.88,5.04,8.07,08:30:00,2026-01-15
HCM02,Cát Lái,58.0,28.09,0.083,6.57,5.05,7.2,09:00:00,2026-01-15
HCM02,Cát Lái,58.0,28.57,0.049,8.58,4.31,7.35,09:30:00,2026-01-15
HCM02,Cát Lái,58.0,28.7,0.001,5.84,3.89,6.97,10:00:00,2026-01-15
HCM02,Cát Lái,58.0,28.3,0.051,8.11,4.73,7.27,10:30:00,2026-01-15
HCM02,Cát Lái,58.0,28.57,0.056,6.33,4.35,7.33,11:00:00,2026-01-15
HCM02,Cát Lái,58.0,28.12,0.034,4.65,3.94,6.9,11:30:00,2026-01-15
HCM02,Cát Lái,58.0,28.58,-0.034,7.69,4.17,6.56,12:00:00,2026-01-15
HCM02,Cát Lái,58.0,29.6,-0.01,5.97,4.11,7.17,12:30:00,2026-01-15
HCM02,Cát Lái,58.0,27.97,-0.025,6.13,3.89,6.96,13:00:00,2026-01-15
HCM02,Cát Lái,58.0,27.16,0.009,6.08,4.19,7.9,13:30:00,2026-01-15
HCM02,Cát Lái,58.0,27.64,-0.031,7.25,4.08,6.85,14:00:00,2026-01-15
HCM02,Cát Lái,58.0,28.92,0.014,4.09,3.04,7.45,14:30:00,2026-01-15
HCM02,Cát Lái,58.0,26.99,-0.018,5.6,3.38,6.27,15:00:00,2026-01-15
HCM02,Cát Lái,58.0,27.38,-0.069,5.87,4.08,6.59,15:30:00,2026-01-15
HCM02,Cát Lái,58.0,28.52,-0.066,5.18,3.51,6.99,16:00:00,2026-01-15
HCM02,Cát Lái,58.0,29.58,-0.08,5.73,3.7,7.26,16:30:00,2026-01-15
HCM02,Cát Lái,58.0,28.45,-0.024,7.98,3.92,6.9,17:00:00,2026-01-15
HCM02,Cát Lái,58.0,29.11,-0.069,5.95,3.19,7.91,17:30:00,2026-01-15
HCM02,Cát Lái,58.0,29.83,-0.048,4.67,2.74,6.69,18:00:00,2026-01-15
HCM02,Cát Lái,58.0,29.36,-0.037,3.97,3.53,6.87,18:30:00,2026-01-15
HCM02,Cát Lái,58.0,29.0,-0.056,7.41,3.71,7.31,19:00:00,2026-01-15
HCM02,Cát Lái,58.0,28.54,0.014,5.52,3.63,7.12,19:30:00,2026-01-15
HCM02,Cát Lái,58.0,27.89,-0.084,3.91,3.1,7.44,20:00:00,2026-01-15
HCM02,Cát Lái,58.0,28.2,-0.046,5.49,3.83,6.71,20:30:00,2026-01-15
HCM02,Cát Lái,58.0,28.68,-0.029,4.64,3.62,7.62,21:00:00,2026-01-15
HCM02,Cát Lái,58.0,28.94,-0.039,7.14,3.84,7.46,21:30:00,2026-01-15
HCM02,Cát Lái,58.0,27.95,-0.014,5.86,3.86,6.9,22:00:00,2026-01-15
HCM02,Cát Lái,58.0,28.49,-0.017,6.46,3.74,7.7,22:30:00,2026-01-15
HCM02,Cát Lái,58.0,28.19,0.007,7.04,4.22,7.84,23:00:00,2026-01-15
HCM02,Cát Lái,58.0,28.9,-0.001,3.95,3.7,7.44,23:30:00,2026-01-15
HCM04,Long Đại,80.0,27.07,0.035,0.0,0.0,6.78,00:00:00,2026-01-15
HCM04,Long Đại,80.0,27.25,-0.008,0.91,0.52,7.54,00:30:00,2026-01-15
HCM04,Long Đại,80.0,29.57,-0.0,0.05,0.0,7.67,01:00:00,2026-01-15
HCM04,Long Đại,80.0,28.12,0.022,0.23,0.14,7.38,01:30:00,2026-01-15
HCM04,Long Đại,80.0,28.69,0.032,0.0,0.1,7.44,02:00:00,2026-01-15
HCM04,Long Đại,80.0,28.83,0.073,0.41,0.0,8.15,02:30:00,2026-01-15
HCM04,Long Đại,80.0,28.99,0.017,0.01,0.0,8.78,03:00:00,2026-01-15
HCM04,Long Đại,80.0,28.77,0.038,0.01,0.0,8.37,03:30:00,2026-01-15
HCM04,Long Đại,80.0,28.08,0.064,0.0,0.0,6.5,04:00:00,2026-01-15
HCM04,Long Đại,80.0,28.52,0.036,0.2,0.17,7.31,04:30:00,2026-01-15
HCM04,Long Đại,80.0,27.71,0.007,0.0,0.0,7.1,05:00:00,2026-01-15
HCM04,Long Đại,80.0,27.38,0.037,0.0,0.0,7.76,05:30:00,2026-01-15
HCM04,Long Đại,80.0,28.22,0.028,0.1,0.13,8.22,06:00:00,2026-01-15
HCM04,Long Đại,80.0,29.28,0.043,0.13,0.31,7.48,06:30:00,2026-01-15
HCM04,Long Đại,80.0,29.49,0.035,0.0,0.0,7.89,07:00:00,2026-01-15
HCM04,Long Đại,80.0,28.06,0.071,0.0,0.0,7.93,07:30:00,2026-01-15
HCM04,Long Đại,80.0,26.65,0.035,0.13,0.2,7.02,08:00:00,2026-01-15
HCM04,Long Đại,80.0,28.5,0.053,0.07,0.0,7.57,08:30:00,2026-01-15
HCM04,Long Đại,80.0,30.11,0.046,0.29,0.17,7.4,09:00:00,2026-01-15
HCM04,Long Đại,80.0,28.49,0.017,0.02,0.0,7.83,09:30:00,2026-01-15
HCM04,Long Đại,80.0,29.46,0.007,0.0,0.0,7.31,10:00:00,2026-01-15
HCM04,Long Đại,80.0,28.03,0.03,1.16,0.79,7.11,10:30:00,2026-01-15
HCM04,Long Đại,80.0,25.55,0.006,0.0,0.0,7.78,11:00:00,2026-01-15
HCM04,Long Đại,80.0,29.08,0.033,0.0,0.0,7.95,11:30:00,2026-01-15
HCM04,Long Đại,80.0,29.13,-0.015,0.2,0.01,6.85,12:00:00,2026-01-15
HCM04,Long Đại,80.0,29.24,0.067,0.01,0.0,7.51,12:30:00,2026-01-15
HCM04,Long Đại,80.0,28.74,-0.035,0.04,0.04,6.81,13:00:00,2026-01-15
HCM04,Long Đại,80.0,29.42,0.02,0.0,0.0,6.81,13:30:00,2026-01-15
HCM04,Long Đại,80.0,27.86,-0.069,0.32,0.12,7.52,14:00:00,2026-01-15
HCM04,Long Đại,80.0,29.45,-0.007,0.12,0.0,7.14,14:30:00,2026-01-15
HCM04,Long Đại,80.0,28.97,-0.025,0.08,0.01,8.05,15:00:00,2026-01-15
HCM04,Long Đại,80.0,28.56,-0.064,0.21,0.12,7.4,15:30:00,2026-01-15
HCM04,Long Đại,80.0,29.04,-0.066,0.02,0.0,7.05,16:00:00,2026-01-15
HCM04,Long Đại,80.0,28.19,-0.011,0.0,0.0,7.7,16:30:00,2026-01-15
HCM04,Long Đại,80.0,29.45,-0.068,0.12,0.0,7.71,17:00:00,2026-01-15
HCM04,Long Đại,80.0,28.21,-0.015,0.05,0.09,7.12,17:30:00,2026-01-15
HCM04,Long Đại,80.0,27.96,-0.057,0.06,0.0,7.98,18:00:00,2026-01-15
HCM04,Long Đại,80.0,28.92,-0.007,0.49,0.37,7.44,18:30:00,2026-01-15
HCM04,Long Đại,80.0,27.99,-0.022,0.74,0.38,7.63,19:00:00,2026-01-15
HCM04,Long Đại,80.0,27.19,-0.061,0.28,0.09,6.4,19:30:00,2026-01-15
HCM04,Long Đại,80.0,28.57,-0.02,0.66,0.3,6.89,20:00:00,2026-01-15
HCM04,Long Đại,80.0,29.14,-0.009,0.58,0.29,7.91,20:30:00,2026-01-15
HCM04,Long Đại,80.0,29.56,0.022,0.0,0.0,7.8,21:00:00,2026-01-15
HCM04,Long Đại,80.0,28.58,0.002,0.05,0.0,7.97,21:30:00,2026-01-15
HCM04,Long Đại,80.0,28.51,-0.007,0.0,0.03,7.84,22:00:00,2026-01-15
HCM04,Long Đại,80.0,28.39,-0.029,0.22,0.0,7.98,22:30:00,2026-01-15
HCM04,Long Đại,80.0,29.03,-0.053,0.0,0.0,8.22,23:00:00,2026-01-15
HCM04,Long Đại,80.0,28.21,-0.043,0.4,0.34,7.05,23:30:00,2026-01-15
HCM03,Lý Nhơn,7.0,28.41,0.01,22.59,14.55,6.69,00:00:00,2026-01-15
HCM03,Lý Nhơn,7.0,28.89,0.017,20.57,15.06,8.2,00:30:00,2026-01-15
HCM03,Lý Nhơn,7.0,28.93,-0.012,24.25,15.74,7.37,01:00:00,2026-01-15
HCM03,Lý Nhơn,7.0,28.42,0.023,23.21,15.92,7.7,01:30:00,2026-01-15
HCM03,Lý Nhơn,7.0,28.12,-0.004,28.58,18.14,6.18,02:00:00,2026-01-15
HCM03,Lý Nhơn,7.0,27.74,0.053,24.31,13.95,7.37,02:30:00,2026-01-15
HCM03,Lý Nhơn,7.0,27.18,0.072,26.98,16.29,6.64,03:00:00,2026-01-15
HCM03,Lý Nhơn,7.0,27.29,0.082,24.9,17.3,6.99,03:30:00,2026-01-15
HCM03,Lý Nhơn,7.0,27.95,0.027,31.93,15.15,7.52,04:00:00,2026-01-15
HCM03,Lý Nhơn,7.0,29.07,0.076,30.46,17.93,7.54,04:30:00,2026-01-15
HCM03,Lý Nhơn,7.0,28.34,0.064,21.39,15.74,7.09,05:00:00,2026-01-15
HCM03,Lý Nhơn,7.0,27.82,0.014,27.74,17.85,6.31,05:30:00,2026-01-15
HCM03,Lý Nhơn,7.0,28.36,0.071,28.2,16.94,6.46,06:00:00,2026-01-15
HCM03,Lý Nhơn,7.0,29.39,0.051,33.1,19.43,6.57,06:30:00,2026-01-15
HCM03,Lý Nhơn,7.0,28.04,0.087,21.59,15.87,6.37,07:00:00,2026-01-15
HCM03,Lý Nhơn,7.0,29.47,0.022,29.7,16.88,6.72,07:30:00,2026-01-15
HCM03,Lý Nhơn,7.0,28.73,0.03,28.88,16.93,6.65,08:00:00,2026-01-15
HCM03,Lý Nhơn,7.0,29.68,0.071,23.54,18.79,7.35,08:30:00,2026-01-15
HCM03,Lý Nhơn,7.0,28.77,0.013,34.33,19.06,6.34,09:00:00,2026-01-15
HCM03,Lý Nhơn,7.0,29.59,0.006,19.9,13.9,6.4,09:30:00,2026-01-15
HCM03,Lý Nhơn,7.0,29.12,0.063,21.81,15.01,6.85,10:00:00,2026-01-15
HCM03,Lý Nhơn,7.0,27.51,0.019,31.81,16.52,6.04,10:30:00,2026-01-15
HCM03,Lý Nhơn,7.0,29.39,-0.024,25.82,15.99,6.71,11:00:00,2026-01-15
HCM03,Lý Nhơn,7.0,27.72,-0.022,20.82,15.46,6.43,11:30:00,2026-01-15
HCM03,Lý Nhơn,7.0,28.65,0.034,11.04,12.75,6.83,12:00:00,2026-01-15
HCM03,Lý Nhơn,7.0,27.95,-0.039,21.6,15.24,7.1,12:30:00,2026-01-15
HCM03,Lý Nhơn,7.0,28.1,-0.048,27.63,15.14,6.04,13:00:00,2026-01-15
HCM03,Lý Nhơn,7.0,28.47,-0.004,30.47,16.04,7.54,13:30:00,2026-01-15
HCM03,Lý Nhơn,7.0,29.11,0.01,26.52,15.28,5.86,14:00:00,2026-01-15
HCM03,Lý Nhơn,7.0,30.6,-0.045,25.4,15.25,6.89,14:30:00,2026-01-15
HCM03,Lý Nhơn,7.0,29.59,-0.026,24.89,14.36,6.37,15:00:00,2026-01-15
HCM03,Lý Nhơn,7.0,28.06,-0.085,16.19,12.05,8.0,15:30:00,2026-01-15
HCM03,Lý Nhơn,7.0,28.64,-0.037,18.79,12.65,6.38,16:00:00,2026-01-15
HCM03,Lý Nhơn,7.0,28.49,-0.035,21.08,15.18,7.15,16:30:00,2026-01-15
HCM03,Lý Nhơn,7.0,28.49,-0.004,20.6,13.76,7.5,17:00:00,2026-01-15
HCM03,Lý Nhơn,7.0,27.46,-0.043,19.34,11.87,7.11,17:30:00,2026-01-15
HCM03,Lý Nhơn,7.0,28.95,-0.052,20.91,14.34,6.77,18:00:00,2026-01-15
HCM03,Lý Nhơn,7.0,29.14,-0.044,19.25,11.22,6.76,18:30:00,2026-01-15
HCM03,Lý Nhơn,7.0,29.32,-0.061,20.04,11.0,7.33,19:00:00,2026-01-15
HCM03,Lý Nhơn,7.0,29.74,-0.055,22.46,12.76,7.51,19:30:00,2026-01-15
HCM03,Lý Nhơn,7.0,27.7,-0.056,21.34,11.7,6.21,20:00:00,2026-01-15
HCM03,Lý Nhơn,7.0,28.55,-0.012,26.31,16.69,7.76,20:30:00,2026-01-15
HCM03,Lý Nhơn,7.0,28.23,-0.015,16.71,13.6,7.66,21:00:00,2026-01-15
HCM03,Lý Nhơn,7.0,27.77,-0.065,24.8,13.26,7.58,21:30:00,2026-01-15
HCM03,Lý Nhơn,7.0,28.93,-0.022,20.48,11.51,6.15,22:00:00,2026-01-15
HCM03,Lý Nhơn,7.0,29.81,-0.056,20.6,15.09,7.39,22:30:00,2026-01-15
HCM03,Lý Nhơn,7.0,27.44,-0.019,19.48,15.43,6.51,23:00:00,2026-01-15
HCM03,Lý Nhơn,7.0,27.21,-0.012,20.64,14.22,6.28,23:30:00,2026-01-15
HCM01,Nhà Bè,38.0,28.02,71.865,7.73,5.02,7.47,00:00:00,2026-01-15
HCM01,Nhà Bè,38.0,29.15,73.768,9.35,6.5,7.25,00:30:00,2026-01-15
HCM01,Nhà Bè,38.0,28.11,75.557,6.72,4.62,7.13,01:00:00,2026-01-15
HCM01,Nhà Bè,38.0,28.54,77.391,8.85,5.45,6.44,01:30:00,2026-01-15
HCM01,Nhà Bè,38.0,28.07,79.041,9.99,6.88,7.33,02:00:00,2026-01-15
HCM01,Nhà Bè,38.0,28.15,80.584,10.36,6.15,6.42,02:30:00,2026-01-15
HCM01,Nhà Bè,38.0,29.03,81.987,7.86,5.58,8.19,03:00:00,2026-01-15
HCM01,Nhà Bè,38.0,27.61,83.26,8.93,5.43,6.84,03:30:00,2026-01-15
HCM01,Nhà Bè,38.0,29.42,84.322,9.75,5.96,6.95,04:00:00,2026-01-15
HCM01,Nhà Bè,38.0,29.08,85.139,9.36,5.86,6.8,04:30:00,2026-01-15
HCM01,Nhà Bè,38.0,28.07,85.713,11.37,6.42,7.15,05:00:00,2026-01-15
HCM01,Nhà Bè,38.0,29.17,86.076,13.17,7.02,8.09,05:30:00,2026-01-15
HCM01,Nhà Bè,38.0,27.62,86.193,10.25,5.97,5.67,06:00:00,2026-01-15
HCM01,Nhà Bè,38.0,27.37,86.088,9.43,5.8,6.75,06:30:00,2026-01-15
HCM01,Nhà Bè,38.0,29.32,85.756,12.25,6.88,7.46,07:00:00,2026-01-15
HCM01,Nhà Bè,38.0,28.19,85.159,7.33,5.55,7.45,07:30:00,2026-01-15
HCM01,Nhà Bè,38.0,28.94,84.293,10.77,6.67,7.61,08:00:00,2026-01-15
HCM01,Nhà Bè,38.0,29.16,83.284,10.17,6.37,7.96,08:30:00,2026-01-15
HCM01,Nhà Bè,38.0,28.44,81.932,11.05,6.42,7.46,09:00:00,2026-01-15
HCM01,Nhà Bè,38.0,27.22,80.59,6.0,6.06,6.78,09:30:00,2026-01-15
HCM01,Nhà Bè,38.0,27.98,79.076,7.04,5.47,6.85,10:00:00,2026-01-15
HCM01,Nhà Bè,38.0,29.77,77.289,7.34,5.48,7.69,10:30:00,2026-01-15
HCM01,Nhà Bè,38.0,27.9,75.551,6.35,4.56,8.07,11:00:00,2026-01-15
HCM01,Nhà Bè,38.0,28.96,73.74,8.73,6.21,7.66,11:30:00,2026-01-15
HCM01,Nhà Bè,38.0,29.36,71.862,7.69,5.81,7.36,12:00:00,2026-01-15
HCM01,Nhà Bè,38.0,30.29,69.993,5.05,4.72,7.54,12:30:00,2026-01-15
HCM01,Nhà Bè,38.0,27.92,68.078,9.94,5.66,7.57,13:00:00,2026-01-15
HCM01,Nhà Bè,38.0,29.78,66.363,9.29,5.67,6.68,13:30:00,2026-01-15
HCM01,Nhà Bè,38.0,29.5,64.615,9.05,5.46,7.0,14:00:00,2026-01-15
HCM01,Nhà Bè,38.0,28.54,63.069,8.49,4.44,7.74,14:30:00,2026-01-15
HCM01,Nhà Bè,38.0,27.02,61.701,8.78,5.24,6.62,15:00:00,2026-01-15
HCM01,Nhà Bè,38.0,29.0,60.449,7.88,5.58,7.02,15:30:00,2026-01-15
HCM01,Nhà Bè,38.0,28.4,59.39,8.42,4.7,7.38,16:00:00,2026-01-15
HCM01,Nhà Bè,38.0,28.54,58.597,7.78,4.98,7.54,16:30:00,2026-01-15
HCM01,Nhà Bè,38.0,28.33,57.955,7.5,4.85,7.1,17:00:00,2026-01-15
HCM01,Nhà Bè,38.0,28.57,57.562,8.36,4.71,6.72,17:30:00,2026-01-15
HCM01,Nhà Bè,38.0,27.88,57.489,5.81,4.67,7.95,18:00:00,2026-01-15
HCM01,Nhà Bè,38.0,27.51,57.55,8.14,5.76,6.97,18:30:00,2026-01-15
HCM01,Nhà Bè,38.0,26.87,57.98,7.88,4.16,7.09,19:00:00,2026-01-15
HCM01,Nhà Bè,38.0,27.43,58.606,8.83,4.93,6.88,19:30:00,2026-01-15
HCM01,Nhà Bè,38.0,27.56,59.403,9.55,4.95,7.43,20:00:00,2026-01-15
HCM01,Nhà Bè,38.0,29.15,60.401,9.1,5.49,7.94,20:30:00,2026-01-15
HCM01,Nhà Bè,38.0,28.74,61.718,6.1,3.59,9.01,21:00:00,2026-01-15
HCM01,Nhà Bè,38.0,28.5,63.054,8.3,5.71,7.75,21:30:00,2026-01-15
HCM01,Nhà Bè,38.0,28.02,64.634,10.19,5.58,7.58,22:00:00,2026-01-15
HCM01,Nhà Bè,38.0,29.17,66.343,8.94,5.32,7.17,22:30:00,2026-01-15
HCM01,Nhà Bè,38.0,28.74,68.063,7.81,4.52,7.85,23:00:00,2026-01-15
HCM01,Nhà Bè,38.0,28.91,69.933,9.06,6.78,7.84,23:30:00,2026-01-15
HCM02,Cát Lái,58.0,29.51,-0.045,9.38,5.24,7.37,00:00:00,2026-01-16
HCM02,Cát Lái,58.0,27.36,0.023,8.31,4.57,7.55,00:30:00,2026-01-16
HCM02,Cát Lái,58.0,29.65,0.004,6.44,4.58,7.76,01:00:00,2026-01-16
HCM02,Cát Lái,58.0,28.18,-0.019,6.63,4.7,7.14,01:30:00,2026-01-16
HCM02,Cát Lái,58.0,28.09,0.031,9.33,5.38,7.61,02:00:00,2026-01-16
HCM02,Cát Lái,58.0,29.39,0.031,7.91,5.49,7.63,02:30:00,2026-01-16
HCM02,Cát Lái,58.0,26.96,0.011,6.57,4.21,6.59,03:00:00,2026-01-16
HCM02,Cát Lái,58.0,29.89,0.01,6.03,4.64,7.79,03:30:00,2026-01-16
HCM02,Cát Lái,58.0,27.31,0.035,7.04,4.52,7.56,04:00:00,2026-01-16
HCM02,Cát Lái,58.0,27.05,0.029,5.49,5.23,7.86,04:30:00,2026-01-16
HCM02,Cát Lái,58.0,27.77,0.058,5.8,5.1,7.02,05:00:00,2026-01-16
HCM02,Cát Lái,58.0,27.53,-0.013,10.07,5.41,7.46,05:30:00,2026-01-16
HCM02,Cát Lái,58.0,28.7,0.079,8.5,5.92,6.36,06:00:00,2026-01-16
HCM02,Cát Lái,58.0,27.66,0.059,9.51,5.13,7.24,06:30:00,2026-01-16
HCM02,Cát Lái,58.0,27.29,0.051,6.37,4.68,8.1,07:00:00,2026-01-16
HCM02,Cát Lái,58.0,29.52,0.059,7.3,5.18,7.67,07:30:00,2026-01-16
HCM02,Cát Lái,58.0,29.09,0.046,10.62,5.39,7.96,08:00:00,2026-01-16
HCM02,Cát Lái,58.0,29.11,0.051,8.55,4.82,7.23,08:30:00,2026-01-16
HCM02,Cát Lái,58.0,28.15,0.028,7.4,4.31,7.82,09:00:00,2026-01-16
HCM02,Cát Lái,58.0,28.71,0.003,8.32,4.82,7.66,09:30:00,2026-01-16
HCM02,Cát Lái,58.0,27.64,0.069,6.99,4.26,6.66,10:00:00,2026-01-16
HCM02,Cát Lái,58.0,28.75,0.053,6.57,4.52,7.51,10:30:00,2026-01-16
HCM02,Cát Lái,58.0,27.45,0.014,7.36,4.77,6.88,11:00:00,2026-01-16
HCM02,Cát Lái,58.0,26.87,-0.0,5.69,3.84,7.37,11:30:00,2026-01-16
HCM02,Cát Lái,58.0,28.57,-0.011,5.26,4.09,6.77,12:00:00,2026-01-16
HCM02,Cát Lái,58.0,28.59,-0.036,4.75,3.97,7.92,12:30:00,2026-01-16
HCM02,Cát Lái,58.0,28.14,-0.004,7.49,4.87,7.42,13:00:00,2026-01-16
HCM02,Cát Lái,58.0,28.52,-0.014,7.08,4.14,6.9,13:30:00,2026-01-16
HCM02,Cát Lái,58.0,27.27,0.003,6.72,4.61,8.31,14:00:00,2026-01-16
HCM02,Cát Lái,58.0,28.79,0.021,7.26,4.11,7.43,14:30:00,2026-01-16
HCM02,Cát Lái,58.0,29.45,-0.034,7.24,4.19,7.35,15:00:00,2026-01-16
HCM02,Cát Lái,58.0,28.41,-0.096,7.65,3.95,7.25,15:30:00,2026-01-16
HCM02,Cát Lái,58.0,29.02,-0.026,6.22,3.63,7.43,16:00:00,2026-01-16
HCM02,Cát Lái,58.0,29.42,-0.025,6.6,4.24,7.14,16:30:00,2026-01-16
HCM02,Cát Lái,58.0,28.93,-0.034,6.49,4.02,8.63,17:00:00,2026-01-16
HCM02,Cát Lái,58.0,28.61,-0.095,7.97,4.23,6.94,17:30:00,2026-01-16
HCM02,Cát Lái,58.0,27.49,-0.018,4.33,3.6,7.28,18:00:00,2026-01-16
HCM02,Cát Lái,58.0,27.9,-0.055,5.6,3.39,7.2,18:30:00,2026-01-16
HCM02,Cát Lái,58.0,28.37,-0.016,8.6,4.0,6.39,19:00:00,2026-01-16
HCM02,Cát Lái,58.0,27.43,0.001,3.93,3.51,7.5,19:30:00,2026-01-16
HCM02,Cát Lái,58.0,28.05,-0.049,5.99,4.4,8.19,20:00:00,2026-01-16
HCM02,Cát Lái,58.0,27.8,-0.058,5.57,4.13,7.49,20:30:00,2026-01-16
HCM02,Cát Lái,58.0,28.08,-0.067,6.5,3.73,7.71,21:00:00,2026-01-16
HCM02,Cát Lái,58.0,26.63,-0.006,6.53,3.82,7.24,21:30:00,2026-01-16
HCM02,Cát Lái,58.0,26.69,-0.035,9.02,4.68,7.49,22:00:00,2026-01-16
HCM02,Cát Lái,58.0,27.34,-0.006,5.39,4.09,7.67,22:30:00,2026-01-16
HCM02,Cát Lái,58.0,28.09,-0.003,5.7,4.2,7.49,23:00:00,2026-01-16
HCM02,Cát Lái,58.0,28.83,-0.025,6.09,3.64,7.81,23:30:00,2026-01-16
HCM04,Long Đại,80.0,27.25,-0.037,0.29,0.0,7.89,00:00:00,2026-01-16
HCM04,Long Đại,80.0,28.56,0.042,0.0,0.0,8.08,00:30:00,2026-01-16
HCM04,Long Đại,80.0,27.66,0.008,0.24,0.15,7.62,01:00:00,2026-01-16
HCM04,Long Đại,80.0,29.07,0.085,0.0,0.04,6.87,01:30:00,2026-01-16
HCM04,Long Đại,80.0,29.02,0.032,0.02,0.0,7.08,02:00:00,2026-01-16
HCM04,Long Đại,80.0,27.74,0.065,0.17,0.0,7.75,02:30:00,2026-01-16
HCM04,Long Đại,80.0,29.12,-0.012,0.69,0.55,7.32,03:00:00,2026-01-16
HCM04,Long Đại,80.0,28.85,-0.003,0.57,0.35,6.47,03:30:00,2026-01-16
HCM04,Long Đại,80.0,28.83,0.05,0.65,0.52,7.66,04:00:00,2026-01-16
HCM04,Long Đại,80.0,29.35,0.011,0.03,0.16,7.03,04:30:00,2026-01-16
HCM04,Long Đại,80.0,27.67,0.077,0.27,0.0,6.84,05:00:00,2026-01-16
HCM04,Long Đại,80.0,29.07,0.031,0.51,0.44,7.69,05:30:00,2026-01-16
HCM04,Long Đại,80.0,28.46,0.058,0.54,0.41,7.19,06:00:00,2026-01-16
HCM04,Long Đại,80.0,30.47,0.032,0.0,0.0,7.5,06:30:00,2026-01-16
HCM04,Long Đại,80.0,28.74,0.093,0.4,0.27,7.53,07:00:00,2026-01-16
HCM04,Long Đại,80.0,28.49,-0.003,0.81,0.45,7.43,07:30:00,2026-01-16
HCM04,Long Đại,80.0,29.12,0.034,0.0,0.0,7.65,08:00:00,2026-01-16
HCM04,Long Đại,80.0,28.39,0.03,0.07,0.0,7.31,08:30:00,2026-01-16
HCM04,Long Đại,80.0,28.19,0.0,0.0,0.0,8.31,09:00:00,2026-01-16
HCM04,Long Đại,80.0,28.22,0.028,0.76,0.38,8.08,09:30:00,2026-01-16
HCM04,Long Đại,80.0,28.43,0.045,0.0,0.0,7.08,10:00:00,2026-01-16
HCM04,Long Đại,80.0,29.47,0.057,0.4,0.07,8.12,10:30:00,2026-01-16
HCM04,Long Đại,80.0,27.67,0.01,0.0,0.0,7.21,11:00:00,2026-01-16
HCM04,Long Đại,80.0,28.41,-0.033,0.0,0.0,6.93,11:30:00,2026-01-16
HCM04,Long Đại,80.0,29.06,0.026,0.06,0.17,6.95,12:00:00,2026-01-16
HCM04,Long Đại,80.0,27.54,0.025,0.0,0.0,7.3,12:30:00,2026-01-16
HCM04,Long Đại,80.0,27.89,0.01,0.48,0.26,7.38,13:00:00,2026-01-16
HCM04,Long Đại,80.0,29.28,0.049,0.51,0.32,7.41,13:30:00,2026-01-16
HCM04,Long Đại,80.0,28.13,-0.001,0.56,0.41,8.13,14:00:00,2026-01-16
HCM04,Long Đại,80.0,28.8,-0.066,0.0,0.0,8.42,14:30:00,2026-01-16
HCM04,Long Đại,80.0,27.36,-0.073,0.11,0.13,7.03,15:00:00,2026-01-16
HCM04,Long Đại,80.0,28.43,-0.025,0.22,0.23,6.65,15:30:00,2026-01-16
HCM04,Long Đại,80.0,27.58,-0.075,0.0,0.02,7.25,16:00:00,2026-01-16
HCM04,Long Đại,80.0,28.11,-0.079,0.18,0.06,6.82,16:30:00,2026-01-16
HCM04,Long Đại,80.0,28.13,-0.073,0.0,0.0,7.81,17:00:00,2026-01-16
HCM04,Long Đại,80.0,28.04,-0.003,0.05,0.09,7.37,17:30:00,2026-01-16
HCM04,Long Đại,80.0,30.25,-0.039,0.03,0.0,7.42,18:00:00,2026-01-16
HCM04,Long Đại,80.0,28.13,-0.042,0.74,0.49,6.3,18:30:00,2026-01-16
HCM04,Long Đại,80.0,28.97,-0.053,0.14,0.0,8.54,19:00:00,2026-01-16
HCM04,Long Đại,80.0,26.12,-0.038,0.0,0.09,7.51,19:30:00,2026-01-16
HCM04,Long Đại,80.0,28.68,-0.09,0.07,0.0,7.67,20:00:00,2026-01-16
HCM04,Long Đại,80.0,28.02,-0.091,0.0,0.0,7.42,20:30:00,2026-01-16
HCM04,Long Đại,80.0,28.25,-0.05,0.63,0.34,7.69,21:00:00,2026-01-16
HCM04,Long Đại,80.0,30.82,-0.05,0.0,0.0,7.19,21:30:00,2026-01-16
HCM04,Long Đại,80.0,28.24,-0.022,0.0,0.0,6.47,22:00:00,2026-01-16
HCM04,Long Đại,80.0,27.17,0.013,0.08,0.0,7.8,22:30:00,2026-01-16
HCM04,Long Đại,80.0,27.54,0.012,0.0,0.0,7.92,23:00:00,2026-01-16
HCM04,Long Đại,80.0,29.61,0.009,0.52,0.35,7.69,23:30:00,2026-01-16
HCM03,Lý Nhơn,7.0,27.68,-0.03,25.76,14.79,7.38,00:00:00,2026-01-16
HCM03,Lý Nhơn,7.0,29.61,0.035,26.67,16.65,7.13,00:30:00,2026-01-16
HCM03,Lý Nhơn,7.0,29.7,0.034,28.45,16.55,6.88,01:00:00,2026-01-16
HCM03,Lý Nhơn,7.0,28.05,0.056,23.5,13.93,7.37,01:30:00,2026-01-16
HCM03,Lý Nhơn,7.0,27.94,0.046,26.37,15.43,7.12,02:00:00,2026-01-16
HCM03,Lý Nhơn,7.0,28.61,-0.066,20.99,16.41,6.45,02:30:00,2026-01-16
HCM03,Lý Nhơn,7.0,27.97,0.072,29.3,17.95,6.7,03:00:00,2026-01-16
HCM03,Lý Nhơn,7.0,30.45,0.035,31.33,17.91,7.1,03:30:00,2026-01-16
HCM03,Lý Nhơn,7.0,27.98,0.032,21.96,16.79,6.72,04:00:00,2026-01-16
HCM03,Lý Nhơn,7.0,28.41,0.111,24.62,16.11,7.66,04:30:00,2026-01-16
HCM03,Lý Nhơn,7.0,27.53,0.06,24.7,17.1,6.99,05:00:00,2026-01-16
HCM03,Lý Nhơn,7.0,28.04,0.007,30.9,18.89,6.49,05:30:00,2026-01-16
HCM03,Lý Nhơn,7.0,28.45,0.074,25.95,14.79,6.52,06:00:00,2026-01-16
HCM03,Lý Nhơn,7.0,27.98,0.041,20.29,16.27,7.02,06:30:00,2026-01-16
HCM03,Lý Nhơn,7.0,28.12,0.044,26.94,16.03,6.81,07:00:00,2026-01-16
HCM03,Lý Nhơn,7.0,26.92,0.066,25.92,18.65,6.38,07:30:00,2026-01-16
HCM03,Lý Nhơn,7.0,29.26,-0.0,23.85,15.52,6.82,08:00:00,2026-01-16
HCM03,Lý Nhơn,7.0,28.66,-0.015,25.24,19.56,7.56,08:30:00,2026-01-16
HCM03,Lý Nhơn,7.0,26.76,0.028,29.07,18.69,7.07,09:00:00,2026-01-16
HCM03,Lý Nhơn,7.0,29.06,0.086,35.01,18.77,7.15,09:30:00,2026-01-16
HCM03,Lý Nhơn,7.0,28.74,0.009,25.69,17.2,6.89,10:00:00,2026-01-16
HCM03,Lý Nhơn,7.0,27.96,-0.019,25.93,15.26,6.49,10:30:00,2026-01-16
HCM03,Lý Nhơn,7.0,29.15,0.04,23.82,15.72,7.03,11:00:00,2026-01-16
HCM03,Lý Nhơn,7.0,27.46,-0.011,23.32,13.8,6.16,11:30:00,2026-01-16
HCM03,Lý Nhơn,7.0,29.86,0.031,19.93,14.84,7.15,12:00:00,2026-01-16
HCM03,Lý Nhơn,7.0,27.96,-0.043,19.78,13.86,7.39,12:30:00,2026-01-16
HCM03,Lý Nhơn,7.0,29.86,-0.024,23.86,12.98,6.24,13:00:00,2026-01-16
HCM03,Lý Nhơn,7.0,28.68,0.006,15.63,12.54,7.24,13:30:00,2026-01-16
HCM03,Lý Nhơn,7.0,28.52,-0.056,15.31,11.47,6.82,14:00:00,2026-01-16
HCM03,Lý Nhơn,7.0,28.3,-0.076,23.6,12.67,6.65,14:30:00,2026-01-16
HCM03,Lý Nhơn,7.0,27.75,-0.017,26.17,14.15,6.67,15:00:00,2026-01-16
HCM03,Lý Nhơn,7.0,27.6,-0.057,17.12,12.59,6.74,15:30:00,2026-01-16
HCM03,Lý Nhơn,7.0,28.8,-0.044,24.13,13.47,7.26,16:00:00,2026-01-16
HCM03,Lý Nhơn,7.0,27.66,-0.035,22.95,11.96,7.84,16:30:00,2026-01-16
HCM03,Lý Nhơn,7.0,26.62,-0.014,19.08,11.85,7.16,17:00:00,2026-01-16
HCM03,Lý Nhơn,7.0,28.3,-0.097,19.61,13.48,7.95,17:30:00,2026-01-16
HCM03,Lý Nhơn,7.0,27.44,-0.053,25.71,15.65,7.86,18:00:00,2026-01-16
HCM03,Lý Nhơn,7.0,28.76,-0.046,17.64,14.14,6.64,18:30:00,2026-01-16
HCM03,Lý Nhơn,7.0,29.11,-0.045,20.43,12.78,6.85,19:00:00,2026-01-16
HCM03,Lý Nhơn,7.0,29.33,0.009,20.15,14.51,7.3,19:30:00,2026-01-16
HCM03,Lý Nhơn,7.0,30.29,-0.087,20.86,11.85,7.56,20:00:00,2026-01-16
HCM03,Lý Nhơn,7.0,28.14,-0.043,25.33,15.26,7.04,20:30:00,2026-01-16
HCM03,Lý Nhơn,7.0,28.62,-0.016,25.51,14.72,7.18,21:00:00,2026-01-16
HCM03,Lý Nhơn,7.0,28.43,-0.025,18.31,13.01,7.08,21:30:00,2026-01-16
HCM03,Lý Nhơn,7.0,27.96,-0.001,21.25,10.97,7.02,22:00:00,2026-01-16
HCM03,Lý Nhơn,7.0,27.2,-0.031,25.98,13.27,7.79,22:30:00,2026-01-16
HCM03,Lý Nhơn,7.0,27.37,0.035,21.13,14.95,6.55,23:00:00,2026-01-16
HCM03,Lý Nhơn,7.0,28.86,0.027,30.81,12.93,6.74,23:30:00,2026-01-16
HCM01,Nhà Bè,38.0,28.0,71.697,10.52,5.81,7.66,00:00:00,2026-01-16
HCM01,Nhà Bè,38.0,28.08,73.599,10.71,5.63,6.28,00:30:00,2026-01-16
HCM01,Nhà Bè,38.0,26.2,75.454,10.46,6.07,6.97,01:00:00,2026-01-16
HCM01,Nhà Bè,38.0,28.36,77.259,9.88,5.92,7.24,01:30:00,2026-01-16
HCM01,Nhà Bè,38.0,28.62,78.909,9.77,6.64,7.32,02:00:00,2026-01-16
HCM01,Nhà Bè,38.0,27.96,80.436,10.66,7.06,6.98,02:30:00,2026-01-16
HCM01,Nhà Bè,38.0,29.83,81.837,11.28,6.73,6.83,03:00:00,2026-01-16
HCM01,Nhà Bè,38.0,28.91,83.044,11.21,6.72,7.35,03:30:00,2026-01-16
HCM01,Nhà Bè,38.0,27.3,84.16,14.34,7.61,7.31,04:00:00,2026-01-16
HCM01,Nhà Bè,38.0,29.02,84.98,13.11,7.84,8.1,04:30:00,2026-01-16
HCM01,Nhà Bè,38.0,29.22,85.577,14.12,8.0,7.77,05:00:00,2026-01-16
HCM01,Nhà Bè,38.0,28.41,85.975,11.84,7.64,7.02,05:30:00,2026-01-16
HCM01,Nhà Bè,38.0,28.42,86.029,9.82,6.45,6.89,06:00:00,2026-01-16
HCM01,Nhà Bè,38.0,28.33,85.943,11.58,7.29,6.87,06:30:00,2026-01-16
HCM01,Nhà Bè,38.0,28.89,85.567,8.21,5.81,7.29,07:00:00,2026-01-16
HCM01,Nhà Bè,38.0,27.62,84.997,12.97,8.2,7.81,07:30:00,2026-01-16
HCM01,Nhà Bè,38.0,29.54,84.151,8.82,6.84,7.39,08:00:00,2026-01-16
HCM01,Nhà Bè,38.0,28.73,83.132,9.29,6.92,7.38,08:30:00,2026-01-16
HCM01,Nhà Bè,38.0,27.25,81.865,10.81,7.27,6.51,09:00:00,2026-01-16
HCM01,Nhà Bè,38.0,26.87,80.416,12.65,7.57,7.01,09:30:00,2026-01-16
HCM01,Nhà Bè,38.0,28.39,78.837,9.64,7.32,7.55,10:00:00,2026-01-16
HCM01,Nhà Bè,38.0,28.82,77.225,10.73,7.67,6.45,10:30:00,2026-01-16
HCM01,Nhà Bè,38.0,27.77,75.405,10.64,7.01,7.69,11:00:00,2026-01-16
HCM01,Nhà Bè,38.0,27.52,73.568,10.03,6.26,7.34,11:30:00,2026-01-16
HCM01,Nhà Bè,38.0,28.2,71.726,11.35,5.72,6.74,12:00:00,2026-01-16
HCM01,Nhà Bè,38.0,28.43,69.86,9.57,5.98,7.37,12:30:00,2026-01-16
HCM01,Nhà Bè,38.0,27.54,68.018,6.83,6.2,6.78,13:00:00,2026-01-16
HCM01,Nhà Bè,38.0,28.3,66.252,10.92,6.52,6.65,13:30:00,2026-01-16
HCM01,Nhà Bè,38.0,28.14,64.516,8.96,5.38,7.14,14:00:00,2026-01-16
HCM01,Nhà Bè,38.0,28.88,62.98,6.7,5.33,7.79,14:30:00,2026-01-16
HCM01,Nhà Bè,38.0,27.79,61.602,8.39,5.66,6.77,15:00:00,2026-01-16
HCM01,Nhà Bè,38.0,27.9,60.301,11.39,5.98,7.36,15:30:00,2026-01-16
HCM01,Nhà Bè,38.0,27.33,59.313,7.22,5.35,7.57,16:00:00,2026-01-16
HCM01,Nhà Bè,38.0,28.63,58.431,9.81,6.15,7.39,16:30:00,2026-01-16
HCM01,Nhà Bè,38.0,28.34,57.897,8.16,5.33,7.13,17:00:00,2026-01-16
HCM01,Nhà Bè,38.0,29.58,57.535,10.34,5.78,8.0,17:30:00,2026-01-16
HCM01,Nhà Bè,38.0,28.41,57.362,9.16,5.33,7.12,18:00:00,2026-01-16
HCM01,Nhà Bè,38.0,27.46,57.473,8.1,5.55,6.62,18:30:00,2026-01-16
HCM01,Nhà Bè,38.0,28.54,57.838,9.89,5.89,7.22,19:00:00,2026-01-16
HCM01,Nhà Bè,38.0,28.69,58.453,10.89,5.47,7.68,19:30:00,2026-01-16
HCM01,Nhà Bè,38.0,28.76,59.311,8.47,5.5,7.2,20:00:00,2026-01-16
HCM01,Nhà Bè,38.0,29.39,60.38,8.65,6.11,6.92,20:30:00,2026-01-16
HCM01,Nhà Bè,38.0,28.99,61.604,6.54,4.35,7.67,21:00:00,2026-01-16
HCM01,Nhà Bè,38.0,27.72,62.956,13.9,7.49,7.21,21:30:00,2026-01-16
HCM01,Nhà Bè,38.0,27.99,64.509,5.07,5.18,7.75,22:00:00,2026-01-16
HCM01,Nhà Bè,38.0,27.44,66.201,10.24,5.42,6.99,22:30:00,2026-01-16
HCM01,Nhà Bè,38.0,27.82,68.015,10.77,6.15,6.92,23:00:00,2026-01-16
HCM01,Nhà Bè,38.0,29.47,69.824,11.9,6.21,6.75,23:30:00,2026-01-16
HCM02,Cát Lái,58.0,28.27,-0.009,6.77,4.03,6.59,00:00:00,2026-01-17
HCM02,Cát Lái,58.0,28.57,0.039,8.61,5.04,7.51,00:30:00,2026-01-17
HCM02,Cát Lái,58.0,29.73,0.065,7.99,5.55,6.94,01:00:00,2026-01-17
HCM02,Cát Lái,58.0,28.54,0.043,6.65,4.61,5.61,01:30:00,2026-01-17
HCM02,Cát Lái,58.0,27.39,-0.012,7.33,4.88,7.41,02:00:00,2026-01-17
HCM02,Cát Lái,58.0,29.2,0.02,6.89,4.21,8.54,02:30:00,2026-01-17
HCM02,Cát Lái,58.0,27.47,0.041,8.85,5.32,7.96,03:00:00,2026-01-17
HCM02,Cát Lái,58.0,28.42,0.114,8.91,5.19,7.48,03:30:00,2026-01-17
HCM02,Cát Lái,58.0,28.08,0.015,7.4,4.88,7.38,04:00:00,2026-01-17
HCM02,Cát Lái,58.0,28.4,0.041,6.55,4.73,6.83,04:30:00,2026-01-17
HCM02,Cát Lái,58.0,28.3,0.019,6.45,4.33,7.92,05:00:00,2026-01-17
HCM02,Cát Lái,58.0,29.27,0.077,7.45,4.97,6.86,05:30:00,2026-01-17
HCM02,Cát Lái,58.0,29.01,0.073,10.06,5.47,7.78,06:00:00,2026-01-17
HCM02,Cát Lái,58.0,28.19,0.061,7.48,4.13,7.27,06:30:00,2026-01-17
HCM02,Cát Lái,58.0,28.44,0.008,8.19,5.95,7.65,07:00:00,2026-01-17
HCM02,Cát Lái,58.0,27.45,0.006,11.56,6.11,6.21,07:30:00,2026-01-17
HCM02,Cát Lái,58.0,28.36,0.093,9.38,5.68,7.02,08:00:00,2026-01-17
HCM02,Cát Lái,58.0,27.25,0.037,5.29,4.84,8.5,08:30:00,2026-01-17
HCM02,Cát Lái,58.0,27.42,0.087,9.81,5.17,8.15,09:00:00,2026-01-17
HCM02,Cát Lái,58.0,28.09,0.066,8.03,4.7,6.78,09:30:00,2026-01-17
HCM02,Cát Lái,58.0,27.32,0.032,8.19,5.2,7.05,10:00:00,2026-01-17
HCM02,Cát Lái,58.0,28.6,0.009,7.33,4.84,7.21,10:30:00,2026-01-17
HCM02,Cát Lái,58.0,27.78,0.051,7.62,4.21,7.05,11:00:00,2026-01-17
HCM02,Cát Lái,58.0,27.03,-0.024,7.34,4.76,7.49,11:30:00,2026-01-17
HCM02,Cát Lái,58.0,28.58,-0.029,7.01,4.03,6.88,12:00:00,2026-01-17
HCM02,Cát Lái,58.0,28.85,-0.007,7.32,4.49,6.7,12:30:00,2026-01-17
HCM02,Cát Lái,58.0,29.5,-0.038,5.52,3.73,7.44,13:00:00,2026-01-17
HCM02,Cát Lái,58.0,27.97,-0.011,8.19,3.97,7.99,13:30:00,2026-01-17
HCM02,Cát Lái,58.0,30.47,-0.057,6.4,4.37,7.25,14:00:00,2026-01-17
HCM02,Cát Lái,58.0,29.1,-0.039,8.39,4.61,7.16,14:30:00,2026-01-17
HCM02,Cát Lái,58.0,27.01,-0.088,5.44,3.85,7.15,15:00:00,2026-01-17
HCM02,Cát Lái,58.0,28.24,-0.05,5.35,3.3,7.64,15:30:00,2026-01-17
HCM02,Cát Lái,58.0,27.26,-0.067,6.02,4.27,7.9,16:00:00,2026-01-17
HCM02,Cát Lái,58.0,28.89,-0.019,5.7,3.79,6.5,16:30:00,2026-01-17
HCM02,Cát Lái,58.0,29.4,-0.048,6.22,3.89,7.14,17:00:00,2026-01-17
HCM02,Cát Lái,58.0,28.3,-0.035,6.31,3.6,7.2,17:30:00,2026-01-17
HCM02,Cát Lái,58.0,26.91,-0.058,6.35,3.47,6.97,18:00:00,2026-01-17
HCM02,Cát Lái,58.0,28.96,-0.034,8.37,4.79,6.88,18:30:00,2026-01-17
HCM02,Cát Lái,58.0,26.98,-0.068,8.94,3.65,7.81,19:00:00,2026-01-17
HCM02,Cát Lái,58.0,28.3,-0.074,6.39,3.62,6.62,19:30:00,2026-01-17
HCM02,Cát Lái,58.0,26.95,0.006,6.3,4.02,7.64,20:00:00,2026-01-17
HCM02,Cát Lái,58.0,28.91,0.01,6.33,3.5,7.14,20:30:00,2026-01-17
HCM02,Cát Lái,58.0,29.25,0.016,7.77,3.86,6.53,21:00:00,2026-01-17
HCM02,Cát Lái,58.0,28.51,-0.051,5.94,3.84,6.7,21:30:00,2026-01-17
HCM02,Cát Lái,58.0,28.49,-0.037,8.26,4.75,6.42,22:00:00,2026-01-17
HCM02,Cát Lái,58.0,28.06,-0.048,8.64,4.93,6.5,22:30:00,2026-01-17
HCM02,Cát Lái,58.0,29.0,-0.039,5.39,3.7,6.85,23:00:00,2026-01-17
HCM02,Cát Lái,58.0,27.35,0.039,6.39,4.58,6.97,23:30:00,2026-01-17
HCM04,Long Đại,80.0,27.75,-0.061,0.03,0.0,7.01,00:00:00,2026-01-17
HCM04,Long Đại,80.0,27.75,0.032,0.24,0.15,7.33,00:30:00,2026-01-17
HCM04,Long Đại,80.0,27.92,0.007,0.0,0.0,7.39,01:00:00,2026-01-17
HCM04,Long Đại,80.0,28.66,0.076,0.0,0.03,8.16,01:30:00,2026-01-17
HCM04,Long Đại,80.0,28.62,0.055,0.09,0.2,7.89,02:00:00,2026-01-17
HCM04,Long Đại,80.0,27.23,0.038,0.54,0.34,6.65,02:30:00,2026-01-17
HCM04,Long Đại,80.0,27.4,0.022,0.0,0.0,7.34,03:00:00,2026-01-17
HCM04,Long Đại,80.0,28.55,-0.022,0.46,0.28,6.82,03:30:00,2026-01-17
HCM04,Long Đại,80.0,28.75,-0.022,0.03,0.0,7.77,04:00:00,2026-01-17
HCM04,Long Đại,80.0,29.23,0.043,0.0,0.0,8.47,04:30:00,2026-01-17
HCM04,Long Đại,80.0,28.94,0.048,0.41,0.16,7.88,05:00:00,2026-01-17
HCM04,Long Đại,80.0,28.44,0.059,0.25,0.26,8.12,05:30:00,2026-01-17
HCM04,Long Đại,80.0,27.83,0.03,0.27,0.31,7.0,06:00:00,2026-01-17
HCM04,Long Đại,80.0,28.59,0.037,0.2,0.15,7.98,06:30:00,2026-01-17
HCM04,Long Đại,80.0,29.53,0.072,0.05,0.0,7.57,07:00:00,2026-01-17
HCM04,Long Đại,80.0,29.64,-0.005,0.13,0.0,7.96,07:30:00,2026-01-17
HCM04,Long Đại,80.0,28.02,0.071,0.82,0.49,8.16,08:00:00,2026-01-17
HCM04,Long Đại,80.0,29.56,0.024,0.14,0.0,8.1,08:30:00,2026-01-17
HCM04,Long Đại,80.0,29.71,0.052,0.33,0.0,8.2,09:00:00,2026-01-17
HCM04,Long Đại,80.0,29.01,-0.006,0.04,0.0,7.37,09:30:00,2026-01-17
HCM04,Long Đại,80.0,30.16,-0.021,0.29,0.0,7.19,10:00:00,2026-01-17
HCM04,Long Đại,80.0,28.07,-0.026,0.0,0.0,7.09,10:30:00,2026-01-17
HCM04,Long Đại,80.0,28.0,-0.05,0.22,0.07,7.79,11:00:00,2026-01-17
HCM04,Long Đại,80.0,28.26,-0.031,0.47,0.16,7.0,11:30:00,2026-01-17
HCM04,Long Đại,80.0,29.05,0.003,0.09,0.0,7.37,12:00:00,2026-01-17
HCM04,Long Đại,80.0,27.99,0.004,0.0,0.0,7.02,12:30:00,2026-01-17
HCM04,Long Đại,80.0,28.57,-0.045,0.01,0.0,7.24,13:00:00,2026-01-17
HCM04,Long Đại,80.0,27.7,-0.009,0.0,0.0,8.32,13:30:00,2026-01-17
HCM04,Long Đại,80.0,28.74,-0.04,0.16,0.0,7.0,14:00:00,2026-01-17
HCM04,Long Đại,80.0,29.2,-0.017,0.18,0.0,8.15,14:30:00,2026-01-17
HCM04,Long Đại,80.0,27.85,-0.026,0.0,0.0,7.29,15:00:00,2026-01-17
HCM04,Long Đại,80.0,28.5,-0.022,0.0,0.0,7.08,15:30:00,2026-01-17
HCM04,Long Đại,80.0,27.75,-0.03,0.39,0.33,7.07,16:00:00,2026-01-17
HCM04,Long Đại,80.0,28.03,-0.081,0.17,0.0,7.74,16:30:00,2026-01-17
HCM04,Long Đại,80.0,29.2,-0.026,0.0,0.0,7.58,17:00:00,2026-01-17
HCM04,Long Đại,80.0,28.51,-0.044,0.46,0.0,6.56,17:30:00,2026-01-17
HCM04,Long Đại,80.0,30.54,-0.05,0.07,0.0,7.13,18:00:00,2026-01-17
HCM04,Long Đại,80.0,29.63,-0.055,0.12,0.0,8.31,18:30:00,2026-01-17
HCM04,Long Đại,80.0,27.29,-0.111,0.11,0.09,8.21,19:00:00,2026-01-17
HCM04,Long Đại,80.0,27.53,-0.063,0.46,0.18,7.76,19:30:00,2026-01-17
HCM04,Long Đại,80.0,28.18,-0.047,0.02,0.0,7.06,20:00:00,2026-01-17
HCM04,Long Đại,80.0,29.09,-0.061,0.0,0.0,8.38,20:30:00,2026-01-17
HCM04,Long Đại,80.0,28.42,-0.058,0.26,0.15,8.8,21:00:00,2026-01-17
HCM04,Long Đại,80.0,29.44,-0.005,0.25,0.07,7.39,21:30:00,2026-01-17
HCM04,Long Đại,80.0,28.3,-0.01,1.0,0.51,8.72,22:00:00,2026-01-17
HCM04,Long Đại,80.0,29.03,-0.041,0.49,0.29,7.52,22:30:00,2026-01-17
HCM04,Long Đại,80.0,28.67,-0.01,1.18,0.57,7.5,23:00:00,2026-01-17
HCM04,Long Đại,80.0,29.61,0.004,0.0,0.0,7.6,23:30:00,2026-01-17
HCM03,Lý Nhơn,7.0,28.79,-0.041,23.93,15.89,7.0,00:00:00,2026-01-17
HCM03,Lý Nhơn,7.0,28.0,0.048,20.75,17.91,6.61,00:30:00,2026-01-17
HCM03,Lý Nhơn,7.0,29.46,-0.019,25.26,17.57,6.47,01:00:00,2026-01-17
HCM03,Lý Nhơn,7.0,28.17,0.072,24.23,15.29,7.36,01:30:00,2026-01-17
HCM03,Lý Nhơn,7.0,28.32,0.019,24.76,14.55,7.11,02:00:00,2026-01-17
HCM03,Lý Nhơn,7.0,27.79,0.017,33.27,17.71,6.76,02:30:00,2026-01-17
HCM03,Lý Nhơn,7.0,28.94,0.047,21.56,17.97,6.97,03:00:00,2026-01-17
HCM03,Lý Nhơn,7.0,27.86,0.078,33.25,16.2,6.56,03:30:00,2026-01-17
HCM03,Lý Nhơn,7.0,28.08,0.068,23.77,14.98,6.97,04:00:00,2026-01-17
HCM03,Lý Nhơn,7.0,27.97,0.047,24.86,15.25,7.41,04:30:00,2026-01-17
HCM03,Lý Nhơn,7.0,28.76,0.049,46.83,21.53,6.8,05:00:00,2026-01-17
HCM03,Lý Nhơn,7.0,30.33,-0.01,35.64,17.23,6.38,05:30:00,2026-01-17
HCM03,Lý Nhơn,7.0,27.74,0.057,29.34,19.44,6.19,06:00:00,2026-01-17
HCM03,Lý Nhơn,7.0,27.35,0.056,28.12,18.25,6.0,06:30:00,2026-01-17
HCM03,Lý Nhơn,7.0,27.42,0.061,35.3,18.58,6.28,07:00:00,2026-01-17
HCM03,Lý Nhơn,7.0,28.17,0.069,17.86,15.72,6.86,07:30:00,2026-01-17
HCM03,Lý Nhơn,7.0,26.92,0.014,30.16,19.02,6.91,08:00:00,2026-01-17
HCM03,Lý Nhơn,7.0,28.47,0.04,23.97,16.62,6.86,08:30:00,2026-01-17
HCM03,Lý Nhơn,7.0,27.98,-0.02,35.61,19.08,5.69,09:00:00,2026-01-17
HCM03,Lý Nhơn,7.0,28.54,0.017,31.96,18.16,6.89,09:30:00,2026-01-17
HCM03,Lý Nhơn,7.0,27.76,0.036,27.31,18.01,6.26,10:00:00,2026-01-17
HCM03,Lý Nhơn,7.0,27.53,-0.009,30.81,16.69,6.4,10:30:00,2026-01-17
HCM03,Lý Nhơn,7.0,28.5,0.032,27.63,14.3,6.61,11:00:00,2026-01-17
HCM03,Lý Nhơn,7.0,29.94,0.007,27.51,14.35,5.83,11:30:00,2026-01-17
HCM03,Lý Nhơn,7.0,27.72,-0.017,22.86,12.92,6.49,12:00:00,2026-01-17
HCM03,Lý Nhơn,7.0,30.04,-0.021,19.33,13.76,5.97,12:30:00,2026-01-17
HCM03,Lý Nhơn,7.0,28.23,-0.061,23.28,13.41,6.81,13:00:00,2026-01-17
HCM03,Lý Nhơn,7.0,29.14,-0.051,24.44,12.84,6.97,13:30:00,2026-01-17
HCM03,Lý Nhơn,7.0,27.19,-0.005,22.75,12.67,6.78,14:00:00,2026-01-17
HCM03,Lý Nhơn,7.0,27.97,0.012,22.55,14.13,7.43,14:30:00,2026-01-17
HCM03,Lý Nhơn,7.0,30.05,-0.037,22.68,13.54,7.36,15:00:00,2026-01-17
HCM03,Lý Nhơn,7.0,28.99,-0.032,15.83,11.69,7.99,15:30:00,2026-01-17
HCM03,Lý Nhơn,7.0,30.24,-0.026,34.31,17.47,7.06,16:00:00,2026-01-17
HCM03,Lý Nhơn,7.0,29.36,-0.062,20.95,10.93,6.82,16:30:00,2026-01-17
HCM03,Lý Nhơn,7.0,29.02,-0.039,24.82,14.21,6.04,17:00:00,2026-01-17
HCM03,Lý Nhơn,7.0,28.96,-0.069,26.84,14.91,6.55,17:30:00,2026-01-17
HCM03,Lý Nhơn,7.0,27.75,-0.024,27.4,16.64,7.18,18:00:00,2026-01-17
HCM03,Lý Nhơn,7.0,28.44,-0.054,18.26,12.7,6.84,18:30:00,2026-01-17
HCM03,Lý Nhơn,7.0,29.01,-0.056,27.64,12.91,6.79,19:00:00,2026-01-17
HCM03,Lý Nhơn,7.0,27.84,-0.023,17.88,14.09,6.9,19:30:00,2026-01-17
HCM03,Lý Nhơn,7.0,28.32,-0.034,26.71,13.86,6.87,20:00:00,2026-01-17
HCM03,Lý Nhơn,7.0,28.08,-0.047,21.32,15.14,6.96,20:30:00,2026-01-17
HCM03,Lý Nhơn,7.0,29.11,-0.05,21.61,15.23,7.46,21:00:00,2026-01-17
HCM03,Lý Nhơn,7.0,28.23,0.037,21.53,13.63,7.16,21:30:00,2026-01-17
HCM03,Lý Nhơn,7.0,28.63,0.003,18.71,14.6,5.99,22:00:00,2026-01-17
HCM03,Lý Nhơn,7.0,29.18,0.018,33.05,16.92,6.98,22:30:00,2026-01-17
HCM03,Lý Nhơn,7.0,28.24,-0.019,17.76,15.88,7.36,23:00:00,2026-01-17
HCM03,Lý Nhơn,7.0,28.73,-0.022,20.43,15.08,7.21,23:30:00,2026-01-17
HCM01,Nhà Bè,38.0,29.43,71.679,12.09,6.53,7.8,00:00:00,2026-01-17
HCM01,Nhà Bè,38.0,29.4,73.553,8.17,6.15,7.39,00:30:00,2026-01-17
HCM01,Nhà Bè,38.0,29.41,75.351,8.54,4.96,7.71,01:00:00,2026-01-17
HCM01,Nhà Bè,38.0,29.75,77.144,15.22,6.68,6.92,01:30:00,2026-01-17
HCM01,Nhà Bè,38.0,28.44,78.805,12.0,6.55,7.03,02:00:00,2026-01-17
HCM01,Nhà Bè,38.0,27.9,80.398,7.2,7.08,7.05,02:30:00,2026-01-17
HCM01,Nhà Bè,38.0,27.82,81.76,11.62,7.2,7.62,03:00:00,2026-01-17
HCM01,Nhà Bè,38.0,28.32,83.007,11.97,7.46,7.35,03:30:00,2026-01-17
HCM01,Nhà Bè,38.0,29.54,84.033,7.58,7.47,7.14,04:00:00,2026-01-17
HCM01,Nhà Bè,38.0,28.47,84.945,11.05,7.0,5.68,04:30:00,2026-01-17
HCM01,Nhà Bè,38.0,27.01,85.498,7.5,7.95,7.63,05:00:00,2026-01-17
HCM01,Nhà Bè,38.0,28.67,85.902,12.3,7.97,7.29,05:30:00,2026-01-17
HCM01,Nhà Bè,38.0,28.72,85.996,12.21,7.79,6.69,06:00:00,2026-01-17
HCM01,Nhà Bè,38.0,28.01,85.859,13.87,7.54,6.56,06:30:00,2026-01-17
HCM01,Nhà Bè,38.0,28.57,85.472,11.93,7.25,7.62,07:00:00,2026-01-17
HCM01,Nhà Bè,38.0,27.78,84.943,13.92,8.31,8.82,07:30:00,2026-01-17
HCM01,Nhà Bè,38.0,28.68,84.074,10.86,6.94,8.06,08:00:00,2026-01-17
HCM01,Nhà Bè,38.0,28.91,83.062,15.05,7.42,6.77,08:30:00,2026-01-17
HCM01,Nhà Bè,38.0,28.03,81.737,11.48,6.03,8.19,09:00:00,2026-01-17
HCM01,Nhà Bè,38.0,28.75,80.381,8.94,6.81,7.66,09:30:00,2026-01-17
HCM01,Nhà Bè,38.0,27.38,78.841,13.84,8.06,7.09,10:00:00,2026-01-17
HCM01,Nhà Bè,38.0,29.7,77.16,7.15,6.72,7.15,10:30:00,2026-01-17
HCM01,Nhà Bè,38.0,29.17,75.353,6.16,5.03,7.61,11:00:00,2026-01-17
HCM01,Nhà Bè,38.0,28.82,73.549,8.97,6.24,7.2,11:30:00,2026-01-17
HCM01,Nhà Bè,38.0,29.61,71.668,13.29,6.99,7.32,12:00:00,2026-01-17
HCM01,Nhà Bè,38.0,25.26,69.811,11.0,6.43,7.24,12:30:00,2026-01-17
HCM01,Nhà Bè,38.0,28.65,67.938,12.4,6.69,6.59,13:00:00,2026-01-17
HCM01,Nhà Bè,38.0,28.32,66.172,10.25,5.47,7.37,13:30:00,2026-01-17
HCM01,Nhà Bè,38.0,28.9,64.502,7.0,6.02,6.96,14:00:00,2026-01-17
HCM01,Nhà Bè,38.0,28.31,62.944,11.21,6.19,6.99,14:30:00,2026-01-17
HCM01,Nhà Bè,38.0,28.54,61.582,9.35,5.18,7.07,15:00:00,2026-01-17
HCM01,Nhà Bè,38.0,29.02,60.252,11.31,6.12,7.6,15:30:00,2026-01-17
HCM01,Nhà Bè,38.0,27.81,59.275,9.57,5.37,8.02,16:00:00,2026-01-17
HCM01,Nhà Bè,38.0,26.81,58.445,7.26,5.39,7.04,16:30:00,2026-01-17
HCM01,Nhà Bè,38.0,27.31,57.829,9.34,4.66,7.32,17:00:00,2026-01-17
HCM01,Nhà Bè,38.0,28.55,57.431,9.11,5.99,7.51,17:30:00,2026-01-17
HCM01,Nhà Bè,38.0,28.95,57.34,5.19,3.67,6.89,18:00:00,2026-01-17
HCM01,Nhà Bè,38.0,28.17,57.457,7.21,5.06,6.13,18:30:00,2026-01-17
HCM01,Nhà Bè,38.0,26.92,57.84,7.81,4.89,7.47,19:00:00,2026-01-17
HCM01,Nhà Bè,38.0,28.42,58.424,8.71,5.53,7.55,19:30:00,2026-01-17
HCM01,Nhà Bè,38.0,27.69,59.294,11.42,5.66,6.82,20:00:00,2026-01-17
HCM01,Nhà Bè,38.0,29.51,60.267,10.25,6.13,6.99,20:30:00,2026-01-17
HCM01,Nhà Bè,38.0,28.26,61.544,7.45,5.61,7.82,21:00:00,2026-01-17
HCM01,Nhà Bè,38.0,27.66,62.949,12.54,6.07,8.16,21:30:00,2026-01-17
HCM01,Nhà Bè,38.0,28.06,64.48,7.5,4.94,8.58,22:00:00,2026-01-17
HCM01,Nhà Bè,38.0,27.8,66.168,10.88,6.12,7.56,22:30:00,2026-01-17
HCM01,Nhà Bè,38.0,28.23,67.891,10.79,6.87,7.15,23:00:00,2026-01-17
HCM01,Nhà Bè,38.0,27.85,69.803,14.46,7.24,7.66,23:30:00,2026-01-17
HCM02,Cát Lái,58.0,28.39,0.048,9.42,5.34,6.9,00:00:00,2026-01-18
HCM02,Cát Lái,58.0,29.07,0.044,6.06,4.52,6.56,00:30:00,2026-01-18
HCM02,Cát Lái,58.0,27.68,0.043,7.83,4.24,7.72,01:00:00,2026-01-18
HCM02,Cát Lái,58.0,28.92,0.025,8.16,5.39,6.41,01:30:00,2026-01-18
HCM02,Cát Lái,58.0,28.61,0.032,6.31,4.19,7.68,02:00:00,2026-01-18
HCM02,Cát Lái,58.0,27.37,0.059,11.9,5.93,6.9,02:30:00,2026-01-18
HCM02,Cát Lái,58.0,27.65,0.047,8.97,4.94,7.61,03:00:00,2026-01-18
HCM02,Cát Lái,58.0,29.05,-0.002,7.67,5.15,6.89,03:30:00,2026-01-18
HCM02,Cát Lái,58.0,27.65,0.025,7.27,4.55,7.05,04:00:00,2026-01-18
HCM02,Cát Lái,58.0,28.05,0.042,8.34,5.17,6.79,04:30:00,2026-01-18
HCM02,Cát Lái,58.0,27.69,0.041,10.02,5.58,7.56,05:00:00,2026-01-18
HCM02,Cát Lái,58.0,29.55,0.045,9.22,6.31,7.14,05:30:00,2026-01-18
HCM02,Cát Lái,58.0,28.77,0.016,9.15,6.03,7.26,06:00:00,2026-01-18
HCM02,Cát Lái,58.0,28.74,0.115,12.82,5.29,6.4,06:30:00,2026-01-18
HCM02,Cát Lái,58.0,29.29,0.071,9.97,5.51,6.74,07:00:00,2026-01-18
HCM02,Cát Lái,58.0,28.12,0.03,7.59,5.55,7.11,07:30:00,2026-01-18
HCM02,Cát Lái,58.0,28.92,0.028,7.21,5.43,6.99,08:00:00,2026-01-18
HCM02,Cát Lái,58.0,28.67,0.023,9.59,5.18,7.54,08:30:00,2026-01-18
HCM02,Cát Lái,58.0,27.91,0.058,9.01,4.92,7.09,09:00:00,2026-01-18
HCM02,Cát Lái,58.0,28.72,0.011,7.59,5.25,7.31,09:30:00,2026-01-18
HCM02,Cát Lái,58.0,28.19,0.087,9.51,5.96,6.9,10:00:00,2026-01-18
HCM02,Cát Lái,58.0,29.53,-0.008,7.81,4.8,7.84,10:30:00,2026-01-18
HCM02,Cát Lái,58.0,29.51,0.059,8.77,5.39,7.27,11:00:00,2026-01-18
HCM02,Cát Lái,58.0,27.73,-0.014,7.85,4.87,7.59,11:30:00,2026-01-18
HCM02,Cát Lái,58.0,28.35,0.003,9.37,4.77,6.92,12:00:00,2026-01-18
HCM02,Cát Lái,58.0,28.7,-0.028,6.38,4.29,7.85,12:30:00,2026-01-18
HCM02,Cát Lái,58.0,28.48,-0.036,8.18,4.63,7.42,13:00:00,2026-01-18
HCM02,Cát Lái,58.0,28.12,-0.005,6.86,4.52,7.19,13:30:00,2026-01-18
HCM02,Cát Lái,58.0,29.7,-0.067,8.42,5.14,6.92,14:00:00,2026-01-18
HCM02,Cát Lái,58.0,30.54,-0.004,7.16,4.44,7.11,14:30:00,2026-01-18
HCM02,Cát Lái,58.0,27.41,-0.023,6.74,4.35,7.65,15:00:00,2026-01-18
HCM02,Cát Lái,58.0,27.07,-0.055,8.1,4.28,6.2,15:30:00,2026-01-18
HCM02,Cát Lái,58.0,29.43,-0.069,5.68,4.08,7.15,16:00:00,2026-01-18
HCM02,Cát Lái,58.0,28.34,-0.019,6.88,4.37,8.16,16:30:00,2026-01-18
HCM02,Cát Lái,58.0,28.98,-0.035,6.68,3.77,7.02,17:00:00,2026-01-18
HCM02,Cát Lái,58.0,28.13,-0.037,4.97,4.04,7.49,17:30:00,2026-01-18
HCM02,Cát Lái,58.0,28.2,-0.034,4.87,3.75,6.53,18:00:00,2026-01-18
HCM02,Cát Lái,58.0,27.77,-0.058,5.74,4.54,6.97,18:30:00,2026-01-18
HCM02,Cát Lái,58.0,28.33,-0.051,6.77,3.8,8.75,19:00:00,2026-01-18
HCM02,Cát Lái,58.0,29.25,-0.058,5.49,3.83,7.94,19:30:00,2026-01-18
HCM02,Cát Lái,58.0,28.38,-0.058,5.79,4.31,7.6,20:00:00,2026-01-18
HCM02,Cát Lái,58.0,26.6,0.015,6.88,4.03,7.51,20:30:00,2026-01-18
HCM02,Cát Lái,58.0,29.08,-0.034,6.59,4.8,7.41,21:00:00,2026-01-18
HCM02,Cát Lái,58.0,28.99,-0.006,4.7,4.21,6.81,21:30:00,2026-01-18
HCM02,Cát Lái,58.0,29.31,-0.096,9.13,4.43,7.91,22:00:00,2026-01-18
HCM02,Cát Lái,58.0,28.37,0.023,4.24,3.4,7.28,22:30:00,2026-01-18
HCM02,Cát Lái,58.0,27.83,0.023,10.89,5.92,7.44,23:00:00,2026-01-18
HCM02,Cát Lái,58.0,26.78,0.027,7.3,4.56,7.02,23:30:00,2026-01-18
HCM04,Long Đại,80.0,29.08,0.0,0.0,0.0,7.48,00:00:00,2026-01-18
HCM04,Long Đại,80.0,30.22,-0.018,0.09,0.0,8.0,00:30:00,2026-01-18
HCM04,Long Đại,80.0,27.91,0.05,0.12,0.13,7.53,01:00:00,2026-01-18
HCM04,Long Đại,80.0,28.22,0.018,0.0,0.0,7.18,01:30:00,2026-01-18
HCM04,Long Đại,80.0,28.39,-0.038,0.1,0.0,7.61,02:00:00,2026-01-18
HCM04,Long Đại,80.0,28.5,0.004,0.16,0.08,7.05,02:30:00,2026-01-18
HCM04,Long Đại,80.0,28.4,0.038,0.05,0.0,7.85,03:00:00,2026-01-18
HCM04,Long Đại,80.0,27.92,0.094,0.22,0.29,7.53,03:30:00,2026-01-18
HCM04,Long Đại,80.0,27.71,0.08,0.13,0.0,7.3,04:00:00,2026-01-18
HCM04,Long Đại,80.0,27.95,0.036,0.0,0.0,7.52,04:30:00,2026-01-18
HCM04,Long Đại,80.0,29.03,0.056,0.0,0.0,8.07,05:00:00,2026-01-18
HCM04,Long Đại,80.0,29.78,-0.017,0.0,0.0,7.78,05:30:00,2026-01-18
HCM04,Long Đại,80.0,29.23,0.077,0.0,0.0,6.84,06:00:00,2026-01-18
HCM04,Long Đại,80.0,28.57,0.048,0.12,0.0,7.93,06:30:00,2026-01-18
HCM04,Long Đại,80.0,28.78,0.006,0.14,0.0,7.93,07:00:00,2026-01-18
HCM04,Long Đại,80.0,27.76,0.016,0.0,0.0,7.91,07:30:00,2026-01-18
HCM04,Long Đại,80.0,28.44,0.067,0.07,0.0,7.6,08:00:00,2026-01-18
HCM04,Long Đại,80.0,27.48,0.007,0.0,0.0,7.9,08:30:00,2026-01-18
HCM04,Long Đại,80.0,28.52,0.029,0.63,0.41,8.3,09:00:00,2026-01-18
HCM04,Long Đại,80.0,27.97,0.071,0.31,0.16,7.5,09:30:00,2026-01-18
HCM04,Long Đại,80.0,28.41,-0.02,0.24,0.17,8.07,10:00:00,2026-01-18
HCM04,Long Đại,80.0,27.88,0.039,0.89,0.51,7.06,10:30:00,2026-01-18
HCM04,Long Đại,80.0,28.51,0.0,0.14,0.01,7.6,11:00:00,2026-01-18
HCM04,Long Đại,80.0,28.61,0.006,0.0,0.0,7.56,11:30:00,2026-01-18
HCM04,Long Đại,80.0,29.29,-0.027,0.4,0.31,8.26,12:00:00,2026-01-18
HCM04,Long Đại,80.0,29.53,0.029,0.22,0.11,8.31,12:30:00,2026-01-18
HCM04,Long Đại,80.0,29.63,0.029,0.01,0.0,8.58,13:00:00,2026-01-18
HCM04,Long Đại,80.0,29.08,-0.032,0.29,0.03,8.23,13:30:00,2026-01-18
HCM04,Long Đại,80.0,28.6,-0.001,0.02,0.07,6.65,14:00:00,2026-01-18
HCM04,Long Đại,80.0,28.63,-0.069,0.0,0.0,7.61,14:30:00,2026-01-18
HCM04,Long Đại,80.0,29.28,-0.018,0.04,0.0,7.68,15:00:00,2026-01-18
HCM04,Long Đại,80.0,27.41,-0.041,0.0,0.0,7.66,15:30:00,2026-01-18
HCM04,Long Đại,80.0,27.77,-0.048,0.52,0.1,7.39,16:00:00,2026-01-18
HCM04,Long Đại,80.0,29.04,-0.064,0.08,0.02,7.03,16:30:00,2026-01-18
HCM04,Long Đại,80.0,28.85,-0.076,0.03,0.0,8.91,17:00:00,2026-01-18
HCM04,Long Đại,80.0,27.25,-0.082,0.26,0.18,7.14,17:30:00,2026-01-18
HCM04,Long Đại,80.0,29.08,0.012,0.0,0.0,8.56,18:00:00,2026-01-18
HCM04,Long Đại,80.0,29.44,-0.075,0.0,0.0,8.21,18:30:00,2026-01-18
HCM04,Long Đại,80.0,28.34,-0.045,0.0,0.0,7.76,19:00:00,2026-01-18
HCM04,Long Đại,80.0,28.9,-0.04,0.71,0.26,7.14,19:30:00,2026-01-18
HCM04,Long Đại,80.0,27.38,-0.011,0.23,0.05,7.66,20:00:00,2026-01-18
HCM04,Long Đại,80.0,29.17,-0.017,0.43,0.23,7.08,20:30:00,2026-01-18
HCM04,Long Đại,80.0,27.74,-0.042,0.0,0.0,6.98,21:00:00,2026-01-18
HCM04,Long Đại,80.0,27.13,-0.029,0.18,0.06,7.41,21:30:00,2026-01-18
HCM04,Long Đại,80.0,29.33,-0.084,0.06,0.05,7.36,22:00:00,2026-01-18
HCM04,Long Đại,80.0,28.35,0.004,0.69,0.6,7.04,22:30:00,2026-01-18
HCM04,Long Đại,80.0,27.65,-0.041,0.41,0.22,7.21,23:00:00,2026-01-18
HCM04,Long Đại,80.0,28.4,0.002,0.0,0.0,7.89,23:30:00,2026-01-18
HCM03,Lý Nhơn,7.0,27.79,0.003,30.47,18.17,7.45,00:00:00,2026-01-18
HCM03,Lý Nhơn,7.0,29.03,-0.053,31.14,20.2,6.03,00:30:00,2026-01-18
HCM03,Lý Nhơn,7.0,28.18,0.033,26.14,14.95,7.11,01:00:00,2026-01-18
HCM03,Lý Nhơn,7.0,28.6,0.004,26.68,15.97,7.08,01:30:00,2026-01-18
HCM03,Lý Nhơn,7.0,29.19,0.024,26.13,19.98,7.59,02:00:00,2026-01-18
HCM03,Lý Nhơn,7.0,30.15,0.056,27.82,19.57,6.53,02:30:00,2026-01-18
HCM03,Lý Nhơn,7.0,27.9,-0.002,35.33,21.24,6.5,03:00:00,2026-01-18
HCM03,Lý Nhơn,7.0,29.34,0.042,30.98,18.51,5.72,03:30:00,2026-01-18
HCM03,Lý Nhơn,7.0,27.45,0.01,24.82,21.35,6.49,04:00:00,2026-01-18
HCM03,Lý Nhơn,7.0,28.35,0.075,31.71,19.02,6.74,04:30:00,2026-01-18
HCM03,Lý Nhơn,7.0,29.0,0.068,38.39,19.64,6.92,05:00:00,2026-01-18
HCM03,Lý Nhơn,7.0,27.93,0.025,32.47,21.98,7.28,05:30:00,2026-01-18
HCM03,Lý Nhơn,7.0,29.39,0.039,26.37,17.45,7.02,06:00:00,2026-01-18
HCM03,Lý Nhơn,7.0,27.31,0.066,27.71,16.57,6.36,06:30:00,2026-01-18
HCM03,Lý Nhơn,7.0,27.82,0.102,45.71,20.61,6.85,07:00:00,2026-01-18
HCM03,Lý Nhơn,7.0,29.14,0.015,33.06,20.53,7.24,07:30:00,2026-01-18
HCM03,Lý Nhơn,7.0,28.39,0.059,34.93,17.18,6.3,08:00:00,2026-01-18
HCM03,Lý Nhơn,7.0,26.6,0.013,29.7,20.7,6.16,08:30:00,2026-01-18
HCM03,Lý Nhơn,7.0,27.6,0.026,22.7,20.76,6.37,09:00:00,2026-01-18
HCM03,Lý Nhơn,7.0,29.51,-0.025,32.46,17.87,7.38,09:30:00,2026-01-18
HCM03,Lý Nhơn,7.0,29.61,0.03,35.71,21.02,6.1,10:00:00,2026-01-18
HCM03,Lý Nhơn,7.0,28.72,0.025,26.85,16.49,6.71,10:30:00,2026-01-18
HCM03,Lý Nhơn,7.0,28.43,0.033,29.64,16.78,7.13,11:00:00,2026-01-18
HCM03,Lý Nhơn,7.0,27.91,-0.019,21.89,14.64,6.98,11:30:00,2026-01-18
HCM03,Lý Nhơn,7.0,29.11,-0.009,27.08,15.46,6.15,12:00:00,2026-01-18
HCM03,Lý Nhơn,7.0,29.01,-0.032,21.95,17.74,6.84,12:30:00,2026-01-18
HCM03,Lý Nhơn,7.0,27.93,-0.015,36.36,17.49,6.54,13:00:00,2026-01-18
HCM03,Lý Nhơn,7.0,28.89,0.004,25.28,14.45,6.53,13:30:00,2026-01-18
HCM03,Lý Nhơn,7.0,27.12,-0.043,29.32,17.72,7.41,14:00:00,2026-01-18
HCM03,Lý Nhơn,7.0,27.57,-0.093,28.58,16.78,6.33,14:30:00,2026-01-18
HCM03,Lý Nhơn,7.0,29.05,-0.019,29.02,15.93,6.33,15:00:00,2026-01-18
HCM03,Lý Nhơn,7.0,29.27,-0.053,38.85,17.33,7.09,15:30:00,2026-01-18
HCM03,Lý Nhơn,7.0,28.84,-0.03,24.16,15.96,6.88,16:00:00,2026-01-18
HCM03,Lý Nhơn,7.0,28.82,-0.042,21.7,13.01,6.57,16:30:00,2026-01-18
HCM03,Lý Nhơn,7.0,28.92,0.02,25.35,15.36,7.3,17:00:00,2026-01-18
HCM03,Lý Nhơn,7.0,28.88,-0.083,18.81,14.56,7.45,17:30:00,2026-01-18
HCM03,Lý Nhơn,7.0,29.57,-0.02,29.54,15.91,6.73,18:00:00,2026-01-18
HCM03,Lý Nhơn,7.0,28.69,-0.042,21.05,15.63,7.44,18:30:00,2026-01-18
HCM03,Lý Nhơn,7.0,28.87,-0.084,20.07,14.65,8.03,19:00:00,2026-01-18
HCM03,Lý Nhơn,7.0,27.47,-0.035,26.19,14.43,6.46,19:30:00,2026-01-18
HCM03,Lý Nhơn,7.0,29.11,-0.017,36.7,17.62,6.4,20:00:00,2026-01-18
HCM03,Lý Nhơn,7.0,29.27,-0.078,20.38,13.42,6.38,20:30:00,2026-01-18
HCM03,Lý Nhơn,7.0,29.14,-0.013,28.22,16.65,5.94,21:00:00,2026-01-18
HCM03,Lý Nhơn,7.0,27.52,-0.041,23.2,15.53,7.49,21:30:00,2026-01-18
HCM03,Lý Nhơn,7.0,27.79,-0.025,22.59,14.25,7.32,22:00:00,2026-01-18
HCM03,Lý Nhơn,7.0,28.38,-0.029,28.3,15.15,7.7,22:30:00,2026-01-18
HCM03,Lý Nhơn,7.0,28.98,-0.009,21.03,16.57,7.35,23:00:00,2026-01-18
HCM03,Lý Nhơn,7.0,29.24,0.015,22.82,15.31,6.52,23:30:00,2026-01-18
HCM01,Nhà Bè,38.0,28.37,71.664,9.8,6.48,6.58,00:00:00,2026-01-18
HCM01,Nhà Bè,38.0,27.83,73.492,10.11,6.88,7.55,00:30:00,2026-01-18
HCM01,Nhà Bè,38.0,28.51,75.307,10.14,6.62,7.8,01:00:00,2026-01-18
HCM01,Nhà Bè,38.0,29.51,77.072,8.96,6.5,6.87,01:30:00,2026-01-18
HCM01,Nhà Bè,38.0,27.83,78.768,8.53,6.58,6.98,02:00:00,2026-01-18
HCM01,Nhà Bè,38.0,28.94,80.305,9.59,7.04,7.07,02:30:00,2026-01-18
HCM01,Nhà Bè,38.0,28.49,81.727,7.57,6.25,7.28,03:00:00,2026-01-18
HCM01,Nhà Bè,38.0,29.61,82.963,15.54,7.68,7.23,03:30:00,2026-01-18
HCM01,Nhà Bè,38.0,28.68,84.029,12.83,7.28,7.26,04:00:00,2026-01-18
HCM01,Nhà Bè,38.0,28.64,84.833,12.61,8.17,6.2,04:30:00,2026-01-18
HCM01,Nhà Bè,38.0,27.7,85.454,14.05,8.02,7.68,05:00:00,2026-01-18
HCM01,Nhà Bè,38.0,27.77,85.842,11.77,7.01,8.2,05:30:00,2026-01-18
HCM01,Nhà Bè,38.0,28.19,85.887,12.5,7.75,7.13,06:00:00,2026-01-18
HCM01,Nhà Bè,38.0,28.72,85.834,11.27,8.15,7.66,06:30:00,2026-01-18
HCM01,Nhà Bè,38.0,28.76,85.554,10.51,7.67,6.67,07:00:00,2026-01-18
HCM01,Nhà Bè,38.0,28.7,84.893,13.94,7.37,7.82,07:30:00,2026-01-18
HCM01,Nhà Bè,38.0,29.87,84.074,9.3,7.64,6.92,08:00:00,2026-01-18
HCM01,Nhà Bè,38.0,27.81,83.021,11.8,7.0,7.07,08:30:00,2026-01-18
HCM01,Nhà Bè,38.0,28.09,81.734,12.81,7.04,6.13,09:00:00,2026-01-18
HCM01,Nhà Bè,38.0,27.66,80.373,9.83,7.68,7.29,09:30:00,2026-01-18
HCM01,Nhà Bè,38.0,28.48,78.804,12.4,6.56,7.6,10:00:00,2026-01-18
HCM01,Nhà Bè,38.0,28.18,77.096,10.11,6.43,5.81,10:30:00,2026-01-18
HCM01,Nhà Bè,38.0,28.43,75.355,10.52,7.28,7.88,11:00:00,2026-01-18
HCM01,Nhà Bè,38.0,29.38,73.55,9.93,6.43,6.79,11:30:00,2026-01-18
HCM01,Nhà Bè,38.0,27.98,71.66,9.22,6.36,7.53,12:00:00,2026-01-18
HCM01,Nhà Bè,38.0,27.65,69.759,9.16,5.94,6.76,12:30:00,2026-01-18
HCM01,Nhà Bè,38.0,27.98,67.931,10.89,5.47,7.6,13:00:00,2026-01-18
HCM01,Nhà Bè,38.0,29.0,66.14,9.59,7.13,7.16,13:30:00,2026-01-18
HCM01,Nhà Bè,38.0,29.2,64.473,9.41,5.6,6.39,14:00:00,2026-01-18
HCM01,Nhà Bè,38.0,28.2,62.889,9.48,5.68,7.32,14:30:00,2026-01-18
HCM01,Nhà Bè,38.0,29.52,61.497,7.45,5.14,7.61,15:00:00,2026-01-18
HCM01,Nhà Bè,38.0,29.32,60.339,9.38,5.89,8.19,15:30:00,2026-01-18
HCM01,Nhà Bè,38.0,27.51,59.261,7.74,5.04,7.33,16:00:00,2026-01-18
HCM01,Nhà Bè,38.0,29.34,58.394,9.16,5.69,7.81,16:30:00,2026-01-18
HCM01,Nhà Bè,38.0,27.4,57.782,8.53,5.95,7.34,17:00:00,2026-01-18
HCM01,Nhà Bè,38.0,28.16,57.403,8.26,5.34,6.97,17:30:00,2026-01-18
HCM01,Nhà Bè,38.0,28.02,57.272,11.4,5.37,6.71,18:00:00,2026-01-18
HCM01,Nhà Bè,38.0,28.94,57.469,8.14,4.82,6.79,18:30:00,2026-01-18
HCM01,Nhà Bè,38.0,27.77,57.753,7.13,5.4,7.84,19:00:00,2026-01-18
HCM01,Nhà Bè,38.0,26.37,58.399,9.18,5.45,7.2,19:30:00,2026-01-18
HCM01,Nhà Bè,38.0,28.33,59.241,8.78,5.39,7.24,20:00:00,2026-01-18
HCM01,Nhà Bè,38.0,29.32,60.192,10.09,6.3,6.86,20:30:00,2026-01-18
HCM01,Nhà Bè,38.0,28.88,61.531,8.27,6.3,8.4,21:00:00,2026-01-18
HCM01,Nhà Bè,38.0,27.04,62.902,6.72,6.01,7.38,21:30:00,2026-01-18
HCM01,Nhà Bè,38.0,29.05,64.448,8.7,6.17,8.35,22:00:00,2026-01-18
HCM01,Nhà Bè,38.0,28.25,66.199,11.27,6.58,8.03,22:30:00,2026-01-18
HCM01,Nhà Bè,38.0,29.23,67.94,8.72,6.1,7.62,23:00:00,2026-01-18
HCM01,Nhà Bè,38.0,28.49,69.736,10.39,6.24,6.19,23:30:00,2026-01-18
HCM02,Cát Lái,58.0,29.38,0.033,10.02,5.31,7.66,00:00:00,2026-01-19
HCM02,Cát Lái,58.0,28.49,-0.022,7.02,5.5,7.42,00:30:00,2026-01-19
HCM02,Cát Lái,58.0,29.77,0.015,6.05,4.28,6.8,01:00:00,2026-01-19
HCM02,Cát Lái,58.0,30.0,0.048,7.21,4.56,7.11,01:30:00,2026-01-19
HCM02,Cát Lái,58.0,28.33,0.081,6.33,5.48,7.44,02:00:00,2026-01-19
HCM02,Cát Lái,58.0,28.45,0.049,5.61,4.41,7.01,02:30:00,2026-01-19
HCM02,Cát Lái,58.0,28.14,0.059,8.79,5.14,7.23,03:00:00,2026-01-19
HCM02,Cát Lái,58.0,28.96,0.012,10.74,6.42,7.1,03:30:00,2026-01-19
HCM02,Cát Lái,58.0,28.19,0.051,7.3,4.92,7.42,04:00:00,2026-01-19
HCM02,Cát Lái,58.0,27.7,0.036,10.46,5.53,5.64,04:30:00,2026-01-19
HCM02,Cát Lái,58.0,29.08,0.037,11.63,5.97,7.58,05:00:00,2026-01-19
HCM02,Cát Lái,58.0,28.64,0.031,7.47,4.21,7.01,05:30:00,2026-01-19
HCM02,Cát Lái,58.0,27.55,0.042,9.67,5.83,6.99,06:00:00,2026-01-19
HCM02,Cát Lái,58.0,28.93,0.008,6.46,5.02,6.63,06:30:00,2026-01-19
HCM02,Cát Lái,58.0,27.19,0.006,9.46,5.52,7.54,07:00:00,2026-01-19
HCM02,Cát Lái,58.0,29.42,0.038,8.29,5.19,8.5,07:30:00,2026-01-19
HCM02,Cát Lái,58.0,29.28,0.042,9.71,6.0,7.19,08:00:00,2026-01-19
HCM02,Cát Lái,58.0,28.37,0.083,12.85,6.69,7.58,08:30:00,2026-01-19
HCM02,Cát Lái,58.0,28.8,0.029,11.59,5.45,6.95,09:00:00,2026-01-19
HCM02,Cát Lái,58.0,29.07,0.081,6.82,4.38,6.85,09:30:00,2026-01-19
HCM02,Cát Lái,58.0,29.93,0.061,9.03,5.23,7.37,10:00:00,2026-01-19
HCM02,Cát Lái,58.0,29.3,0.018,6.47,4.85,7.58,10:30:00,2026-01-19
HCM02,Cát Lái,58.0,28.48,0.032,9.03,4.62,7.16,11:00:00,2026-01-19
HCM02,Cát Lái,58.0,29.86,-0.004,8.28,5.27,7.35,11:30:00,2026-01-19
HCM02,Cát Lái,58.0,28.93,0.005,8.21,5.98,7.26,12:00:00,2026-01-19
HCM02,Cát Lái,58.0,27.89,-0.056,9.29,5.0,7.82,12:30:00,2026-01-19
HCM02,Cát Lái,58.0,29.36,-0.058,7.81,5.03,6.67,13:00:00,2026-01-19
HCM02,Cát Lái,58.0,29.42,-0.026,7.71,4.81,7.72,13:30:00,2026-01-19
HCM02,Cát Lái,58.0,27.45,-0.033,6.94,4.23,7.2,14:00:00,2026-01-19
HCM02,Cát Lái,58.0,28.25,0.028,5.35,4.16,5.95,14:30:00,2026-01-19
HCM02,Cát Lái,58.0,28.8,-0.027,8.36,5.06,7.84,15:00:00,2026-01-19
HCM02,Cát Lái,58.0,27.57,-0.044,5.83,4.26,7.09,15:30:00,2026-01-19
HCM02,Cát Lái,58.0,29.32,0.03,9.0,4.8,6.29,16:00:00,2026-01-19
HCM02,Cát Lái,58.0,28.3,-0.039,6.97,4.32,7.44,16:30:00,2026-01-19
HCM02,Cát Lái,58.0,29.48,-0.035,6.35,4.42,7.28,17:00:00,2026-01-19
HCM02,Cát Lái,58.0,29.14,-0.035,6.86,3.86,7.71,17:30:00,2026-01-19
HCM02,Cát Lái,58.0,29.28,-0.074,5.08,4.03,7.34,18:00:00,2026-01-19
HCM02,Cát Lái,58.0,29.96,0.002,7.74,4.52,7.39,18:30:00,2026-01-19
HCM02,Cát Lái,58.0,28.22,0.005,5.61,4.57,6.92,19:00:00,2026-01-19
HCM02,Cát Lái,58.0,27.53,-0.094,7.71,3.96,7.11,19:30:00,2026-01-19
HCM02,Cát Lái,58.0,28.98,-0.079,6.44,4.31,7.18,20:00:00,2026-01-19
HCM02,Cát Lái,58.0,28.26,-0.027,5.53,3.84,6.33,20:30:00,2026-01-19
HCM02,Cát Lái,58.0,27.56,-0.009,6.64,4.38,7.69,21:00:00,2026-01-19
HCM02,Cát Lái,58.0,28.82,-0.039,8.29,4.47,7.31,21:30:00,2026-01-19
HCM02,Cát Lái,58.0,28.68,-0.048,5.12,4.31,7.54,22:00:00,2026-01-19
HCM02,Cát Lái,58.0,29.73,-0.005,9.79,5.08,7.7,22:30:00,2026-01-19
HCM02,Cát Lái,58.0,28.6,-0.034,7.36,4.25,7.57,23:00:00,2026-01-19
HCM02,Cát Lái,58.0,29.79,-0.019,7.5,4.24,6.27,23:30:00,2026-01-19
HCM04,Long Đại,80.0,30.71,0.001,0.86,0.61,6.72,00:00:00,2026-01-19
HCM04,Long Đại,80.0,27.79,0.011,0.13,0.0,8.17,00:30:00,2026-01-19
HCM04,Long Đại,80.0,28.46,0.036,0.01,0.0,7.03,01:00:00,2026-01-19
HCM04,Long Đại,80.0,27.51,-0.041,0.25,0.0,7.9,01:30:00,2026-01-19
HCM04,Long Đại,80.0,27.74,0.056,0.0,0.0,7.28,02:00:00,2026-01-19
HCM04,Long Đại,80.0,27.35,0.044,0.89,0.82,7.54,02:30:00,2026-01-19
HCM04,Long Đại,80.0,28.42,0.005,0.0,0.0,8.5,03:00:00,2026-01-19
HCM04,Long Đại,80.0,28.35,0.07,0.12,0.07,6.95,03:30:00,2026-01-19
HCM04,Long Đại,80.0,28.06,-0.023,0.05,0.0,7.57,04:00:00,2026-01-19
HCM04,Long Đại,80.0,29.9,0.009,0.12,0.0,7.27,04:30:00,2026-01-19
HCM04,Long Đại,80.0,29.36,0.041,0.0,0.0,7.46,05:00:00,2026-01-19
HCM04,Long Đại,80.0,28.82,0.108,0.58,0.39,7.22,05:30:00,2026-01-19
HCM04,Long Đại,80.0,29.2,0.033,0.0,0.0,7.01,06:00:00,2026-01-19
HCM04,Long Đại,80.0,28.35,0.017,0.0,0.0,6.82,06:30:00,2026-01-19
HCM04,Long Đại,80.0,29.07,0.093,0.03,0.0,8.0,07:00:00,2026-01-19
HCM04,Long Đại,80.0,28.16,0.053,0.0,0.0,6.03,07:30:00,2026-01-19
HCM04,Long Đại,80.0,28.73,0.008,0.25,0.13,7.41,08:00:00,2026-01-19
HCM04,Long Đại,80.0,30.77,0.068,0.0,0.11,7.21,08:30:00,2026-01-19
HCM04,Long Đại,80.0,28.49,0.015,0.34,0.39,7.09,09:00:00,2026-01-19
HCM04,Long Đại,80.0,26.93,0.026,0.0,0.0,7.95,09:30:00,2026-01-19
HCM04,Long Đại,80.0,29.77,0.057,0.11,0.0,7.53,10:00:00,2026-01-19
HCM04,Long Đại,80.0,27.72,0.055,0.83,0.48,7.32,10:30:00,2026-01-19
HCM04,Long Đại,80.0,27.94,0.027,0.0,0.0,7.18,11:00:00,2026-01-19
HCM04,Long Đại,80.0,28.83,0.007,0.47,0.18,8.1,11:30:00,2026-01-19
HCM04,Long Đại,80.0,29.05,-0.005,0.0,0.0,7.23,12:00:00,2026-01-19
HCM04,Long Đại,80.0,27.89,-0.054,0.31,0.21,7.72,12:30:00,2026-01-19
HCM04,Long Đại,80.0,27.92,-0.019,0.0,0.0,7.79,13:00:00,2026-01-19
HCM04,Long Đại,80.0,27.84,-0.047,0.0,0.0,7.19,13:30:00,2026-01-19
HCM04,Long Đại,80.0,28.94,-0.024,0.11,0.0,7.63,14:00:00,2026-01-19
HCM04,Long Đại,80.0,28.42,0.02,0.12,0.04,8.61,14:30:00,2026-01-19
HCM04,Long Đại,80.0,28.63,-0.046,0.01,0.0,8.28,15:00:00,2026-01-19
HCM04,Long Đại,80.0,28.17,-0.04,0.26,0.27,8.03,15:30:00,2026-01-19
HCM04,Long Đại,80.0,28.86,0.009,0.19,0.03,7.06,16:00:00,2026-01-19
HCM04,Long Đại,80.0,28.24,-0.049,0.06,0.14,7.21,16:30:00,2026-01-19
HCM04,Long Đại,80.0,28.43,-0.071,0.3,0.34,7.06,17:00:00,2026-01-19
HCM04,Long Đại,80.0,27.61,-0.083,0.0,0.0,7.38,17:30:00,2026-01-19
HCM04,Long Đại,80.0,28.87,-0.038,0.0,0.0,7.1,18:00:00,2026-01-19
HCM04,Long Đại,80.0,31.4,-0.059,0.31,0.0,7.23,18:30:00,2026-01-19
HCM04,Long Đại,80.0,27.62,-0.015,0.07,0.0,7.34,19:00:00,2026-01-19
HCM04,Long Đại,80.0,28.38,-0.013,0.31,0.0,7.57,19:30:00,2026-01-19
HCM04,Long Đại,80.0,30.09,-0.003,0.0,0.0,7.91,20:00:00,2026-01-19
HCM04,Long Đại,80.0,28.78,-0.037,0.0,0.0,6.69,20:30:00,2026-01-19
HCM04,Long Đại,80.0,28.11,-0.085,0.0,0.0,6.9,21:00:00,2026-01-19
HCM04,Long Đại,80.0,29.18,-0.052,0.0,0.0,7.53,21:30:00,2026-01-19
HCM04,Long Đại,80.0,27.85,-0.072,0.16,0.3,8.31,22:00:00,2026-01-19
HCM04,Long Đại,80.0,28.06,0.01,0.23,0.11,7.32,22:30:00,2026-01-19
HCM04,Long Đại,80.0,27.93,-0.069,0.23,0.0,8.12,23:00:00,2026-01-19
HCM04,Long Đại,80.0,27.78,0.02,0.14,0.0,7.83,23:30:00,2026-01-19
HCM03,Lý Nhơn,7.0,29.08,0.071,24.54,17.53,5.84,00:00:00,2026-01-19
HCM03,Lý Nhơn,7.0,27.21,-0.003,32.26,15.87,6.87,00:30:00,2026-01-19
HCM03,Lý Nhơn,7.0,28.89,0.072,23.84,16.95,7.36,01:00:00,2026-01-19
HCM03,Lý Nhơn,7.0,29.64,0.048,29.18,20.23,6.29,01:30:00,2026-01-19
HCM03,Lý Nhơn,7.0,28.64,0.014,36.14,20.3,6.38,02:00:00,2026-01-19
HCM03,Lý Nhơn,7.0,30.37,0.073,31.84,16.4,6.66,02:30:00,2026-01-19
HCM03,Lý Nhơn,7.0,29.06,0.045,30.42,18.0,6.6,03:00:00,2026-01-19
HCM03,Lý Nhơn,7.0,28.05,0.044,30.73,19.56,6.74,03:30:00,2026-01-19
HCM03,Lý Nhơn,7.0,27.95,0.072,28.49,18.78,6.88,04:00:00,2026-01-19
HCM03,Lý Nhơn,7.0,28.21,0.013,37.32,20.06,6.69,04:30:00,2026-01-19
HCM03,Lý Nhơn,7.0,28.97,0.098,40.92,21.94,6.34,05:00:00,2026-01-19
HCM03,Lý Nhơn,7.0,28.88,0.086,31.53,18.22,5.94,05:30:00,2026-01-19
HCM03,Lý Nhơn,7.0,30.26,0.083,24.52,16.68,6.53,06:00:00,2026-01-19
HCM03,Lý Nhơn,7.0,29.61,0.062,26.99,18.5,7.17,06:30:00,2026-01-19
HCM03,Lý Nhơn,7.0,28.61,0.003,34.37,19.22,6.95,07:00:00,2026-01-19
HCM03,Lý Nhơn,7.0,29.61,0.085,32.34,20.2,7.37,07:30:00,2026-01-19
HCM03,Lý Nhơn,7.0,27.48,0.034,38.79,21.78,6.27,08:00:00,2026-01-19
HCM03,Lý Nhơn,7.0,27.87,0.085,40.33,21.51,6.05,08:30:00,2026-01-19
HCM03,Lý Nhơn,7.0,28.96,0.005,37.96,21.41,6.88,09:00:00,2026-01-19
HCM03,Lý Nhơn,7.0,29.07,0.035,30.43,17.33,6.89,09:30:00,2026-01-19
HCM03,Lý Nhơn,7.0,27.66,0.111,32.5,17.35,6.49,10:00:00,2026-01-19
HCM03,Lý Nhơn,7.0,28.83,0.018,38.06,18.59,6.85,10:30:00,2026-01-19
HCM03,Lý Nhơn,7.0,28.97,0.03,22.8,15.37,6.4,11:00:00,2026-01-19
HCM03,Lý Nhơn,7.0,27.97,0.001,26.52,16.99,8.08,11:30:00,2026-01-19
HCM03,Lý Nhơn,7.0,29.08,-0.007,33.03,17.68,6.97,12:00:00,2026-01-19
HCM03,Lý Nhơn,7.0,27.31,0.021,34.65,18.97,6.48,12:30:00,2026-01-19
HCM03,Lý Nhơn,7.0,26.72,0.043,27.12,16.61,7.94,13:00:00,2026-01-19
HCM03,Lý Nhơn,7.0,27.21,-0.002,26.5,15.98,6.45,13:30:00,2026-01-19
HCM03,Lý Nhơn,7.0,28.79,-0.041,17.97,12.47,7.46,14:00:00,2026-01-19
HCM03,Lý Nhơn,7.0,27.45,-0.027,16.89,13.05,6.71,14:30:00,2026-01-19
HCM03,Lý Nhơn,7.0,28.32,-0.064,32.89,16.06,7.41,15:00:00,2026-01-19
HCM03,Lý Nhơn,7.0,30.15,-0.03,23.9,15.19,6.66,15:30:00,2026-01-19
HCM03,Lý Nhơn,7.0,27.74,-0.041,23.0,16.55,6.84,16:00:00,2026-01-19
HCM03,Lý Nhơn,7.0,28.88,-0.031,27.12,14.87,6.68,16:30:00,2026-01-19
HCM03,Lý Nhơn,7.0,28.11,-0.041,19.08,13.29,7.63,17:00:00,2026-01-19
HCM03,Lý Nhơn,7.0,29.3,-0.09,24.36,16.93,6.42,17:30:00,2026-01-19
HCM03,Lý Nhơn,7.0,28.1,-0.035,25.42,14.89,6.7,18:00:00,2026-01-19
HCM03,Lý Nhơn,7.0,28.14,-0.088,17.4,12.24,6.89,18:30:00,2026-01-19
HCM03,Lý Nhơn,7.0,29.57,-0.066,26.81,14.45,6.46,19:00:00,2026-01-19
HCM03,Lý Nhơn,7.0,27.57,-0.107,26.23,15.16,7.04,19:30:00,2026-01-19
HCM03,Lý Nhơn,7.0,28.1,-0.055,26.05,17.14,7.84,20:00:00,2026-01-19
HCM03,Lý Nhơn,7.0,28.71,-0.086,28.11,15.51,6.55,20:30:00,2026-01-19
HCM03,Lý Nhơn,7.0,29.1,-0.035,29.58,18.64,7.31,21:00:00,2026-01-19
HCM03,Lý Nhơn,7.0,28.54,0.005,21.77,15.86,6.86,21:30:00,2026-01-19
HCM03,Lý Nhơn,7.0,27.96,-0.028,31.48,15.83,6.6,22:00:00,2026-01-19
HCM03,Lý Nhơn,7.0,27.39,0.005,24.46,16.57,5.96,22:30:00,2026-01-19
HCM03,Lý Nhơn,7.0,28.51,0.004,19.7,11.74,6.93,23:00:00,2026-01-19
HCM03,Lý Nhơn,7.0,28.67,-0.024,28.08,17.43,7.24,23:30:00,2026-01-19
HCM01,Nhà Bè,38.0,30.33,71.642,9.62,6.89,8.06,00:00:00,2026-01-19
HCM01,Nhà Bè,38.0,27.04,73.52,10.67,6.4,7.03,00:30:00,2026-01-19
HCM01,Nhà Bè,38.0,28.31,75.334,10.72,6.81,6.83,01:00:00,2026-01-19
HCM01,Nhà Bè,38.0,29.78,77.125,12.89,7.67,7.87,01:30:00,2026-01-19
HCM01,Nhà Bè,38.0,29.95,78.737,15.21,7.62,6.55,02:00:00,2026-01-19
HCM01,Nhà Bè,38.0,30.09,80.386,15.45,8.84,7.28,02:30:00,2026-01-19
HCM01,Nhà Bè,38.0,28.12,81.772,11.87,8.79,6.91,03:00:00,2026-01-19
HCM01,Nhà Bè,38.0,29.42,83.004,11.48,7.98,6.86,03:30:00,2026-01-19
HCM01,Nhà Bè,38.0,28.06,83.992,8.9,7.06,8.14,04:00:00,2026-01-19
HCM01,Nhà Bè,38.0,27.82,84.86,15.87,7.63,6.61,04:30:00,2026-01-19
HCM01,Nhà Bè,38.0,28.62,85.496,10.77,7.86,7.2,05:00:00,2026-01-19
HCM01,Nhà Bè,38.0,28.35,85.866,13.17,8.32,7.26,05:30:00,2026-01-19
HCM01,Nhà Bè,38.0,29.04,85.97,11.2,7.9,6.51,06:00:00,2026-01-19
HCM01,Nhà Bè,38.0,28.3,85.847,13.91,8.15,6.51,06:30:00,2026-01-19
HCM01,Nhà Bè,38.0,28.64,85.498,12.08,7.91,7.53,07:00:00,2026-01-19
HCM01,Nhà Bè,38.0,28.99,84.867,10.78,8.37,7.03,07:30:00,2026-01-19
HCM01,Nhà Bè,38.0,27.95,84.01,12.88,8.64,7.07,08:00:00,2026-01-19
HCM01,Nhà Bè,38.0,29.18,82.97,15.38,7.93,7.42,08:30:00,2026-01-19
HCM01,Nhà Bè,38.0,28.76,81.807,14.95,8.11,7.03,09:00:00,2026-01-19
HCM01,Nhà Bè,38.0,28.74,80.336,11.05,7.3,6.67,09:30:00,2026-01-19
HCM01,Nhà Bè,38.0,29.58,78.794,12.48,8.26,7.29,10:00:00,2026-01-19
HCM01,Nhà Bè,38.0,27.72,77.132,9.12,6.82,7.46,10:30:00,2026-01-19
HCM01,Nhà Bè,38.0,27.48,75.379,11.7,8.0,7.96,11:00:00,2026-01-19
HCM01,Nhà Bè,38.0,27.98,73.438,11.48,7.11,7.17,11:30:00,2026-01-19
HCM01,Nhà Bè,38.0,27.0,71.62,11.37,7.24,7.34,12:00:00,2026-01-19
HCM01,Nhà Bè,38.0,30.11,69.756,11.2,7.32,7.61,12:30:00,2026-01-19
HCM01,Nhà Bè,38.0,28.99,67.854,13.39,8.32,7.06,13:00:00,2026-01-19
HCM01,Nhà Bè,38.0,28.43,66.142,7.9,6.41,6.61,13:30:00,2026-01-19
HCM01,Nhà Bè,38.0,28.23,64.501,11.7,6.61,7.89,14:00:00,2026-01-19
HCM01,Nhà Bè,38.0,27.45,63.01,8.51,6.3,6.78,14:30:00,2026-01-19
HCM01,Nhà Bè,38.0,29.92,61.528,9.61,6.37,6.98,15:00:00,2026-01-19
HCM01,Nhà Bè,38.0,29.72,60.25,11.1,7.18,7.52,15:30:00,2026-01-19
HCM01,Nhà Bè,38.0,29.05,59.25,7.97,5.31,6.05,16:00:00,2026-01-19
HCM01,Nhà Bè,38.0,27.43,58.366,8.68,5.65,7.41,16:30:00,2026-01-19
HCM01,Nhà Bè,38.0,28.48,57.765,12.01,6.41,7.83,17:00:00,2026-01-19
HCM01,Nhà Bè,38.0,29.41,57.381,9.41,6.55,6.75,17:30:00,2026-01-19
HCM01,Nhà Bè,38.0,28.67,57.305,7.89,5.59,7.02,18:00:00,2026-01-19
HCM01,Nhà Bè,38.0,28.24,57.384,10.89,6.64,7.2,18:30:00,2026-01-19
HCM01,Nhà Bè,38.0,28.04,57.774,9.06,6.06,6.88,19:00:00,2026-01-19
HCM01,Nhà Bè,38.0,27.23,58.377,11.7,6.68,7.71,19:30:00,2026-01-19
HCM01,Nhà Bè,38.0,28.05,59.158,10.17,6.49,6.57,20:00:00,2026-01-19
HCM01,Nhà Bè,38.0,28.94,60.254,6.36,6.36,6.26,20:30:00,2026-01-19
HCM01,Nhà Bè,38.0,29.56,61.48,10.48,6.47,7.83,21:00:00,2026-01-19
HCM01,Nhà Bè,38.0,28.77,62.971,8.62,5.48,6.66,21:30:00,2026-01-19
HCM01,Nhà Bè,38.0,29.11,64.469,10.76,6.79,7.54,22:00:00,2026-01-19
HCM01,Nhà Bè,38.0,28.91,66.16,8.87,5.8,7.0,22:30:00,2026-01-19
HCM01,Nhà Bè,38.0,28.69,67.963,12.2,6.58,7.11,23:00:00,2026-01-19
HCM01,Nhà Bè,38.0,29.31,69.734,8.7,6.08,6.89,23:30:00,2026-01-19
HCM02,Cát Lái,58.0,29.57,0.015,9.39,5.22,7.27,00:00:00,2026-01-20
HCM02,Cát Lái,58.0,28.39,0.021,6.89,4.93,7.23,00:30:00,2026-01-20
HCM02,Cát Lái,58.0,29.04,-0.0,9.07,5.11,8.45,01:00:00,2026-01-20
HCM02,Cát Lái,58.0,28.72,0.036,8.66,5.38,7.24,01:30:00,2026-01-20
HCM02,Cát Lái,58.0,28.59,0.008,9.35,5.85,7.55,02:00:00,2026-01-20
HCM02,Cát Lái,58.0,28.4,0.083,7.68,4.76,6.79,02:30:00,2026-01-20
HCM02,Cát Lái,58.0,29.01,0.032,10.01,5.82,6.86,03:00:00,2026-01-20
HCM02,Cát Lái,58.0,28.8,0.043,7.39,4.82,6.57,03:30:00,2026-01-20
HCM02,Cát Lái,58.0,27.77,-0.027,10.19,6.14,7.79,04:00:00,2026-01-20
HCM02,Cát Lái,58.0,28.86,0.034,8.94,5.46,6.73,04:30:00,2026-01-20
HCM02,Cát Lái,58.0,28.34,0.045,8.73,5.64,7.33,05:00:00,2026-01-20
HCM02,Cát Lái,58.0,29.19,0.066,8.46,6.66,7.02,05:30:00,2026-01-20
HCM02,Cát Lái,58.0,26.92,0.017,8.92,6.02,8.06,06:00:00,2026-01-20
HCM02,Cát Lái,58.0,28.16,0.042,9.08,5.59,6.64,06:30:00,2026-01-20
HCM02,Cát Lái,58.0,28.25,0.043,7.12,4.44,8.39,07:00:00,2026-01-20
HCM02,Cát Lái,58.0,28.15,0.039,11.6,6.65,6.99,07:30:00,2026-01-20
HCM02,Cát Lái,58.0,28.09,0.014,8.93,6.21,6.6,08:00:00,2026-01-20
HCM02,Cát Lái,58.0,29.68,0.034,7.6,5.16,7.35,08:30:00,2026-01-20
HCM02,Cát Lái,58.0,28.92,0.039,8.28,5.28,7.55,09:00:00,2026-01-20
HCM02,Cát Lái,58.0,26.02,0.043,5.2,5.71,8.14,09:30:00,2026-01-20
HCM02,Cát Lái,58.0,29.3,0.02,8.03,5.57,6.84,10:00:00,2026-01-20
HCM02,Cát Lái,58.0,27.57,0.039,6.27,4.76,7.83,10:30:00,2026-01-20
HCM02,Cát Lái,58.0,28.44,0.015,8.09,5.76,7.35,11:00:00,2026-01-20
HCM02,Cát Lái,58.0,27.72,-0.025,8.94,5.88,7.1,11:30:00,2026-01-20
HCM02,Cát Lái,58.0,28.37,0.006,7.57,4.44,7.33,12:00:00,2026-01-20
HCM02,Cát Lái,58.0,29.25,0.01,6.34,5.38,7.98,12:30:00,2026-01-20
HCM02,Cát Lái,58.0,28.52,-0.027,7.61,4.35,7.96,13:00:00,2026-01-20
HCM02,Cát Lái,58.0,29.45,-0.094,4.98,4.58,7.95,13:30:00,2026-01-20
HCM02,Cát Lái,58.0,28.8,-0.026,7.72,4.96,7.54,14:00:00,2026-01-20
HCM02,Cát Lái,58.0,27.26,-0.044,8.13,4.73,7.05,14:30:00,2026-01-20
HCM02,Cát Lái,58.0,29.9,-0.042,5.96,4.53,7.19,15:00:00,2026-01-20
HCM02,Cát Lái,58.0,28.84,-0.066,7.51,4.4,7.41,15:30:00,2026-01-20
HCM02,Cát Lái,58.0,29.05,-0.034,6.91,4.31,8.01,16:00:00,2026-01-20
HCM02,Cát Lái,58.0,30.51,-0.092,7.1,3.68,7.11,16:30:00,2026-01-20
HCM02,Cát Lái,58.0,28.6,-0.036,6.37,4.9,8.25,17:00:00,2026-01-20
HCM02,Cát Lái,58.0,27.6,-0.051,8.99,4.49,7.32,17:30:00,2026-01-20
HCM02,Cát Lái,58.0,27.96,-0.027,5.56,3.46,7.16,18:00:00,2026-01-20
HCM02,Cát Lái,58.0,27.48,-0.021,6.99,4.3,7.29,18:30:00,2026-01-20
HCM02,Cát Lái,58.0,29.72,-0.04,7.0,4.08,7.39,19:00:00,2026-01-20
HCM02,Cát Lái,58.0,29.03,-0.008,7.16,4.35,7.15,19:30:00,2026-01-20
HCM02,Cát Lái,58.0,27.51,-0.09,6.03,3.91,7.29,20:00:00,2026-01-20
HCM02,Cát Lái,58.0,28.26,-0.07,9.49,4.79,7.13,20:30:00,2026-01-20
HCM02,Cát Lái,58.0,29.5,-0.001,5.06,4.2,6.99,21:00:00,2026-01-20
HCM02,Cát Lái,58.0,28.99,0.04,5.69,4.34,6.82,21:30:00,2026-01-20
HCM02,Cát Lái,58.0,29.4,-0.015,8.62,5.45,6.97,22:00:00,2026-01-20
HCM02,Cát Lái,58.0,29.3,-0.014,5.24,4.0,7.62,22:30:00,2026-01-20
HCM02,Cát Lái,58.0,28.34,-0.017,6.19,4.9,6.87,23:00:00,2026-01-20
HCM02,Cát Lái,58.0,29.22,-0.034,7.7,5.17,7.13,23:30:00,2026-01-20
HCM04,Long Đại,80.0,29.86,-0.004,0.0,0.0,7.23,00:00:00,2026-01-20
HCM04,Long Đại,80.0,28.9,0.013,0.85,0.68,6.78,00:30:00,2026-01-20
HCM04,Long Đại,80.0,28.02,0.001,0.8,0.44,7.0,01:00:00,2026-01-20
HCM04,Long Đại,80.0,29.63,0.017,0.0,0.0,7.35,01:30:00,2026-01-20
HCM04,Long Đại,80.0,29.54,0.05,0.0,0.0,7.51,02:00:00,2026-01-20
HCM04,Long Đại,80.0,27.85,0.037,0.0,0.0,7.67,02:30:00,2026-01-20
HCM04,Long Đại,80.0,29.8,0.026,0.13,0.0,7.93,03:00:00,2026-01-20
HCM04,Long Đại,80.0,28.14,0.079,0.84,0.41,7.63,03:30:00,2026-01-20
HCM04,Long Đại,80.0,27.63,0.044,0.0,0.0,7.96,04:00:00,2026-01-20
HCM04,Long Đại,80.0,27.94,0.047,1.28,0.71,7.83,04:30:00,2026-01-20
HCM04,Long Đại,80.0,28.91,0.055,0.02,0.0,7.53,05:00:00,2026-01-20
HCM04,Long Đại,80.0,28.95,0.038,0.0,0.0,8.55,05:30:00,2026-01-20
HCM04,Long Đại,80.0,28.58,0.034,0.84,0.49,6.63,06:00:00,2026-01-20
HCM04,Long Đại,80.0,27.62,0.018,0.0,0.0,7.49,06:30:00,2026-01-20
HCM04,Long Đại,80.0,28.04,0.067,0.24,0.1,7.5,07:00:00,2026-01-20
HCM04,Long Đại,80.0,27.38,0.012,0.98,0.55,7.59,07:30:00,2026-01-20
HCM04,Long Đại,80.0,29.23,0.057,0.18,0.08,7.23,08:00:00,2026-01-20
HCM04,Long Đại,80.0,27.63,0.005,0.0,0.0,6.58,08:30:00,2026-01-20
HCM04,Long Đại,80.0,29.18,0.008,0.0,0.0,7.48,09:00:00,2026-01-20
HCM04,Long Đại,80.0,27.76,0.023,0.75,0.38,7.33,09:30:00,2026-01-20
HCM04,Long Đại,80.0,28.84,0.019,0.0,0.0,6.96,10:00:00,2026-01-20
HCM04,Long Đại,80.0,29.62,-0.009,0.68,0.57,7.01,10:30:00,2026-01-20
HCM04,Long Đại,80.0,29.82,0.029,0.0,0.07,6.88,11:00:00,2026-01-20
HCM04,Long Đại,80.0,26.88,-0.067,0.15,0.0,7.29,11:30:00,2026-01-20
HCM04,Long Đại,80.0,26.38,0.019,0.7,0.4,7.78,12:00:00,2026-01-20
HCM04,Long Đại,80.0,29.2,-0.037,0.0,0.1,7.24,12:30:00,2026-01-20
HCM04,Long Đại,80.0,27.98,0.005,0.0,0.0,7.16,13:00:00,2026-01-20
HCM04,Long Đại,80.0,28.48,-0.035,0.95,0.65,6.88,13:30:00,2026-01-20
HCM04,Long Đại,80.0,27.11,-0.011,0.41,0.16,6.73,14:00:00,2026-01-20
HCM04,Long Đại,80.0,31.22,-0.019,0.02,0.0,7.13,14:30:00,2026-01-20
HCM04,Long Đại,80.0,27.93,-0.01,0.0,0.0,7.73,15:00:00,2026-01-20
HCM04,Long Đại,80.0,28.46,0.016,0.61,0.47,6.84,15:30:00,2026-01-20
HCM04,Long Đại,80.0,28.97,-0.139,0.04,0.0,8.12,16:00:00,2026-01-20
HCM04,Long Đại,80.0,29.57,-0.078,0.0,0.0,6.58,16:30:00,2026-01-20
HCM04,Long Đại,80.0,28.25,-0.056,0.04,0.0,7.84,17:00:00,2026-01-20
HCM04,Long Đại,80.0,28.73,-0.046,0.59,0.28,6.75,17:30:00,2026-01-20
HCM04,Long Đại,80.0,28.93,-0.067,0.07,0.0,7.15,18:00:00,2026-01-20
HCM04,Long Đại,80.0,29.13,-0.109,0.0,0.0,7.16,18:30:00,2026-01-20
HCM04,Long Đại,80.0,29.36,0.048,0.26,0.16,8.22,19:00:00,2026-01-20
HCM04,Long Đại,80.0,29.91,-0.064,0.0,0.0,7.34,19:30:00,2026-01-20
HCM04,Long Đại,80.0,28.05,-0.017,0.17,0.0,7.87,20:00:00,2026-01-20
HCM04,Long Đại,80.0,27.4,-0.053,0.42,0.26,7.14,20:30:00,2026-01-20
HCM04,Long Đại,80.0,28.83,0.014,0.15,0.12,8.0,21:00:00,2026-01-20
HCM04,Long Đại,80.0,30.44,-0.063,0.0,0.0,8.14,21:30:00,2026-01-20
HCM04,Long Đại,80.0,29.34,-0.058,0.0,0.05,7.57,22:00:00,2026-01-20
HCM04,Long Đại,80.0,28.01,-0.007,0.06,0.19,7.05,22:30:00,2026-01-20
HCM04,Long Đại,80.0,27.47,-0.043,0.74,0.51,8.25,23:00:00,2026-01-20
HCM04,Long Đại,80.0,28.9,-0.002,0.0,0.0,6.89,23:30:00,2026-01-20
HCM03,Lý Nhơn,7.0,27.29,0.024,28.34,18.99,6.27,00:00:00,2026-01-20
HCM03,Lý Nhơn,7.0,28.96,0.009,29.5,17.55,6.84,00:30:00,2026-01-20
HCM03,Lý Nhơn,7.0,28.09,0.035,27.93,19.68,7.05,01:00:00,2026-01-20
HCM03,Lý Nhơn,7.0,28.02,0.08,45.21,21.2,6.3,01:30:00,2026-01-20
HCM03,Lý Nhơn,7.0,30.01,0.014,46.31,22.9,5.82,02:00:00,2026-01-20
HCM03,Lý Nhơn,7.0,29.55,0.081,24.08,20.41,7.81,02:30:00,2026-01-20
HCM03,Lý Nhơn,7.0,26.99,-0.051,31.93,19.52,6.72,03:00:00,2026-01-20
HCM03,Lý Nhơn,7.0,29.65,0.1,29.2,17.15,6.89,03:30:00,2026-01-20
HCM03,Lý Nhơn,7.0,28.82,-0.017,29.62,20.67,7.21,04:00:00,2026-01-20
HCM03,Lý Nhơn,7.0,28.79,0.051,26.6,18.13,5.71,04:30:00,2026-01-20
HCM03,Lý Nhơn,7.0,27.94,0.065,27.63,19.87,7.08,05:00:00,2026-01-20
HCM03,Lý Nhơn,7.0,28.23,0.065,45.79,21.27,5.63,05:30:00,2026-01-20
HCM03,Lý Nhơn,7.0,27.31,0.077,36.44,19.12,6.25,06:00:00,2026-01-20
HCM03,Lý Nhơn,7.0,29.18,0.057,48.12,22.65,7.2,06:30:00,2026-01-20
HCM03,Lý Nhơn,7.0,28.61,0.044,27.78,18.44,7.11,07:00:00,2026-01-20
HCM03,Lý Nhơn,7.0,28.45,0.039,20.49,19.69,6.27,07:30:00,2026-01-20
HCM03,Lý Nhơn,7.0,28.59,0.013,26.01,18.12,7.53,08:00:00,2026-01-20
HCM03,Lý Nhơn,7.0,28.28,0.099,27.7,17.35,6.65,08:30:00,2026-01-20
HCM03,Lý Nhơn,7.0,27.49,-0.086,22.09,19.64,6.95,09:00:00,2026-01-20
HCM03,Lý Nhơn,7.0,28.19,0.025,27.14,15.65,6.62,09:30:00,2026-01-20
HCM03,Lý Nhơn,7.0,28.29,-0.008,24.59,20.64,5.36,10:00:00,2026-01-20
HCM03,Lý Nhơn,7.0,29.4,0.018,25.68,16.77,6.5,10:30:00,2026-01-20
HCM03,Lý Nhơn,7.0,27.19,0.026,30.91,18.98,7.43,11:00:00,2026-01-20
HCM03,Lý Nhơn,7.0,29.0,0.06,22.48,13.76,6.56,11:30:00,2026-01-20
HCM03,Lý Nhơn,7.0,26.88,-0.018,32.59,18.15,6.85,12:00:00,2026-01-20
HCM03,Lý Nhơn,7.0,28.01,-0.019,27.65,18.99,6.99,12:30:00,2026-01-20
HCM03,Lý Nhơn,7.0,27.45,0.012,33.08,14.27,6.59,13:00:00,2026-01-20
HCM03,Lý Nhơn,7.0,28.99,-0.007,31.08,15.9,6.56,13:30:00,2026-01-20
HCM03,Lý Nhơn,7.0,28.29,-0.048,30.73,16.56,6.16,14:00:00,2026-01-20
HCM03,Lý Nhơn,7.0,28.27,-0.008,24.88,17.16,7.02,14:30:00,2026-01-20
HCM03,Lý Nhơn,7.0,29.61,-0.089,20.8,14.8,7.53,15:00:00,2026-01-20
HCM03,Lý Nhơn,7.0,28.87,-0.034,23.29,14.99,6.61,15:30:00,2026-01-20
HCM03,Lý Nhơn,7.0,28.41,-0.012,23.44,15.51,6.58,16:00:00,2026-01-20
HCM03,Lý Nhơn,7.0,28.41,-0.064,23.21,17.58,6.43,16:30:00,2026-01-20
HCM03,Lý Nhơn,7.0,28.25,-0.061,34.74,17.04,6.92,17:00:00,2026-01-20
HCM03,Lý Nhơn,7.0,27.8,-0.028,31.81,16.31,6.56,17:30:00,2026-01-20
HCM03,Lý Nhơn,7.0,29.2,-0.071,19.13,15.42,6.76,18:00:00,2026-01-20
HCM03,Lý Nhơn,7.0,28.21,-0.09,30.88,17.35,7.25,18:30:00,2026-01-20
HCM03,Lý Nhơn,7.0,28.1,0.032,24.75,15.08,6.4,19:00:00,2026-01-20
HCM03,Lý Nhơn,7.0,29.0,-0.086,24.92,16.65,6.59,19:30:00,2026-01-20
HCM03,Lý Nhơn,7.0,27.84,-0.034,22.44,15.17,7.1,20:00:00,2026-01-20
HCM03,Lý Nhơn,7.0,28.01,0.007,24.53,15.18,7.62,20:30:00,2026-01-20
HCM03,Lý Nhơn,7.0,28.84,-0.022,25.83,15.84,5.76,21:00:00,2026-01-20
HCM03,Lý Nhơn,7.0,28.88,-0.014,25.59,16.44,6.84,21:30:00,2026-01-20
HCM03,Lý Nhơn,7.0,28.18,-0.023,22.7,13.9,7.3,22:00:00,2026-01-20
HCM03,Lý Nhơn,7.0,28.22,-0.018,28.89,18.48,6.17,22:30:00,2026-01-20
HCM03,Lý Nhơn,7.0,29.12,-0.009,29.98,17.32,7.36,23:00:00,2026-01-20
HCM03,Lý Nhơn,7.0,28.1,-0.025,16.05,14.41,7.22,23:30:00,2026-01-20
HCM01,Nhà Bè,38.0,27.3,71.532,13.92,7.4,7.31,00:00:00,2026-01-20
HCM01,Nhà Bè,38.0,28.08,73.353,9.73,8.21,6.53,00:30:00,2026-01-20
HCM01,Nhà Bè,38.0,28.45,75.245,8.99,6.58,6.91,01:00:00,2026-01-20
HCM01,Nhà Bè,38.0,27.82,77.03,10.19,7.38,7.32,01:30:00,2026-01-20
HCM01,Nhà Bè,38.0,29.29,78.655,12.0,7.08,7.19,02:00:00,2026-01-20
HCM01,Nhà Bè,38.0,26.14,80.198,13.94,8.15,7.83,02:30:00,2026-01-20
HCM01,Nhà Bè,38.0,29.37,81.626,11.44,8.62,7.49,03:00:00,2026-01-20
HCM01,Nhà Bè,38.0,28.43,82.88,14.54,8.57,7.07,03:30:00,2026-01-20
HCM01,Nhà Bè,38.0,27.63,83.901,11.65,8.25,7.75,04:00:00,2026-01-20
HCM01,Nhà Bè,38.0,28.81,84.724,12.91,8.11,6.72,04:30:00,2026-01-20
HCM01,Nhà Bè,38.0,30.22,85.324,11.2,7.97,6.96,05:00:00,2026-01-20
HCM01,Nhà Bè,38.0,27.38,85.762,9.88,6.56,6.83,05:30:00,2026-01-20
HCM01,Nhà Bè,38.0,27.65,85.781,13.26,7.82,6.78,06:00:00,2026-01-20
HCM01,Nhà Bè,38.0,27.2,85.667,11.3,8.13,8.06,06:30:00,2026-01-20
HCM01,Nhà Bè,38.0,29.1,85.278,11.71,7.58,7.72,07:00:00,2026-01-20
HCM01,Nhà Bè,38.0,28.56,84.703,12.63,7.52,6.88,07:30:00,2026-01-20
HCM01,Nhà Bè,38.0,29.64,83.91,13.73,8.95,7.03,08:00:00,2026-01-20
HCM01,Nhà Bè,38.0,27.43,82.847,11.35,7.63,6.74,08:30:00,2026-01-20
HCM01,Nhà Bè,38.0,27.65,81.647,9.03,6.94,7.69,09:00:00,2026-01-20
HCM01,Nhà Bè,38.0,28.99,80.252,15.28,7.93,6.87,09:30:00,2026-01-20
HCM01,Nhà Bè,38.0,29.31,78.647,12.67,8.4,7.32,10:00:00,2026-01-20
HCM01,Nhà Bè,38.0,29.36,77.019,11.14,7.76,7.1,10:30:00,2026-01-20
HCM01,Nhà Bè,38.0,28.24,75.171,10.03,6.21,7.79,11:00:00,2026-01-20
HCM01,Nhà Bè,38.0,28.89,73.39,12.01,7.84,8.22,11:30:00,2026-01-20
HCM01,Nhà Bè,38.0,27.05,71.561,8.51,6.93,6.73,12:00:00,2026-01-20
HCM01,Nhà Bè,38.0,28.43,69.649,11.03,7.04,6.61,12:30:00,2026-01-20
HCM01,Nhà Bè,38.0,28.5,67.808,13.78,8.12,7.04,13:00:00,2026-01-20
HCM01,Nhà Bè,38.0,27.1,66.069,9.91,7.64,7.97,13:30:00,2026-01-20
HCM01,Nhà Bè,38.0,28.29,64.401,8.71,6.29,7.01,14:00:00,2026-01-20
HCM01,Nhà Bè,38.0,27.66,62.83,11.28,6.44,7.47,14:30:00,2026-01-20
HCM01,Nhà Bè,38.0,28.87,61.366,10.6,5.98,7.21,15:00:00,2026-01-20
HCM01,Nhà Bè,38.0,26.56,60.154,10.45,5.88,7.01,15:30:00,2026-01-20
HCM01,Nhà Bè,38.0,28.46,59.12,11.0,5.91,6.73,16:00:00,2026-01-20
HCM01,Nhà Bè,38.0,28.82,58.309,11.14,6.23,7.43,16:30:00,2026-01-20
HCM01,Nhà Bè,38.0,28.95,57.701,9.87,5.69,7.04,17:00:00,2026-01-20
HCM01,Nhà Bè,38.0,28.53,57.33,12.04,6.25,7.09,17:30:00,2026-01-20
HCM01,Nhà Bè,38.0,28.79,57.23,10.06,5.69,6.94,18:00:00,2026-01-20
HCM01,Nhà Bè,38.0,29.05,57.374,9.12,6.14,7.11,18:30:00,2026-01-20
HCM01,Nhà Bè,38.0,29.23,57.705,7.94,6.13,7.36,19:00:00,2026-01-20
HCM01,Nhà Bè,38.0,28.59,58.337,9.44,5.76,7.21,19:30:00,2026-01-20
HCM01,Nhà Bè,38.0,29.09,59.149,14.23,6.28,7.08,20:00:00,2026-01-20
HCM01,Nhà Bè,38.0,27.75,60.177,11.52,6.26,7.28,20:30:00,2026-01-20
HCM01,Nhà Bè,38.0,29.09,61.396,10.26,5.62,7.33,21:00:00,2026-01-20
HCM01,Nhà Bè,38.0,28.71,62.849,8.49,6.34,7.19,21:30:00,2026-01-20
HCM01,Nhà Bè,38.0,28.09,64.356,8.94,5.97,7.34,22:00:00,2026-01-20
HCM01,Nhà Bè,38.0,28.68,66.018,10.38,6.76,6.86,22:30:00,2026-01-20
HCM01,Nhà Bè,38.0,29.81,67.83,10.1,6.34,8.0,23:00:00,2026-01-20
HCM01,Nhà Bè,38.0,28.74,69.673,7.1,6.11,7.76,23:30:00,2026-01-20
